Value,AFRICA_2024_DynamicWorld_2024_37PDT_M_R,AFRICA_2024_ESRI_Annual_LULC_2024_37PDT_M_R,AFRICA_2024_GLC_FCS30D_2022_37PDT_M_R,AFRICA_2024_GSW_Yearly_2021_37PDT_M_R,AFRICA_2024_GWL_FCS30D_2022_37PDT_M_R,AFRICA_2024_WorldCover_2021_37PDT_M_R
0,NULL,NULL,NULL,NULL,Non_Wetland,NULL
1,NULL,NULL,NULL,NULL,Non_Wetland,Grassland
2,NULL,NULL,NULL,NULL,Non_Wetland,Cropland
3,NULL,NULL,NULL,NULL,Non_Wetland,Bareland
4,NULL,NULL,NULL,NULL,Non_Wetland,Built-up
5,NULL,NULL,NULL,NULL,Non_Wetland,Water
6,NULL,NULL,NULL,NULL,Non_Wetland,Forest
7,NULL,NULL,NULL,Non_Water,Non_Wetland,NULL
8,NULL,NULL,NULL,Non_Water,Non_Wetland,Cropland
9,NULL,NULL,NULL,Non_Water,Non_Wetland,Wetland
10,NULL,NULL,NULL,Non_Water,Non_Wetland,Bareland
11,NULL,NULL,NULL,Non_Water,Non_Wetland,Water
12,NULL,NULL,NULL,Water,Non_Wetland,NULL
13,NULL,NULL,NULL,Water,Non_Wetland,Grassland
14,NULL,NULL,NULL,Water,Non_Wetland,Cropland
15,NULL,NULL,Shrubland,NULL,Non_Wetland,NULL
16,NULL,NULL,Shrubland,NULL,Non_Wetland,Grassland
17,NULL,NULL,Shrubland,NULL,Non_Wetland,Cropland
18,NULL,NULL,Shrubland,NULL,Non_Wetland,Bareland
19,NULL,NULL,Shrubland,NULL,Non_Wetland,Built-up
20,NULL,NULL,Shrubland,NULL,Non_Wetland,Water
21,NULL,NULL,Shrubland,NULL,Non_Wetland,Forest
22,NULL,NULL,Shrubland,Non_Water,Non_Wetland,NULL
23,NULL,NULL,Shrubland,Non_Water,Non_Wetland,Grassland
24,NULL,NULL,Shrubland,Non_Water,Non_Wetland,Cropland
25,NULL,NULL,Shrubland,Water,Non_Wetland,NULL
26,NULL,NULL,Shrubland,Water,Non_Wetland,Grassland
27,NULL,NULL,Shrubland,Water,Non_Wetland,Cropland
28,NULL,NULL,Grassland,NULL,Non_Wetland,NULL
29,NULL,NULL,Grassland,NULL,Non_Wetland,Grassland
30,NULL,NULL,Grassland,NULL,Non_Wetland,Cropland
31,NULL,NULL,Grassland,NULL,Non_Wetland,Bareland
32,NULL,NULL,Grassland,NULL,Non_Wetland,Built-up
33,NULL,NULL,Grassland,NULL,Non_Wetland,Water
34,NULL,NULL,Grassland,NULL,Non_Wetland,Forest
35,NULL,NULL,Grassland,Non_Water,Non_Wetland,NULL
36,NULL,NULL,Grassland,Non_Water,Non_Wetland,Grassland
37,NULL,NULL,Grassland,Non_Water,Non_Wetland,Cropland
38,NULL,NULL,Grassland,Non_Water,Non_Wetland,Bareland
39,NULL,NULL,Grassland,Water,Non_Wetland,NULL
40,NULL,NULL,Grassland,Water,Non_Wetland,Grassland
41,NULL,NULL,Grassland,Water,Non_Wetland,Cropland
42,NULL,NULL,Grassland,Water,Non_Wetland,Bareland
43,NULL,NULL,Cropland,NULL,Non_Wetland,NULL
44,NULL,NULL,Cropland,NULL,Non_Wetland,Grassland
45,NULL,NULL,Cropland,NULL,Non_Wetland,Cropland
46,NULL,NULL,Cropland,NULL,Non_Wetland,Bareland
47,NULL,NULL,Cropland,NULL,Non_Wetland,Built-up
48,NULL,NULL,Cropland,NULL,Non_Wetland,Water
49,NULL,NULL,Cropland,NULL,Non_Wetland,Forest
50,NULL,NULL,Cropland,Non_Water,Non_Wetland,NULL
51,NULL,NULL,Cropland,Non_Water,Non_Wetland,Grassland
52,NULL,NULL,Cropland,Non_Water,Non_Wetland,Cropland
53,NULL,NULL,Cropland,Water,Non_Wetland,NULL
54,NULL,NULL,Cropland,Water,Non_Wetland,Grassland
55,NULL,NULL,Cropland,Water,Non_Wetland,Cropland
56,NULL,NULL,Cropland,Water,Non_Wetland,Bareland
57,NULL,NULL,Cropland,Water,Non_Wetland,Water
58,NULL,NULL,Wetland,NULL,Wetland,Cropland
59,NULL,NULL,Wetland,Non_Water,Wetland,Cropland
60,NULL,NULL,Wetland,Water,Wetland,Cropland
61,NULL,NULL,Wetland,Water,Wetland,Water
62,NULL,NULL,Lichens_and_Mosses,NULL,Non_Wetland,NULL
63,NULL,NULL,Lichens_and_Mosses,NULL,Non_Wetland,Grassland
64,NULL,NULL,Lichens_and_Mosses,NULL,Non_Wetland,Cropland
65,NULL,NULL,Lichens_and_Mosses,NULL,Non_Wetland,Bareland
66,NULL,NULL,Lichens_and_Mosses,NULL,Non_Wetland,Built-up
67,NULL,NULL,Bareland,NULL,Non_Wetland,NULL
68,NULL,NULL,Bareland,NULL,Non_Wetland,Grassland
69,NULL,NULL,Bareland,NULL,Non_Wetland,Cropland
70,NULL,NULL,Bareland,NULL,Non_Wetland,Bareland
71,NULL,NULL,Bareland,NULL,Non_Wetland,Built-up
72,NULL,NULL,Bareland,NULL,Non_Wetland,Water
73,NULL,NULL,Bareland,NULL,Non_Wetland,Forest
74,NULL,NULL,Bareland,Non_Water,Non_Wetland,Grassland
75,NULL,NULL,Bareland,Non_Water,Non_Wetland,Cropland
76,NULL,NULL,Bareland,Non_Water,Non_Wetland,Bareland
77,NULL,NULL,Bareland,Water,Non_Wetland,NULL
78,NULL,NULL,Bareland,Water,Non_Wetland,Grassland
79,NULL,NULL,Bareland,Water,Non_Wetland,Cropland
80,NULL,NULL,Built-up,NULL,Non_Wetland,NULL
81,NULL,NULL,Built-up,NULL,Non_Wetland,Grassland
82,NULL,NULL,Built-up,NULL,Non_Wetland,Cropland
83,NULL,NULL,Built-up,NULL,Non_Wetland,Bareland
84,NULL,NULL,Built-up,NULL,Non_Wetland,Built-up
85,NULL,NULL,Built-up,NULL,Non_Wetland,Forest
86,NULL,NULL,Built-up,Non_Water,Non_Wetland,NULL
87,NULL,NULL,Built-up,Non_Water,Non_Wetland,Cropland
88,NULL,NULL,Built-up,Non_Water,Non_Wetland,Forest
89,NULL,NULL,Built-up,Water,Non_Wetland,NULL
90,NULL,NULL,Built-up,Water,Non_Wetland,Grassland
91,NULL,NULL,Built-up,Water,Non_Wetland,Cropland
92,NULL,NULL,Built-up,Water,Non_Wetland,Water
93,NULL,NULL,Water,NULL,Water,NULL
94,NULL,NULL,Water,NULL,Water,Grassland
95,NULL,NULL,Water,NULL,Water,Cropland
96,NULL,NULL,Water,NULL,Water,Bareland
97,NULL,NULL,Water,NULL,Water,Forest
98,NULL,NULL,Water,Non_Water,Water,Cropland
99,NULL,NULL,Water,Water,Water,Cropland
100,NULL,NULL,Water,Water,Water,Water
101,NULL,NULL,Forest,NULL,Non_Wetland,NULL
102,NULL,NULL,Forest,NULL,Non_Wetland,Grassland
103,NULL,NULL,Forest,NULL,Non_Wetland,Cropland
104,NULL,NULL,Forest,NULL,Non_Wetland,Bareland
105,NULL,NULL,Forest,NULL,Non_Wetland,Built-up
106,NULL,NULL,Forest,NULL,Non_Wetland,Forest
107,NULL,NULL,Forest,Non_Water,Non_Wetland,NULL
108,NULL,NULL,Forest,Non_Water,Non_Wetland,Grassland
109,NULL,NULL,Forest,Non_Water,Non_Wetland,Cropland
110,NULL,NULL,Forest,Non_Water,Non_Wetland,Wetland
111,NULL,NULL,Forest,Non_Water,Non_Wetland,Water
112,NULL,NULL,Forest,Non_Water,Non_Wetland,Forest
113,NULL,NULL,Forest,Water,Non_Wetland,NULL
114,NULL,NULL,Forest,Water,Non_Wetland,Grassland
115,NULL,Cropland,NULL,NULL,Non_Wetland,NULL
116,NULL,Cropland,NULL,NULL,Non_Wetland,Grassland
117,NULL,Cropland,NULL,NULL,Non_Wetland,Cropland
118,NULL,Cropland,NULL,NULL,Non_Wetland,Bareland
119,NULL,Cropland,NULL,NULL,Non_Wetland,Built-up
120,NULL,Cropland,NULL,NULL,Non_Wetland,Forest
121,NULL,Cropland,Shrubland,NULL,Non_Wetland,NULL
122,NULL,Cropland,Shrubland,NULL,Non_Wetland,Grassland
123,NULL,Cropland,Shrubland,NULL,Non_Wetland,Cropland
124,NULL,Cropland,Shrubland,NULL,Non_Wetland,Built-up
125,NULL,Cropland,Shrubland,NULL,Non_Wetland,Forest
126,NULL,Cropland,Grassland,NULL,Non_Wetland,NULL
127,NULL,Cropland,Grassland,NULL,Non_Wetland,Grassland
128,NULL,Cropland,Grassland,NULL,Non_Wetland,Cropland
129,NULL,Cropland,Grassland,NULL,Non_Wetland,Bareland
130,NULL,Cropland,Grassland,NULL,Non_Wetland,Built-up
131,NULL,Cropland,Grassland,NULL,Non_Wetland,Water
132,NULL,Cropland,Grassland,NULL,Non_Wetland,Forest
133,NULL,Cropland,Cropland,NULL,Non_Wetland,NULL
134,NULL,Cropland,Cropland,NULL,Non_Wetland,Grassland
135,NULL,Cropland,Cropland,NULL,Non_Wetland,Cropland
136,NULL,Cropland,Cropland,NULL,Non_Wetland,Bareland
137,NULL,Cropland,Cropland,NULL,Non_Wetland,Built-up
138,NULL,Cropland,Cropland,NULL,Non_Wetland,Water
139,NULL,Cropland,Cropland,NULL,Non_Wetland,Forest
140,NULL,Cropland,Bareland,NULL,Non_Wetland,NULL
141,NULL,Cropland,Bareland,NULL,Non_Wetland,Grassland
142,NULL,Cropland,Bareland,NULL,Non_Wetland,Cropland
143,NULL,Cropland,Bareland,NULL,Non_Wetland,Bareland
144,NULL,Cropland,Bareland,NULL,Non_Wetland,Water
145,NULL,Cropland,Built-up,NULL,Non_Wetland,NULL
146,NULL,Cropland,Built-up,NULL,Non_Wetland,Grassland
147,NULL,Cropland,Built-up,NULL,Non_Wetland,Cropland
148,NULL,Cropland,Built-up,NULL,Non_Wetland,Bareland
149,NULL,Cropland,Built-up,NULL,Non_Wetland,Built-up
150,NULL,Cropland,Built-up,Water,Non_Wetland,NULL
151,NULL,Cropland,Forest,NULL,Non_Wetland,NULL
152,NULL,Cropland,Forest,NULL,Non_Wetland,Grassland
153,NULL,Cropland,Forest,NULL,Non_Wetland,Cropland
154,NULL,Cropland,Forest,NULL,Non_Wetland,Forest
155,NULL,Bareland,NULL,NULL,Non_Wetland,Grassland
156,NULL,Bareland,NULL,NULL,Non_Wetland,Cropland
157,NULL,Bareland,Grassland,NULL,Non_Wetland,NULL
158,NULL,Bareland,Grassland,NULL,Non_Wetland,Grassland
159,NULL,Bareland,Grassland,NULL,Non_Wetland,Cropland
160,NULL,Bareland,Grassland,NULL,Non_Wetland,Bareland
161,NULL,Bareland,Cropland,NULL,Non_Wetland,Grassland
162,NULL,Bareland,Cropland,NULL,Non_Wetland,Cropland
163,NULL,Bareland,Bareland,NULL,Non_Wetland,Grassland
164,NULL,Bareland,Bareland,NULL,Non_Wetland,Bareland
165,NULL,Bareland,Forest,NULL,Non_Wetland,Cropland
166,NULL,Built-up,NULL,NULL,Non_Wetland,NULL
167,NULL,Built-up,NULL,NULL,Non_Wetland,Grassland
168,NULL,Built-up,NULL,NULL,Non_Wetland,Cropland
169,NULL,Built-up,NULL,NULL,Non_Wetland,Bareland
170,NULL,Built-up,NULL,NULL,Non_Wetland,Built-up
171,NULL,Built-up,NULL,NULL,Non_Wetland,Forest
172,NULL,Built-up,Shrubland,NULL,Non_Wetland,NULL
173,NULL,Built-up,Shrubland,NULL,Non_Wetland,Grassland
174,NULL,Built-up,Shrubland,NULL,Non_Wetland,Cropland
175,NULL,Built-up,Shrubland,NULL,Non_Wetland,Bareland
176,NULL,Built-up,Shrubland,NULL,Non_Wetland,Built-up
177,NULL,Built-up,Shrubland,NULL,Non_Wetland,Forest
178,NULL,Built-up,Grassland,NULL,Non_Wetland,NULL
179,NULL,Built-up,Grassland,NULL,Non_Wetland,Grassland
180,NULL,Built-up,Grassland,NULL,Non_Wetland,Cropland
181,NULL,Built-up,Grassland,NULL,Non_Wetland,Bareland
182,NULL,Built-up,Grassland,NULL,Non_Wetland,Built-up
183,NULL,Built-up,Grassland,NULL,Non_Wetland,Forest
184,NULL,Built-up,Grassland,Water,Non_Wetland,Bareland
185,NULL,Built-up,Cropland,NULL,Non_Wetland,NULL
186,NULL,Built-up,Cropland,NULL,Non_Wetland,Grassland
187,NULL,Built-up,Cropland,NULL,Non_Wetland,Cropland
188,NULL,Built-up,Cropland,NULL,Non_Wetland,Bareland
189,NULL,Built-up,Cropland,NULL,Non_Wetland,Built-up
190,NULL,Built-up,Cropland,NULL,Non_Wetland,Forest
191,NULL,Built-up,Cropland,Non_Water,Non_Wetland,Cropland
192,NULL,Built-up,Cropland,Water,Non_Wetland,Cropland
193,NULL,Built-up,Cropland,Water,Non_Wetland,Bareland
194,NULL,Built-up,Wetland,NULL,Wetland,Cropland
195,NULL,Built-up,Wetland,NULL,Wetland,Bareland
196,NULL,Built-up,Lichens_and_Mosses,NULL,Non_Wetland,Grassland
197,NULL,Built-up,Lichens_and_Mosses,NULL,Non_Wetland,Cropland
198,NULL,Built-up,Lichens_and_Mosses,NULL,Non_Wetland,Bareland
199,NULL,Built-up,Lichens_and_Mosses,NULL,Non_Wetland,Built-up
200,NULL,Built-up,Bareland,NULL,Non_Wetland,NULL
201,NULL,Built-up,Bareland,NULL,Non_Wetland,Grassland
202,NULL,Built-up,Bareland,NULL,Non_Wetland,Cropland
203,NULL,Built-up,Bareland,NULL,Non_Wetland,Bareland
204,NULL,Built-up,Bareland,NULL,Non_Wetland,Built-up
205,NULL,Built-up,Bareland,NULL,Non_Wetland,Water
206,NULL,Built-up,Bareland,Non_Water,Non_Wetland,NULL
207,NULL,Built-up,Built-up,NULL,Non_Wetland,NULL
208,NULL,Built-up,Built-up,NULL,Non_Wetland,Grassland
209,NULL,Built-up,Built-up,NULL,Non_Wetland,Cropland
210,NULL,Built-up,Built-up,NULL,Non_Wetland,Bareland
211,NULL,Built-up,Built-up,NULL,Non_Wetland,Built-up
212,NULL,Built-up,Built-up,NULL,Non_Wetland,Forest
213,NULL,Built-up,Forest,NULL,Non_Wetland,NULL
214,NULL,Built-up,Forest,NULL,Non_Wetland,Grassland
215,NULL,Built-up,Forest,NULL,Non_Wetland,Cropland
216,NULL,Built-up,Forest,NULL,Non_Wetland,Built-up
217,NULL,Built-up,Forest,NULL,Non_Wetland,Forest
218,NULL,Built-up,Forest,Non_Water,Non_Wetland,Forest
219,NULL,Water,NULL,NULL,Non_Wetland,NULL
220,NULL,Water,NULL,NULL,Non_Wetland,Grassland
221,NULL,Water,NULL,NULL,Non_Wetland,Cropland
222,NULL,Water,NULL,Water,Non_Wetland,Cropland
223,NULL,Water,Shrubland,NULL,Non_Wetland,NULL
224,NULL,Water,Shrubland,NULL,Non_Wetland,Grassland
225,NULL,Water,Shrubland,NULL,Non_Wetland,Cropland
226,NULL,Water,Shrubland,NULL,Non_Wetland,Built-up
227,NULL,Water,Shrubland,NULL,Non_Wetland,Forest
228,NULL,Water,Grassland,NULL,Non_Wetland,NULL
229,NULL,Water,Grassland,NULL,Non_Wetland,Grassland
230,NULL,Water,Grassland,NULL,Non_Wetland,Cropland
231,NULL,Water,Grassland,NULL,Non_Wetland,Bareland
232,NULL,Water,Cropland,NULL,Non_Wetland,NULL
233,NULL,Water,Cropland,NULL,Non_Wetland,Grassland
234,NULL,Water,Cropland,NULL,Non_Wetland,Cropland
235,NULL,Water,Cropland,NULL,Non_Wetland,Bareland
236,NULL,Water,Cropland,NULL,Non_Wetland,Forest
237,NULL,Water,Cropland,Water,Non_Wetland,NULL
238,NULL,Water,Cropland,Water,Non_Wetland,Cropland
239,NULL,Water,Cropland,Water,Non_Wetland,Forest
240,NULL,Water,Bareland,NULL,Non_Wetland,NULL
241,NULL,Water,Bareland,NULL,Non_Wetland,Grassland
242,NULL,Water,Bareland,NULL,Non_Wetland,Bareland
243,NULL,Water,Bareland,Non_Water,Non_Wetland,Bareland
244,NULL,Water,Built-up,NULL,Non_Wetland,NULL
245,NULL,Water,Forest,NULL,Non_Wetland,NULL
246,NULL,Water,Forest,NULL,Non_Wetland,Grassland
247,NULL,Water,Forest,NULL,Non_Wetland,Cropland
248,NULL,Water,Forest,NULL,Non_Wetland,Forest
249,NULL,Forest,NULL,NULL,Non_Wetland,NULL
250,NULL,Forest,NULL,NULL,Non_Wetland,Grassland
251,NULL,Forest,NULL,NULL,Non_Wetland,Cropland
252,NULL,Forest,NULL,NULL,Non_Wetland,Bareland
253,NULL,Forest,NULL,NULL,Non_Wetland,Built-up
254,NULL,Forest,NULL,NULL,Non_Wetland,Forest
255,NULL,Forest,Shrubland,NULL,Non_Wetland,NULL
256,NULL,Forest,Shrubland,NULL,Non_Wetland,Grassland
257,NULL,Forest,Shrubland,NULL,Non_Wetland,Cropland
258,NULL,Forest,Shrubland,NULL,Non_Wetland,Bareland
259,NULL,Forest,Shrubland,NULL,Non_Wetland,Built-up
260,NULL,Forest,Shrubland,NULL,Non_Wetland,Forest
261,NULL,Forest,Grassland,NULL,Non_Wetland,NULL
262,NULL,Forest,Grassland,NULL,Non_Wetland,Grassland
263,NULL,Forest,Grassland,NULL,Non_Wetland,Cropland
264,NULL,Forest,Grassland,NULL,Non_Wetland,Bareland
265,NULL,Forest,Grassland,NULL,Non_Wetland,Built-up
266,NULL,Forest,Grassland,NULL,Non_Wetland,Forest
267,NULL,Forest,Grassland,Water,Non_Wetland,Grassland
268,NULL,Forest,Grassland,Water,Non_Wetland,Cropland
269,NULL,Forest,Cropland,NULL,Non_Wetland,NULL
270,NULL,Forest,Cropland,NULL,Non_Wetland,Grassland
271,NULL,Forest,Cropland,NULL,Non_Wetland,Cropland
272,NULL,Forest,Cropland,NULL,Non_Wetland,Bareland
273,NULL,Forest,Cropland,NULL,Non_Wetland,Built-up
274,NULL,Forest,Cropland,NULL,Non_Wetland,Forest
275,NULL,Forest,Cropland,Water,Non_Wetland,Cropland
276,NULL,Forest,Lichens_and_Mosses,NULL,Non_Wetland,NULL
277,NULL,Forest,Lichens_and_Mosses,NULL,Non_Wetland,Grassland
278,NULL,Forest,Lichens_and_Mosses,NULL,Non_Wetland,Bareland
279,NULL,Forest,Bareland,NULL,Non_Wetland,NULL
280,NULL,Forest,Bareland,NULL,Non_Wetland,Grassland
281,NULL,Forest,Bareland,NULL,Non_Wetland,Cropland
282,NULL,Forest,Bareland,NULL,Non_Wetland,Bareland
283,NULL,Forest,Bareland,NULL,Non_Wetland,Forest
284,NULL,Forest,Built-up,NULL,Non_Wetland,NULL
285,NULL,Forest,Built-up,NULL,Non_Wetland,Grassland
286,NULL,Forest,Built-up,NULL,Non_Wetland,Cropland
287,NULL,Forest,Built-up,NULL,Non_Wetland,Built-up
288,NULL,Forest,Forest,NULL,Non_Wetland,NULL
289,NULL,Forest,Forest,NULL,Non_Wetland,Grassland
290,NULL,Forest,Forest,NULL,Non_Wetland,Cropland
291,NULL,Forest,Forest,NULL,Non_Wetland,Bareland
292,NULL,Forest,Forest,NULL,Non_Wetland,Forest
293,Grassland,NULL,NULL,NULL,Non_Wetland,NULL
294,Grassland,NULL,NULL,NULL,Non_Wetland,Grassland
295,Grassland,NULL,NULL,NULL,Non_Wetland,Cropland
296,Grassland,NULL,NULL,NULL,Non_Wetland,Forest
297,Grassland,NULL,NULL,Non_Water,Non_Wetland,Grassland
298,Grassland,NULL,NULL,Non_Water,Non_Wetland,Cropland
299,Grassland,NULL,NULL,Water,Non_Wetland,Grassland
300,Grassland,NULL,NULL,Water,Non_Wetland,Wetland
301,Grassland,NULL,Shrubland,NULL,Non_Wetland,NULL
302,Grassland,NULL,Shrubland,NULL,Non_Wetland,Grassland
303,Grassland,NULL,Shrubland,NULL,Non_Wetland,Cropland
304,Grassland,NULL,Shrubland,Non_Water,Non_Wetland,Cropland
305,Grassland,NULL,Grassland,NULL,Non_Wetland,NULL
306,Grassland,NULL,Grassland,NULL,Non_Wetland,Grassland
307,Grassland,NULL,Grassland,NULL,Non_Wetland,Cropland
308,Grassland,NULL,Grassland,NULL,Non_Wetland,Built-up
309,Grassland,NULL,Grassland,Non_Water,Non_Wetland,Cropland
310,Grassland,NULL,Grassland,Water,Non_Wetland,Grassland
311,Grassland,NULL,Cropland,NULL,Non_Wetland,NULL
312,Grassland,NULL,Cropland,NULL,Non_Wetland,Grassland
313,Grassland,NULL,Cropland,NULL,Non_Wetland,Cropland
314,Grassland,NULL,Cropland,NULL,Non_Wetland,Forest
315,Grassland,NULL,Cropland,Non_Water,Non_Wetland,NULL
316,Grassland,NULL,Cropland,Non_Water,Non_Wetland,Grassland
317,Grassland,NULL,Cropland,Non_Water,Non_Wetland,Cropland
318,Grassland,NULL,Cropland,Water,Non_Wetland,Grassland
319,Grassland,NULL,Cropland,Water,Non_Wetland,Cropland
320,Grassland,NULL,Cropland,Water,Non_Wetland,Forest
321,Grassland,NULL,Wetland,Non_Water,Wetland,Cropland
322,Grassland,NULL,Wetland,Water,Wetland,NULL
323,Grassland,NULL,Wetland,Water,Wetland,Grassland
324,Grassland,NULL,Wetland,Water,Wetland,Cropland
325,Grassland,NULL,Wetland,Water,Wetland,Water
326,Grassland,NULL,Wetland,Water,Wetland,Forest
327,Grassland,NULL,Bareland,NULL,Non_Wetland,NULL
328,Grassland,NULL,Bareland,NULL,Non_Wetland,Forest
329,Grassland,NULL,Bareland,Non_Water,Non_Wetland,Grassland
330,Grassland,NULL,Bareland,Water,Non_Wetland,Cropland
331,Grassland,NULL,Bareland,Water,Non_Wetland,Wetland
332,Grassland,NULL,Built-up,NULL,Non_Wetland,Grassland
333,Grassland,NULL,Built-up,NULL,Non_Wetland,Cropland
334,Grassland,NULL,Built-up,NULL,Non_Wetland,Forest
335,Grassland,NULL,Water,Non_Water,Water,Cropland
336,Grassland,NULL,Forest,NULL,Non_Wetland,NULL
337,Grassland,NULL,Forest,NULL,Non_Wetland,Grassland
338,Grassland,NULL,Forest,NULL,Non_Wetland,Cropland
339,Grassland,NULL,Forest,NULL,Non_Wetland,Forest
340,Grassland,NULL,Forest,Non_Water,Non_Wetland,NULL
341,Grassland,NULL,Forest,Non_Water,Non_Wetland,Grassland
342,Grassland,NULL,Forest,Non_Water,Non_Wetland,Cropland
343,Grassland,NULL,Forest,Water,Non_Wetland,Grassland
344,Grassland,NULL,Forest,Water,Non_Wetland,Cropland
345,Grassland,Cropland,NULL,NULL,Non_Wetland,Grassland
346,Grassland,Cropland,NULL,NULL,Non_Wetland,Cropland
347,Grassland,Cropland,Shrubland,NULL,Non_Wetland,Grassland
348,Grassland,Cropland,Shrubland,NULL,Non_Wetland,Cropland
349,Grassland,Cropland,Shrubland,Water,Non_Wetland,Cropland
350,Grassland,Cropland,Grassland,NULL,Non_Wetland,Cropland
351,Grassland,Cropland,Cropland,NULL,Non_Wetland,Grassland
352,Grassland,Cropland,Cropland,NULL,Non_Wetland,Cropland
353,Grassland,Cropland,Cropland,NULL,Non_Wetland,Built-up
354,Grassland,Cropland,Cropland,Water,Non_Wetland,Cropland
355,Grassland,Cropland,Wetland,Water,Wetland,Grassland
356,Grassland,Cropland,Wetland,Water,Wetland,Cropland
357,Grassland,Cropland,Bareland,NULL,Non_Wetland,Cropland
358,Grassland,Cropland,Forest,NULL,Non_Wetland,NULL
359,Grassland,Cropland,Forest,NULL,Non_Wetland,Grassland
360,Grassland,Cropland,Forest,NULL,Non_Wetland,Cropland
361,Grassland,Cropland,Forest,Water,Non_Wetland,Cropland
362,Grassland,Built-up,NULL,NULL,Non_Wetland,NULL
363,Grassland,Built-up,NULL,NULL,Non_Wetland,Grassland
364,Grassland,Built-up,Shrubland,NULL,Non_Wetland,NULL
365,Grassland,Built-up,Shrubland,NULL,Non_Wetland,Grassland
366,Grassland,Built-up,Shrubland,NULL,Non_Wetland,Cropland
367,Grassland,Built-up,Grassland,NULL,Non_Wetland,NULL
368,Grassland,Built-up,Grassland,NULL,Non_Wetland,Grassland
369,Grassland,Built-up,Cropland,NULL,Non_Wetland,NULL
370,Grassland,Built-up,Cropland,NULL,Non_Wetland,Grassland
371,Grassland,Built-up,Cropland,NULL,Non_Wetland,Cropland
372,Grassland,Built-up,Cropland,NULL,Non_Wetland,Forest
373,Grassland,Built-up,Forest,NULL,Non_Wetland,NULL
374,Grassland,Built-up,Forest,NULL,Non_Wetland,Grassland
375,Grassland,Built-up,Forest,NULL,Non_Wetland,Cropland
376,Grassland,Built-up,Forest,NULL,Non_Wetland,Forest
377,Grassland,Water,NULL,NULL,Non_Wetland,Grassland
378,Grassland,Water,NULL,NULL,Non_Wetland,Cropland
379,Grassland,Water,NULL,Non_Water,Non_Wetland,Grassland
380,Grassland,Water,NULL,Non_Water,Non_Wetland,Cropland
381,Grassland,Water,NULL,Water,Non_Wetland,Cropland
382,Grassland,Water,Cropland,NULL,Non_Wetland,Grassland
383,Grassland,Water,Cropland,NULL,Non_Wetland,Cropland
384,Grassland,Water,Cropland,Non_Water,Non_Wetland,Grassland
385,Grassland,Water,Cropland,Non_Water,Non_Wetland,Cropland
386,Grassland,Water,Cropland,Water,Non_Wetland,Cropland
387,Grassland,Water,Wetland,Non_Water,Wetland,Cropland
388,Grassland,Water,Wetland,Water,Wetland,Cropland
389,Grassland,Water,Wetland,Water,Wetland,Water
390,Grassland,Water,Bareland,Non_Water,Non_Wetland,Grassland
391,Grassland,Water,Forest,NULL,Non_Wetland,Grassland
392,Grassland,Water,Forest,NULL,Non_Wetland,Forest
393,Grassland,Water,Forest,Non_Water,Non_Wetland,Grassland
394,Grassland,Water,Forest,Non_Water,Non_Wetland,Cropland
395,Grassland,Water,Forest,Water,Non_Wetland,Cropland
396,Grassland,Forest,NULL,NULL,Non_Wetland,NULL
397,Grassland,Forest,NULL,NULL,Non_Wetland,Grassland
398,Grassland,Forest,NULL,NULL,Non_Wetland,Cropland
399,Grassland,Forest,NULL,NULL,Non_Wetland,Forest
400,Grassland,Forest,Shrubland,NULL,Non_Wetland,NULL
401,Grassland,Forest,Shrubland,NULL,Non_Wetland,Grassland
402,Grassland,Forest,Grassland,NULL,Non_Wetland,NULL
403,Grassland,Forest,Grassland,NULL,Non_Wetland,Grassland
404,Grassland,Forest,Grassland,NULL,Non_Wetland,Cropland
405,Grassland,Forest,Cropland,NULL,Non_Wetland,NULL
406,Grassland,Forest,Cropland,NULL,Non_Wetland,Grassland
407,Grassland,Forest,Cropland,NULL,Non_Wetland,Cropland
408,Grassland,Forest,Cropland,NULL,Non_Wetland,Forest
409,Grassland,Forest,Bareland,NULL,Non_Wetland,NULL
410,Grassland,Forest,Bareland,NULL,Non_Wetland,Grassland
411,Grassland,Forest,Bareland,NULL,Non_Wetland,Cropland
412,Grassland,Forest,Forest,NULL,Non_Wetland,NULL
413,Grassland,Forest,Forest,NULL,Non_Wetland,Grassland
414,Grassland,Forest,Forest,NULL,Non_Wetland,Cropland
415,Grassland,Forest,Forest,NULL,Non_Wetland,Bareland
416,Grassland,Forest,Forest,NULL,Non_Wetland,Forest
417,Cropland,NULL,NULL,NULL,Non_Wetland,NULL
418,Cropland,NULL,NULL,NULL,Non_Wetland,Grassland
419,Cropland,NULL,NULL,NULL,Non_Wetland,Cropland
420,Cropland,NULL,NULL,NULL,Non_Wetland,Bareland
421,Cropland,NULL,NULL,NULL,Non_Wetland,Built-up
422,Cropland,NULL,NULL,NULL,Non_Wetland,Forest
423,Cropland,NULL,NULL,Non_Water,Non_Wetland,Cropland
424,Cropland,NULL,NULL,Water,Non_Wetland,Cropland
425,Cropland,NULL,Shrubland,NULL,Non_Wetland,NULL
426,Cropland,NULL,Shrubland,NULL,Non_Wetland,Grassland
427,Cropland,NULL,Shrubland,NULL,Non_Wetland,Cropland
428,Cropland,NULL,Shrubland,NULL,Non_Wetland,Bareland
429,Cropland,NULL,Shrubland,NULL,Non_Wetland,Built-up
430,Cropland,NULL,Shrubland,NULL,Non_Wetland,Forest
431,Cropland,NULL,Shrubland,Non_Water,Non_Wetland,Cropland
432,Cropland,NULL,Grassland,NULL,Non_Wetland,NULL
433,Cropland,NULL,Grassland,NULL,Non_Wetland,Grassland
434,Cropland,NULL,Grassland,NULL,Non_Wetland,Cropland
435,Cropland,NULL,Grassland,NULL,Non_Wetland,Bareland
436,Cropland,NULL,Grassland,NULL,Non_Wetland,Built-up
437,Cropland,NULL,Grassland,NULL,Non_Wetland,Forest
438,Cropland,NULL,Grassland,Non_Water,Non_Wetland,NULL
439,Cropland,NULL,Grassland,Non_Water,Non_Wetland,Cropland
440,Cropland,NULL,Grassland,Water,Non_Wetland,Grassland
441,Cropland,NULL,Cropland,NULL,Non_Wetland,NULL
442,Cropland,NULL,Cropland,NULL,Non_Wetland,Grassland
443,Cropland,NULL,Cropland,NULL,Non_Wetland,Cropland
444,Cropland,NULL,Cropland,NULL,Non_Wetland,Bareland
445,Cropland,NULL,Cropland,NULL,Non_Wetland,Built-up
446,Cropland,NULL,Cropland,NULL,Non_Wetland,Water
447,Cropland,NULL,Cropland,NULL,Non_Wetland,Forest
448,Cropland,NULL,Cropland,Non_Water,Non_Wetland,Grassland
449,Cropland,NULL,Cropland,Non_Water,Non_Wetland,Cropland
450,Cropland,NULL,Cropland,Water,Non_Wetland,NULL
451,Cropland,NULL,Cropland,Water,Non_Wetland,Cropland
452,Cropland,NULL,Cropland,Water,Non_Wetland,Water
453,Cropland,NULL,Wetland,NULL,Wetland,Cropland
454,Cropland,NULL,Wetland,Water,Wetland,Water
455,Cropland,NULL,Lichens_and_Mosses,NULL,Non_Wetland,NULL
456,Cropland,NULL,Lichens_and_Mosses,NULL,Non_Wetland,Grassland
457,Cropland,NULL,Lichens_and_Mosses,NULL,Non_Wetland,Cropland
458,Cropland,NULL,Lichens_and_Mosses,NULL,Non_Wetland,Bareland
459,Cropland,NULL,Bareland,NULL,Non_Wetland,NULL
460,Cropland,NULL,Bareland,NULL,Non_Wetland,Grassland
461,Cropland,NULL,Bareland,NULL,Non_Wetland,Cropland
462,Cropland,NULL,Bareland,NULL,Non_Wetland,Bareland
463,Cropland,NULL,Bareland,NULL,Non_Wetland,Built-up
464,Cropland,NULL,Bareland,NULL,Non_Wetland,Forest
465,Cropland,NULL,Bareland,Non_Water,Non_Wetland,Cropland
466,Cropland,NULL,Bareland,Water,Non_Wetland,Cropland
467,Cropland,NULL,Built-up,NULL,Non_Wetland,NULL
468,Cropland,NULL,Built-up,NULL,Non_Wetland,Grassland
469,Cropland,NULL,Built-up,NULL,Non_Wetland,Cropland
470,Cropland,NULL,Built-up,NULL,Non_Wetland,Bareland
471,Cropland,NULL,Built-up,NULL,Non_Wetland,Built-up
472,Cropland,NULL,Built-up,NULL,Non_Wetland,Forest
473,Cropland,NULL,Built-up,Non_Water,Non_Wetland,Cropland
474,Cropland,NULL,Built-up,Water,Non_Wetland,Cropland
475,Cropland,NULL,Water,Water,Water,Cropland
476,Cropland,NULL,Forest,NULL,Non_Wetland,NULL
477,Cropland,NULL,Forest,NULL,Non_Wetland,Grassland
478,Cropland,NULL,Forest,NULL,Non_Wetland,Cropland
479,Cropland,NULL,Forest,NULL,Non_Wetland,Bareland
480,Cropland,NULL,Forest,NULL,Non_Wetland,Built-up
481,Cropland,NULL,Forest,NULL,Non_Wetland,Forest
482,Cropland,NULL,Forest,Non_Water,Non_Wetland,Cropland
483,Cropland,Cropland,NULL,NULL,Non_Wetland,NULL
484,Cropland,Cropland,NULL,NULL,Non_Wetland,Grassland
485,Cropland,Cropland,NULL,NULL,Non_Wetland,Cropland
486,Cropland,Cropland,NULL,NULL,Non_Wetland,Bareland
487,Cropland,Cropland,NULL,NULL,Non_Wetland,Built-up
488,Cropland,Cropland,NULL,NULL,Non_Wetland,Forest
489,Cropland,Cropland,NULL,Non_Water,Non_Wetland,Cropland
490,Cropland,Cropland,Shrubland,NULL,Non_Wetland,NULL
491,Cropland,Cropland,Shrubland,NULL,Non_Wetland,Grassland
492,Cropland,Cropland,Shrubland,NULL,Non_Wetland,Cropland
493,Cropland,Cropland,Shrubland,NULL,Non_Wetland,Bareland
494,Cropland,Cropland,Shrubland,NULL,Non_Wetland,Built-up
495,Cropland,Cropland,Shrubland,NULL,Non_Wetland,Forest
496,Cropland,Cropland,Shrubland,Non_Water,Non_Wetland,Cropland
497,Cropland,Cropland,Shrubland,Water,Non_Wetland,Cropland
498,Cropland,Cropland,Grassland,NULL,Non_Wetland,NULL
499,Cropland,Cropland,Grassland,NULL,Non_Wetland,Grassland
500,Cropland,Cropland,Grassland,NULL,Non_Wetland,Cropland
501,Cropland,Cropland,Grassland,NULL,Non_Wetland,Bareland
502,Cropland,Cropland,Grassland,NULL,Non_Wetland,Built-up
503,Cropland,Cropland,Grassland,NULL,Non_Wetland,Forest
504,Cropland,Cropland,Grassland,Non_Water,Non_Wetland,Cropland
505,Cropland,Cropland,Grassland,Water,Non_Wetland,Cropland
506,Cropland,Cropland,Cropland,NULL,Non_Wetland,NULL
507,Cropland,Cropland,Cropland,NULL,Non_Wetland,Grassland
508,Cropland,Cropland,Cropland,NULL,Non_Wetland,Cropland
509,Cropland,Cropland,Cropland,NULL,Non_Wetland,Bareland
510,Cropland,Cropland,Cropland,NULL,Non_Wetland,Built-up
511,Cropland,Cropland,Cropland,NULL,Non_Wetland,Forest
512,Cropland,Cropland,Cropland,Non_Water,Non_Wetland,NULL
513,Cropland,Cropland,Cropland,Non_Water,Non_Wetland,Cropland
514,Cropland,Cropland,Cropland,Water,Non_Wetland,NULL
515,Cropland,Cropland,Cropland,Water,Non_Wetland,Cropland
516,Cropland,Cropland,Lichens_and_Mosses,NULL,Non_Wetland,Cropland
517,Cropland,Cropland,Bareland,NULL,Non_Wetland,NULL
518,Cropland,Cropland,Bareland,NULL,Non_Wetland,Grassland
519,Cropland,Cropland,Bareland,NULL,Non_Wetland,Cropland
520,Cropland,Cropland,Bareland,NULL,Non_Wetland,Bareland
521,Cropland,Cropland,Bareland,NULL,Non_Wetland,Built-up
522,Cropland,Cropland,Bareland,NULL,Non_Wetland,Water
523,Cropland,Cropland,Bareland,Water,Non_Wetland,Cropland
524,Cropland,Cropland,Built-up,NULL,Non_Wetland,NULL
525,Cropland,Cropland,Built-up,NULL,Non_Wetland,Grassland
526,Cropland,Cropland,Built-up,NULL,Non_Wetland,Cropland
527,Cropland,Cropland,Built-up,NULL,Non_Wetland,Bareland
528,Cropland,Cropland,Built-up,NULL,Non_Wetland,Built-up
529,Cropland,Cropland,Built-up,Water,Non_Wetland,Cropland
530,Cropland,Cropland,Forest,NULL,Non_Wetland,NULL
531,Cropland,Cropland,Forest,NULL,Non_Wetland,Grassland
532,Cropland,Cropland,Forest,NULL,Non_Wetland,Cropland
533,Cropland,Cropland,Forest,NULL,Non_Wetland,Wetland
534,Cropland,Cropland,Forest,NULL,Non_Wetland,Built-up
535,Cropland,Cropland,Forest,NULL,Non_Wetland,Forest
536,Cropland,Bareland,Shrubland,NULL,Non_Wetland,Cropland
537,Cropland,Bareland,Shrubland,NULL,Non_Wetland,Bareland
538,Cropland,Bareland,Grassland,NULL,Non_Wetland,NULL
539,Cropland,Bareland,Grassland,NULL,Non_Wetland,Grassland
540,Cropland,Bareland,Grassland,NULL,Non_Wetland,Cropland
541,Cropland,Bareland,Grassland,NULL,Non_Wetland,Bareland
542,Cropland,Bareland,Grassland,NULL,Non_Wetland,Built-up
543,Cropland,Bareland,Cropland,NULL,Non_Wetland,Bareland
544,Cropland,Bareland,Bareland,NULL,Non_Wetland,Grassland
545,Cropland,Bareland,Bareland,NULL,Non_Wetland,Cropland
546,Cropland,Bareland,Bareland,NULL,Non_Wetland,Bareland
547,Cropland,Built-up,NULL,NULL,Non_Wetland,NULL
548,Cropland,Built-up,NULL,NULL,Non_Wetland,Grassland
549,Cropland,Built-up,NULL,NULL,Non_Wetland,Cropland
550,Cropland,Built-up,NULL,NULL,Non_Wetland,Bareland
551,Cropland,Built-up,NULL,NULL,Non_Wetland,Built-up
552,Cropland,Built-up,NULL,NULL,Non_Wetland,Forest
553,Cropland,Built-up,NULL,Non_Water,Non_Wetland,Cropland
554,Cropland,Built-up,NULL,Water,Non_Wetland,Cropland
555,Cropland,Built-up,Shrubland,NULL,Non_Wetland,NULL
556,Cropland,Built-up,Shrubland,NULL,Non_Wetland,Grassland
557,Cropland,Built-up,Shrubland,NULL,Non_Wetland,Cropland
558,Cropland,Built-up,Shrubland,NULL,Non_Wetland,Bareland
559,Cropland,Built-up,Shrubland,NULL,Non_Wetland,Built-up
560,Cropland,Built-up,Grassland,NULL,Non_Wetland,NULL
561,Cropland,Built-up,Grassland,NULL,Non_Wetland,Grassland
562,Cropland,Built-up,Grassland,NULL,Non_Wetland,Cropland
563,Cropland,Built-up,Grassland,NULL,Non_Wetland,Bareland
564,Cropland,Built-up,Grassland,NULL,Non_Wetland,Built-up
565,Cropland,Built-up,Grassland,NULL,Non_Wetland,Forest
566,Cropland,Built-up,Cropland,NULL,Non_Wetland,NULL
567,Cropland,Built-up,Cropland,NULL,Non_Wetland,Grassland
568,Cropland,Built-up,Cropland,NULL,Non_Wetland,Cropland
569,Cropland,Built-up,Cropland,NULL,Non_Wetland,Bareland
570,Cropland,Built-up,Cropland,NULL,Non_Wetland,Built-up
571,Cropland,Built-up,Cropland,NULL,Non_Wetland,Forest
572,Cropland,Built-up,Cropland,Non_Water,Non_Wetland,Cropland
573,Cropland,Built-up,Cropland,Non_Water,Non_Wetland,Forest
574,Cropland,Built-up,Bareland,NULL,Non_Wetland,NULL
575,Cropland,Built-up,Bareland,NULL,Non_Wetland,Grassland
576,Cropland,Built-up,Bareland,NULL,Non_Wetland,Cropland
577,Cropland,Built-up,Bareland,NULL,Non_Wetland,Bareland
578,Cropland,Built-up,Bareland,NULL,Non_Wetland,Built-up
579,Cropland,Built-up,Bareland,Water,Non_Wetland,Cropland
580,Cropland,Built-up,Built-up,NULL,Non_Wetland,NULL
581,Cropland,Built-up,Built-up,NULL,Non_Wetland,Grassland
582,Cropland,Built-up,Built-up,NULL,Non_Wetland,Cropland
583,Cropland,Built-up,Built-up,NULL,Non_Wetland,Bareland
584,Cropland,Built-up,Built-up,NULL,Non_Wetland,Built-up
585,Cropland,Built-up,Built-up,NULL,Non_Wetland,Forest
586,Cropland,Built-up,Water,NULL,Water,Cropland
587,Cropland,Built-up,Forest,NULL,Non_Wetland,NULL
588,Cropland,Built-up,Forest,NULL,Non_Wetland,Grassland
589,Cropland,Built-up,Forest,NULL,Non_Wetland,Cropland
590,Cropland,Built-up,Forest,NULL,Non_Wetland,Forest
591,Cropland,Built-up,Forest,Non_Water,Non_Wetland,Cropland
592,Cropland,Water,NULL,NULL,Non_Wetland,Cropland
593,Cropland,Water,NULL,NULL,Non_Wetland,Bareland
594,Cropland,Water,NULL,Non_Water,Non_Wetland,Cropland
595,Cropland,Water,NULL,Water,Non_Wetland,Cropland
596,Cropland,Water,Shrubland,NULL,Non_Wetland,Grassland
597,Cropland,Water,Shrubland,Water,Non_Wetland,Water
598,Cropland,Water,Grassland,NULL,Non_Wetland,Grassland
599,Cropland,Water,Grassland,NULL,Non_Wetland,Cropland
600,Cropland,Water,Grassland,NULL,Non_Wetland,Bareland
601,Cropland,Water,Grassland,Water,Non_Wetland,Grassland
602,Cropland,Water,Grassland,Water,Non_Wetland,Water
603,Cropland,Water,Cropland,NULL,Non_Wetland,NULL
604,Cropland,Water,Cropland,NULL,Non_Wetland,Grassland
605,Cropland,Water,Cropland,NULL,Non_Wetland,Cropland
606,Cropland,Water,Cropland,NULL,Non_Wetland,Bareland
607,Cropland,Water,Cropland,NULL,Non_Wetland,Water
608,Cropland,Water,Cropland,Non_Water,Non_Wetland,Cropland
609,Cropland,Water,Cropland,Water,Non_Wetland,NULL
610,Cropland,Water,Cropland,Water,Non_Wetland,Cropland
611,Cropland,Water,Wetland,Water,Wetland,Grassland
612,Cropland,Water,Wetland,Water,Wetland,Cropland
613,Cropland,Water,Wetland,Water,Wetland,Water
614,Cropland,Water,Bareland,NULL,Non_Wetland,Cropland
615,Cropland,Water,Bareland,NULL,Non_Wetland,Bareland
616,Cropland,Water,Bareland,NULL,Non_Wetland,Water
617,Cropland,Water,Bareland,Water,Non_Wetland,Cropland
618,Cropland,Water,Bareland,Water,Non_Wetland,Water
619,Cropland,Water,Built-up,NULL,Non_Wetland,Cropland
620,Cropland,Water,Built-up,Non_Water,Non_Wetland,Cropland
621,Cropland,Water,Water,NULL,Water,Cropland
622,Cropland,Water,Forest,NULL,Non_Wetland,Cropland
623,Cropland,Forest,NULL,NULL,Non_Wetland,NULL
624,Cropland,Forest,NULL,NULL,Non_Wetland,Grassland
625,Cropland,Forest,NULL,NULL,Non_Wetland,Cropland
626,Cropland,Forest,NULL,NULL,Non_Wetland,Bareland
627,Cropland,Forest,NULL,NULL,Non_Wetland,Forest
628,Cropland,Forest,Shrubland,NULL,Non_Wetland,NULL
629,Cropland,Forest,Shrubland,NULL,Non_Wetland,Grassland
630,Cropland,Forest,Shrubland,NULL,Non_Wetland,Cropland
631,Cropland,Forest,Grassland,NULL,Non_Wetland,NULL
632,Cropland,Forest,Grassland,NULL,Non_Wetland,Grassland
633,Cropland,Forest,Grassland,NULL,Non_Wetland,Cropland
634,Cropland,Forest,Grassland,NULL,Non_Wetland,Bareland
635,Cropland,Forest,Grassland,NULL,Non_Wetland,Forest
636,Cropland,Forest,Cropland,NULL,Non_Wetland,NULL
637,Cropland,Forest,Cropland,NULL,Non_Wetland,Grassland
638,Cropland,Forest,Cropland,NULL,Non_Wetland,Cropland
639,Cropland,Forest,Cropland,NULL,Non_Wetland,Bareland
640,Cropland,Forest,Cropland,NULL,Non_Wetland,Forest
641,Cropland,Forest,Lichens_and_Mosses,NULL,Non_Wetland,NULL
642,Cropland,Forest,Lichens_and_Mosses,NULL,Non_Wetland,Bareland
643,Cropland,Forest,Bareland,NULL,Non_Wetland,NULL
644,Cropland,Forest,Bareland,NULL,Non_Wetland,Grassland
645,Cropland,Forest,Bareland,NULL,Non_Wetland,Cropland
646,Cropland,Forest,Bareland,NULL,Non_Wetland,Bareland
647,Cropland,Forest,Bareland,Water,Non_Wetland,Cropland
648,Cropland,Forest,Bareland,Water,Non_Wetland,Wetland
649,Cropland,Forest,Built-up,NULL,Non_Wetland,NULL
650,Cropland,Forest,Built-up,NULL,Non_Wetland,Cropland
651,Cropland,Forest,Built-up,NULL,Non_Wetland,Water
652,Cropland,Forest,Water,NULL,Water,Cropland
653,Cropland,Forest,Water,NULL,Water,Wetland
654,Cropland,Forest,Water,Water,Water,Wetland
655,Cropland,Forest,Forest,NULL,Non_Wetland,NULL
656,Cropland,Forest,Forest,NULL,Non_Wetland,Grassland
657,Cropland,Forest,Forest,NULL,Non_Wetland,Cropland
658,Cropland,Forest,Forest,NULL,Non_Wetland,Wetland
659,Cropland,Forest,Forest,NULL,Non_Wetland,Water
660,Cropland,Forest,Forest,NULL,Non_Wetland,Forest
661,Wetland,NULL,Grassland,NULL,Non_Wetland,NULL
662,Wetland,NULL,Grassland,NULL,Non_Wetland,Cropland
663,Wetland,NULL,Grassland,NULL,Non_Wetland,Forest
664,Wetland,NULL,Cropland,NULL,Non_Wetland,NULL
665,Wetland,NULL,Cropland,NULL,Non_Wetland,Cropland
666,Wetland,NULL,Cropland,NULL,Non_Wetland,Forest
667,Wetland,NULL,Built-up,NULL,Non_Wetland,Bareland
668,Wetland,Cropland,NULL,NULL,Non_Wetland,Cropland
669,Wetland,Cropland,Grassland,NULL,Non_Wetland,Cropland
670,Wetland,Cropland,Cropland,NULL,Non_Wetland,Cropland
671,Wetland,Cropland,Lichens_and_Mosses,NULL,Non_Wetland,Forest
672,Wetland,Built-up,Cropland,NULL,Non_Wetland,Cropland
673,Wetland,Water,NULL,NULL,Non_Wetland,NULL
674,Wetland,Water,NULL,NULL,Non_Wetland,Water
675,Wetland,Water,Shrubland,NULL,Non_Wetland,Cropland
676,Wetland,Water,Cropland,NULL,Non_Wetland,NULL
677,Wetland,Water,Cropland,NULL,Non_Wetland,Cropland
678,Wetland,Water,Wetland,NULL,Wetland,Cropland
679,Wetland,Water,Wetland,Water,Wetland,Cropland
680,Wetland,Water,Wetland,Water,Wetland,Water
681,Wetland,Water,Bareland,NULL,Non_Wetland,Cropland
682,Wetland,Water,Water,Non_Water,Water,Water
683,Wetland,Forest,NULL,NULL,Non_Wetland,Wetland
684,Wetland,Forest,Grassland,NULL,Non_Wetland,Cropland
685,Wetland,Forest,Grassland,NULL,Non_Wetland,Forest
686,Wetland,Forest,Cropland,NULL,Non_Wetland,Cropland
687,Wetland,Forest,Cropland,NULL,Non_Wetland,Forest
688,Wetland,Forest,Bareland,NULL,Non_Wetland,Wetland
689,Wetland,Forest,Built-up,NULL,Non_Wetland,Wetland
690,Wetland,Forest,Water,NULL,Water,Wetland
691,Wetland,Forest,Forest,NULL,Non_Wetland,Wetland
692,Wetland,Forest,Forest,NULL,Non_Wetland,Water
693,Bareland,NULL,NULL,NULL,Non_Wetland,NULL
694,Bareland,NULL,NULL,NULL,Non_Wetland,Grassland
695,Bareland,NULL,NULL,NULL,Non_Wetland,Cropland
696,Bareland,NULL,NULL,NULL,Non_Wetland,Bareland
697,Bareland,NULL,NULL,NULL,Non_Wetland,Built-up
698,Bareland,NULL,NULL,NULL,Non_Wetland,Water
699,Bareland,NULL,NULL,NULL,Non_Wetland,Forest
700,Bareland,NULL,NULL,Non_Water,Non_Wetland,Grassland
701,Bareland,NULL,NULL,Non_Water,Non_Wetland,Cropland
702,Bareland,NULL,NULL,Water,Non_Wetland,Grassland
703,Bareland,NULL,NULL,Water,Non_Wetland,Cropland
704,Bareland,NULL,NULL,Water,Non_Wetland,Water
705,Bareland,NULL,Shrubland,NULL,Non_Wetland,NULL
706,Bareland,NULL,Shrubland,NULL,Non_Wetland,Grassland
707,Bareland,NULL,Shrubland,NULL,Non_Wetland,Cropland
708,Bareland,NULL,Shrubland,NULL,Non_Wetland,Bareland
709,Bareland,NULL,Shrubland,NULL,Non_Wetland,Built-up
710,Bareland,NULL,Shrubland,NULL,Non_Wetland,Water
711,Bareland,NULL,Shrubland,NULL,Non_Wetland,Forest
712,Bareland,NULL,Shrubland,Non_Water,Non_Wetland,Grassland
713,Bareland,NULL,Shrubland,Non_Water,Non_Wetland,Cropland
714,Bareland,NULL,Shrubland,Non_Water,Non_Wetland,Bareland
715,Bareland,NULL,Shrubland,Water,Non_Wetland,Cropland
716,Bareland,NULL,Shrubland,Water,Non_Wetland,Bareland
717,Bareland,NULL,Grassland,NULL,Non_Wetland,NULL
718,Bareland,NULL,Grassland,NULL,Non_Wetland,Grassland
719,Bareland,NULL,Grassland,NULL,Non_Wetland,Cropland
720,Bareland,NULL,Grassland,NULL,Non_Wetland,Bareland
721,Bareland,NULL,Grassland,NULL,Non_Wetland,Built-up
722,Bareland,NULL,Grassland,NULL,Non_Wetland,Water
723,Bareland,NULL,Grassland,NULL,Non_Wetland,Forest
724,Bareland,NULL,Grassland,Non_Water,Non_Wetland,Grassland
725,Bareland,NULL,Grassland,Non_Water,Non_Wetland,Cropland
726,Bareland,NULL,Grassland,Non_Water,Non_Wetland,Bareland
727,Bareland,NULL,Grassland,Water,Non_Wetland,NULL
728,Bareland,NULL,Grassland,Water,Non_Wetland,Grassland
729,Bareland,NULL,Grassland,Water,Non_Wetland,Cropland
730,Bareland,NULL,Grassland,Water,Non_Wetland,Bareland
731,Bareland,NULL,Cropland,NULL,Non_Wetland,NULL
732,Bareland,NULL,Cropland,NULL,Non_Wetland,Grassland
733,Bareland,NULL,Cropland,NULL,Non_Wetland,Cropland
734,Bareland,NULL,Cropland,NULL,Non_Wetland,Bareland
735,Bareland,NULL,Cropland,NULL,Non_Wetland,Built-up
736,Bareland,NULL,Cropland,NULL,Non_Wetland,Water
737,Bareland,NULL,Cropland,NULL,Non_Wetland,Forest
738,Bareland,NULL,Cropland,Non_Water,Non_Wetland,Grassland
739,Bareland,NULL,Cropland,Non_Water,Non_Wetland,Cropland
740,Bareland,NULL,Cropland,Water,Non_Wetland,Grassland
741,Bareland,NULL,Cropland,Water,Non_Wetland,Cropland
742,Bareland,NULL,Cropland,Water,Non_Wetland,Bareland
743,Bareland,NULL,Cropland,Water,Non_Wetland,Water
744,Bareland,NULL,Wetland,NULL,Wetland,Grassland
745,Bareland,NULL,Wetland,NULL,Wetland,Cropland
746,Bareland,NULL,Wetland,NULL,Wetland,Bareland
747,Bareland,NULL,Wetland,Water,Wetland,Grassland
748,Bareland,NULL,Wetland,Water,Wetland,Cropland
749,Bareland,NULL,Wetland,Water,Wetland,Bareland
750,Bareland,NULL,Wetland,Water,Wetland,Water
751,Bareland,NULL,Lichens_and_Mosses,NULL,Non_Wetland,NULL
752,Bareland,NULL,Lichens_and_Mosses,NULL,Non_Wetland,Grassland
753,Bareland,NULL,Lichens_and_Mosses,NULL,Non_Wetland,Cropland
754,Bareland,NULL,Lichens_and_Mosses,NULL,Non_Wetland,Bareland
755,Bareland,NULL,Lichens_and_Mosses,NULL,Non_Wetland,Forest
756,Bareland,NULL,Bareland,NULL,Non_Wetland,NULL
757,Bareland,NULL,Bareland,NULL,Non_Wetland,Grassland
758,Bareland,NULL,Bareland,NULL,Non_Wetland,Cropland
759,Bareland,NULL,Bareland,NULL,Non_Wetland,Bareland
760,Bareland,NULL,Bareland,NULL,Non_Wetland,Built-up
761,Bareland,NULL,Bareland,NULL,Non_Wetland,Water
762,Bareland,NULL,Bareland,NULL,Non_Wetland,Forest
763,Bareland,NULL,Bareland,Non_Water,Non_Wetland,NULL
764,Bareland,NULL,Bareland,Non_Water,Non_Wetland,Grassland
765,Bareland,NULL,Bareland,Non_Water,Non_Wetland,Cropland
766,Bareland,NULL,Bareland,Non_Water,Non_Wetland,Bareland
767,Bareland,NULL,Bareland,Water,Non_Wetland,Grassland
768,Bareland,NULL,Bareland,Water,Non_Wetland,Cropland
769,Bareland,NULL,Bareland,Water,Non_Wetland,Bareland
770,Bareland,NULL,Bareland,Water,Non_Wetland,Water
771,Bareland,NULL,Built-up,NULL,Non_Wetland,NULL
772,Bareland,NULL,Built-up,NULL,Non_Wetland,Grassland
773,Bareland,NULL,Built-up,NULL,Non_Wetland,Cropland
774,Bareland,NULL,Built-up,NULL,Non_Wetland,Bareland
775,Bareland,NULL,Built-up,NULL,Non_Wetland,Built-up
776,Bareland,NULL,Built-up,NULL,Non_Wetland,Water
777,Bareland,NULL,Built-up,NULL,Non_Wetland,Forest
778,Bareland,NULL,Built-up,Non_Water,Non_Wetland,Cropland
779,Bareland,NULL,Built-up,Water,Non_Wetland,NULL
780,Bareland,NULL,Built-up,Water,Non_Wetland,Grassland
781,Bareland,NULL,Built-up,Water,Non_Wetland,Cropland
782,Bareland,NULL,Built-up,Water,Non_Wetland,Bareland
783,Bareland,NULL,Built-up,Water,Non_Wetland,Water
784,Bareland,NULL,Forest,NULL,Non_Wetland,NULL
785,Bareland,NULL,Forest,NULL,Non_Wetland,Grassland
786,Bareland,NULL,Forest,NULL,Non_Wetland,Cropland
787,Bareland,NULL,Forest,NULL,Non_Wetland,Bareland
788,Bareland,NULL,Forest,NULL,Non_Wetland,Forest
789,Bareland,NULL,Forest,Non_Water,Non_Wetland,Cropland
790,Bareland,Cropland,NULL,NULL,Non_Wetland,NULL
791,Bareland,Cropland,NULL,NULL,Non_Wetland,Grassland
792,Bareland,Cropland,NULL,NULL,Non_Wetland,Cropland
793,Bareland,Cropland,NULL,NULL,Non_Wetland,Bareland
794,Bareland,Cropland,Shrubland,NULL,Non_Wetland,NULL
795,Bareland,Cropland,Shrubland,NULL,Non_Wetland,Grassland
796,Bareland,Cropland,Shrubland,NULL,Non_Wetland,Cropland
797,Bareland,Cropland,Shrubland,NULL,Non_Wetland,Bareland
798,Bareland,Cropland,Shrubland,NULL,Non_Wetland,Built-up
799,Bareland,Cropland,Shrubland,NULL,Non_Wetland,Forest
800,Bareland,Cropland,Grassland,NULL,Non_Wetland,NULL
801,Bareland,Cropland,Grassland,NULL,Non_Wetland,Grassland
802,Bareland,Cropland,Grassland,NULL,Non_Wetland,Cropland
803,Bareland,Cropland,Grassland,NULL,Non_Wetland,Bareland
804,Bareland,Cropland,Grassland,NULL,Non_Wetland,Built-up
805,Bareland,Cropland,Grassland,Non_Water,Non_Wetland,Cropland
806,Bareland,Cropland,Grassland,Non_Water,Non_Wetland,Bareland
807,Bareland,Cropland,Grassland,Water,Non_Wetland,Grassland
808,Bareland,Cropland,Grassland,Water,Non_Wetland,Cropland
809,Bareland,Cropland,Cropland,NULL,Non_Wetland,NULL
810,Bareland,Cropland,Cropland,NULL,Non_Wetland,Grassland
811,Bareland,Cropland,Cropland,NULL,Non_Wetland,Cropland
812,Bareland,Cropland,Cropland,NULL,Non_Wetland,Bareland
813,Bareland,Cropland,Cropland,NULL,Non_Wetland,Built-up
814,Bareland,Cropland,Cropland,NULL,Non_Wetland,Water
815,Bareland,Cropland,Cropland,NULL,Non_Wetland,Forest
816,Bareland,Cropland,Cropland,Non_Water,Non_Wetland,Cropland
817,Bareland,Cropland,Cropland,Water,Non_Wetland,Grassland
818,Bareland,Cropland,Cropland,Water,Non_Wetland,Cropland
819,Bareland,Cropland,Wetland,Water,Wetland,Grassland
820,Bareland,Cropland,Wetland,Water,Wetland,Cropland
821,Bareland,Cropland,Wetland,Water,Wetland,Bareland
822,Bareland,Cropland,Wetland,Water,Wetland,Water
823,Bareland,Cropland,Lichens_and_Mosses,NULL,Non_Wetland,NULL
824,Bareland,Cropland,Lichens_and_Mosses,NULL,Non_Wetland,Bareland
825,Bareland,Cropland,Bareland,NULL,Non_Wetland,NULL
826,Bareland,Cropland,Bareland,NULL,Non_Wetland,Grassland
827,Bareland,Cropland,Bareland,NULL,Non_Wetland,Cropland
828,Bareland,Cropland,Bareland,NULL,Non_Wetland,Bareland
829,Bareland,Cropland,Bareland,NULL,Non_Wetland,Built-up
830,Bareland,Cropland,Bareland,NULL,Non_Wetland,Water
831,Bareland,Cropland,Bareland,Non_Water,Non_Wetland,Bareland
832,Bareland,Cropland,Bareland,Water,Non_Wetland,Grassland
833,Bareland,Cropland,Bareland,Water,Non_Wetland,Cropland
834,Bareland,Cropland,Bareland,Water,Non_Wetland,Bareland
835,Bareland,Cropland,Bareland,Water,Non_Wetland,Water
836,Bareland,Cropland,Built-up,NULL,Non_Wetland,NULL
837,Bareland,Cropland,Built-up,NULL,Non_Wetland,Grassland
838,Bareland,Cropland,Built-up,NULL,Non_Wetland,Cropland
839,Bareland,Cropland,Built-up,NULL,Non_Wetland,Bareland
840,Bareland,Cropland,Built-up,NULL,Non_Wetland,Built-up
841,Bareland,Cropland,Forest,NULL,Non_Wetland,NULL
842,Bareland,Cropland,Forest,NULL,Non_Wetland,Grassland
843,Bareland,Cropland,Forest,NULL,Non_Wetland,Cropland
844,Bareland,Cropland,Forest,NULL,Non_Wetland,Bareland
845,Bareland,Bareland,NULL,NULL,Non_Wetland,Grassland
846,Bareland,Bareland,NULL,NULL,Non_Wetland,Cropland
847,Bareland,Bareland,NULL,NULL,Non_Wetland,Bareland
848,Bareland,Bareland,NULL,NULL,Non_Wetland,Forest
849,Bareland,Bareland,Shrubland,NULL,Non_Wetland,NULL
850,Bareland,Bareland,Shrubland,NULL,Non_Wetland,Grassland
851,Bareland,Bareland,Shrubland,NULL,Non_Wetland,Cropland
852,Bareland,Bareland,Shrubland,NULL,Non_Wetland,Bareland
853,Bareland,Bareland,Shrubland,NULL,Non_Wetland,Forest
854,Bareland,Bareland,Grassland,NULL,Non_Wetland,NULL
855,Bareland,Bareland,Grassland,NULL,Non_Wetland,Grassland
856,Bareland,Bareland,Grassland,NULL,Non_Wetland,Cropland
857,Bareland,Bareland,Grassland,NULL,Non_Wetland,Bareland
858,Bareland,Bareland,Grassland,NULL,Non_Wetland,Forest
859,Bareland,Bareland,Cropland,NULL,Non_Wetland,NULL
860,Bareland,Bareland,Cropland,NULL,Non_Wetland,Grassland
861,Bareland,Bareland,Cropland,NULL,Non_Wetland,Cropland
862,Bareland,Bareland,Cropland,NULL,Non_Wetland,Bareland
863,Bareland,Bareland,Cropland,NULL,Non_Wetland,Forest
864,Bareland,Bareland,Wetland,Water,Wetland,Cropland
865,Bareland,Bareland,Lichens_and_Mosses,NULL,Non_Wetland,NULL
866,Bareland,Bareland,Lichens_and_Mosses,NULL,Non_Wetland,Cropland
867,Bareland,Bareland,Lichens_and_Mosses,NULL,Non_Wetland,Bareland
868,Bareland,Bareland,Bareland,NULL,Non_Wetland,NULL
869,Bareland,Bareland,Bareland,NULL,Non_Wetland,Grassland
870,Bareland,Bareland,Bareland,NULL,Non_Wetland,Cropland
871,Bareland,Bareland,Bareland,NULL,Non_Wetland,Bareland
872,Bareland,Bareland,Bareland,NULL,Non_Wetland,Built-up
873,Bareland,Bareland,Bareland,NULL,Non_Wetland,Forest
874,Bareland,Bareland,Bareland,Non_Water,Non_Wetland,Bareland
875,Bareland,Bareland,Bareland,Water,Non_Wetland,Cropland
876,Bareland,Bareland,Bareland,Water,Non_Wetland,Bareland
877,Bareland,Bareland,Built-up,NULL,Non_Wetland,NULL
878,Bareland,Bareland,Built-up,NULL,Non_Wetland,Grassland
879,Bareland,Bareland,Built-up,NULL,Non_Wetland,Cropland
880,Bareland,Bareland,Built-up,NULL,Non_Wetland,Bareland
881,Bareland,Bareland,Built-up,NULL,Non_Wetland,Built-up
882,Bareland,Bareland,Built-up,Water,Non_Wetland,Bareland
883,Bareland,Bareland,Forest,NULL,Non_Wetland,Cropland
884,Bareland,Bareland,Forest,NULL,Non_Wetland,Bareland
885,Bareland,Built-up,NULL,NULL,Non_Wetland,NULL
886,Bareland,Built-up,NULL,NULL,Non_Wetland,Grassland
887,Bareland,Built-up,NULL,NULL,Non_Wetland,Cropland
888,Bareland,Built-up,NULL,NULL,Non_Wetland,Bareland
889,Bareland,Built-up,NULL,NULL,Non_Wetland,Built-up
890,Bareland,Built-up,NULL,NULL,Non_Wetland,Forest
891,Bareland,Built-up,Shrubland,NULL,Non_Wetland,NULL
892,Bareland,Built-up,Shrubland,NULL,Non_Wetland,Grassland
893,Bareland,Built-up,Shrubland,NULL,Non_Wetland,Cropland
894,Bareland,Built-up,Shrubland,NULL,Non_Wetland,Bareland
895,Bareland,Built-up,Shrubland,NULL,Non_Wetland,Built-up
896,Bareland,Built-up,Grassland,NULL,Non_Wetland,NULL
897,Bareland,Built-up,Grassland,NULL,Non_Wetland,Grassland
898,Bareland,Built-up,Grassland,NULL,Non_Wetland,Cropland
899,Bareland,Built-up,Grassland,NULL,Non_Wetland,Bareland
900,Bareland,Built-up,Grassland,NULL,Non_Wetland,Built-up
901,Bareland,Built-up,Grassland,NULL,Non_Wetland,Forest
902,Bareland,Built-up,Grassland,Non_Water,Non_Wetland,Grassland
903,Bareland,Built-up,Cropland,NULL,Non_Wetland,NULL
904,Bareland,Built-up,Cropland,NULL,Non_Wetland,Grassland
905,Bareland,Built-up,Cropland,NULL,Non_Wetland,Cropland
906,Bareland,Built-up,Cropland,NULL,Non_Wetland,Bareland
907,Bareland,Built-up,Cropland,NULL,Non_Wetland,Built-up
908,Bareland,Built-up,Lichens_and_Mosses,NULL,Non_Wetland,Grassland
909,Bareland,Built-up,Lichens_and_Mosses,NULL,Non_Wetland,Bareland
910,Bareland,Built-up,Lichens_and_Mosses,NULL,Non_Wetland,Built-up
911,Bareland,Built-up,Bareland,NULL,Non_Wetland,NULL
912,Bareland,Built-up,Bareland,NULL,Non_Wetland,Grassland
913,Bareland,Built-up,Bareland,NULL,Non_Wetland,Cropland
914,Bareland,Built-up,Bareland,NULL,Non_Wetland,Bareland
915,Bareland,Built-up,Bareland,NULL,Non_Wetland,Built-up
916,Bareland,Built-up,Bareland,Water,Non_Wetland,Bareland
917,Bareland,Built-up,Built-up,NULL,Non_Wetland,NULL
918,Bareland,Built-up,Built-up,NULL,Non_Wetland,Grassland
919,Bareland,Built-up,Built-up,NULL,Non_Wetland,Cropland
920,Bareland,Built-up,Built-up,NULL,Non_Wetland,Bareland
921,Bareland,Built-up,Built-up,NULL,Non_Wetland,Built-up
922,Bareland,Built-up,Forest,NULL,Non_Wetland,NULL
923,Bareland,Built-up,Forest,NULL,Non_Wetland,Cropland
924,Bareland,Built-up,Forest,NULL,Non_Wetland,Bareland
925,Bareland,Built-up,Forest,NULL,Non_Wetland,Built-up
926,Bareland,Water,NULL,NULL,Non_Wetland,NULL
927,Bareland,Water,NULL,NULL,Non_Wetland,Grassland
928,Bareland,Water,NULL,NULL,Non_Wetland,Cropland
929,Bareland,Water,NULL,NULL,Non_Wetland,Bareland
930,Bareland,Water,NULL,NULL,Non_Wetland,Built-up
931,Bareland,Water,NULL,Non_Water,Non_Wetland,Cropland
932,Bareland,Water,NULL,Water,Non_Wetland,Grassland
933,Bareland,Water,NULL,Water,Non_Wetland,Water
934,Bareland,Water,Shrubland,NULL,Non_Wetland,Grassland
935,Bareland,Water,Shrubland,NULL,Non_Wetland,Cropland
936,Bareland,Water,Shrubland,NULL,Non_Wetland,Bareland
937,Bareland,Water,Shrubland,NULL,Non_Wetland,Built-up
938,Bareland,Water,Shrubland,NULL,Non_Wetland,Water
939,Bareland,Water,Shrubland,Water,Non_Wetland,Water
940,Bareland,Water,Grassland,NULL,Non_Wetland,NULL
941,Bareland,Water,Grassland,NULL,Non_Wetland,Grassland
942,Bareland,Water,Grassland,NULL,Non_Wetland,Cropland
943,Bareland,Water,Grassland,NULL,Non_Wetland,Bareland
944,Bareland,Water,Grassland,NULL,Non_Wetland,Built-up
945,Bareland,Water,Grassland,NULL,Non_Wetland,Water
946,Bareland,Water,Grassland,Non_Water,Non_Wetland,Grassland
947,Bareland,Water,Grassland,Non_Water,Non_Wetland,Cropland
948,Bareland,Water,Grassland,Non_Water,Non_Wetland,Water
949,Bareland,Water,Grassland,Water,Non_Wetland,Grassland
950,Bareland,Water,Grassland,Water,Non_Wetland,Cropland
951,Bareland,Water,Grassland,Water,Non_Wetland,Bareland
952,Bareland,Water,Cropland,NULL,Non_Wetland,NULL
953,Bareland,Water,Cropland,NULL,Non_Wetland,Grassland
954,Bareland,Water,Cropland,NULL,Non_Wetland,Cropland
955,Bareland,Water,Cropland,NULL,Non_Wetland,Bareland
956,Bareland,Water,Cropland,NULL,Non_Wetland,Water
957,Bareland,Water,Cropland,Non_Water,Non_Wetland,Grassland
958,Bareland,Water,Cropland,Non_Water,Non_Wetland,Cropland
959,Bareland,Water,Cropland,Water,Non_Wetland,Grassland
960,Bareland,Water,Cropland,Water,Non_Wetland,Cropland
961,Bareland,Water,Cropland,Water,Non_Wetland,Bareland
962,Bareland,Water,Cropland,Water,Non_Wetland,Water
963,Bareland,Water,Wetland,NULL,Wetland,Grassland
964,Bareland,Water,Wetland,NULL,Wetland,Cropland
965,Bareland,Water,Wetland,NULL,Wetland,Bareland
966,Bareland,Water,Wetland,NULL,Wetland,Water
967,Bareland,Water,Wetland,Non_Water,Wetland,Grassland
968,Bareland,Water,Wetland,Non_Water,Wetland,Cropland
969,Bareland,Water,Wetland,Water,Wetland,Grassland
970,Bareland,Water,Wetland,Water,Wetland,Cropland
971,Bareland,Water,Wetland,Water,Wetland,Bareland
972,Bareland,Water,Wetland,Water,Wetland,Built-up
973,Bareland,Water,Wetland,Water,Wetland,Water
974,Bareland,Water,Lichens_and_Mosses,NULL,Non_Wetland,Bareland
975,Bareland,Water,Bareland,NULL,Non_Wetland,NULL
976,Bareland,Water,Bareland,NULL,Non_Wetland,Grassland
977,Bareland,Water,Bareland,NULL,Non_Wetland,Cropland
978,Bareland,Water,Bareland,NULL,Non_Wetland,Bareland
979,Bareland,Water,Bareland,NULL,Non_Wetland,Built-up
980,Bareland,Water,Bareland,NULL,Non_Wetland,Water
981,Bareland,Water,Bareland,Non_Water,Non_Wetland,Grassland
982,Bareland,Water,Bareland,Non_Water,Non_Wetland,Cropland
983,Bareland,Water,Bareland,Water,Non_Wetland,Grassland
984,Bareland,Water,Bareland,Water,Non_Wetland,Cropland
985,Bareland,Water,Bareland,Water,Non_Wetland,Bareland
986,Bareland,Water,Bareland,Water,Non_Wetland,Water
987,Bareland,Water,Built-up,NULL,Non_Wetland,Grassland
988,Bareland,Water,Built-up,NULL,Non_Wetland,Bareland
989,Bareland,Water,Built-up,NULL,Non_Wetland,Built-up
990,Bareland,Water,Built-up,Water,Non_Wetland,Cropland
991,Bareland,Water,Water,Water,Water,Water
992,Bareland,Water,Forest,NULL,Non_Wetland,NULL
993,Bareland,Water,Forest,NULL,Non_Wetland,Cropland
994,Bareland,Water,Forest,NULL,Non_Wetland,Bareland
995,Bareland,Forest,NULL,NULL,Non_Wetland,NULL
996,Bareland,Forest,NULL,NULL,Non_Wetland,Grassland
997,Bareland,Forest,NULL,NULL,Non_Wetland,Cropland
998,Bareland,Forest,NULL,NULL,Non_Wetland,Bareland
999,Bareland,Forest,NULL,NULL,Non_Wetland,Forest
1000,Bareland,Forest,Shrubland,NULL,Non_Wetland,NULL
1001,Bareland,Forest,Shrubland,NULL,Non_Wetland,Grassland
1002,Bareland,Forest,Shrubland,NULL,Non_Wetland,Cropland
1003,Bareland,Forest,Shrubland,NULL,Non_Wetland,Bareland
1004,Bareland,Forest,Grassland,NULL,Non_Wetland,NULL
1005,Bareland,Forest,Grassland,NULL,Non_Wetland,Grassland
1006,Bareland,Forest,Grassland,NULL,Non_Wetland,Cropland
1007,Bareland,Forest,Grassland,NULL,Non_Wetland,Bareland
1008,Bareland,Forest,Grassland,NULL,Non_Wetland,Forest
1009,Bareland,Forest,Cropland,NULL,Non_Wetland,NULL
1010,Bareland,Forest,Cropland,NULL,Non_Wetland,Grassland
1011,Bareland,Forest,Cropland,NULL,Non_Wetland,Cropland
1012,Bareland,Forest,Cropland,NULL,Non_Wetland,Bareland
1013,Bareland,Forest,Cropland,NULL,Non_Wetland,Built-up
1014,Bareland,Forest,Cropland,NULL,Non_Wetland,Forest
1015,Bareland,Forest,Lichens_and_Mosses,NULL,Non_Wetland,NULL
1016,Bareland,Forest,Lichens_and_Mosses,NULL,Non_Wetland,Bareland
1017,Bareland,Forest,Bareland,NULL,Non_Wetland,NULL
1018,Bareland,Forest,Bareland,NULL,Non_Wetland,Grassland
1019,Bareland,Forest,Bareland,NULL,Non_Wetland,Cropland
1020,Bareland,Forest,Bareland,NULL,Non_Wetland,Bareland
1021,Bareland,Forest,Bareland,NULL,Non_Wetland,Forest
1022,Bareland,Forest,Built-up,NULL,Non_Wetland,NULL
1023,Bareland,Forest,Built-up,NULL,Non_Wetland,Grassland
1024,Bareland,Forest,Built-up,NULL,Non_Wetland,Cropland
1025,Bareland,Forest,Built-up,NULL,Non_Wetland,Bareland
1026,Bareland,Forest,Forest,NULL,Non_Wetland,NULL
1027,Bareland,Forest,Forest,NULL,Non_Wetland,Cropland
1028,Bareland,Forest,Forest,NULL,Non_Wetland,Bareland
1029,Bareland,Forest,Forest,NULL,Non_Wetland,Forest
1030,Water,NULL,NULL,NULL,Non_Wetland,NULL
1031,Water,NULL,NULL,NULL,Non_Wetland,Grassland
1032,Water,NULL,NULL,NULL,Non_Wetland,Cropland
1033,Water,NULL,NULL,NULL,Non_Wetland,Bareland
1034,Water,NULL,NULL,NULL,Non_Wetland,Water
1035,Water,NULL,NULL,NULL,Non_Wetland,Forest
1036,Water,NULL,NULL,Non_Water,Non_Wetland,Grassland
1037,Water,NULL,NULL,Non_Water,Non_Wetland,Cropland
1038,Water,NULL,NULL,Water,Non_Wetland,Cropland
1039,Water,NULL,Shrubland,NULL,Non_Wetland,NULL
1040,Water,NULL,Shrubland,NULL,Non_Wetland,Grassland
1041,Water,NULL,Shrubland,NULL,Non_Wetland,Cropland
1042,Water,NULL,Shrubland,NULL,Non_Wetland,Bareland
1043,Water,NULL,Shrubland,Non_Water,Non_Wetland,Cropland
1044,Water,NULL,Shrubland,Water,Non_Wetland,Grassland
1045,Water,NULL,Shrubland,Water,Non_Wetland,Cropland
1046,Water,NULL,Grassland,NULL,Non_Wetland,NULL
1047,Water,NULL,Grassland,NULL,Non_Wetland,Grassland
1048,Water,NULL,Grassland,NULL,Non_Wetland,Cropland
1049,Water,NULL,Grassland,NULL,Non_Wetland,Bareland
1050,Water,NULL,Grassland,NULL,Non_Wetland,Water
1051,Water,NULL,Grassland,Non_Water,Non_Wetland,Grassland
1052,Water,NULL,Grassland,Non_Water,Non_Wetland,Cropland
1053,Water,NULL,Grassland,Non_Water,Non_Wetland,Water
1054,Water,NULL,Grassland,Water,Non_Wetland,Grassland
1055,Water,NULL,Grassland,Water,Non_Wetland,Cropland
1056,Water,NULL,Grassland,Water,Non_Wetland,Bareland
1057,Water,NULL,Grassland,Water,Non_Wetland,Water
1058,Water,NULL,Cropland,NULL,Non_Wetland,NULL
1059,Water,NULL,Cropland,NULL,Non_Wetland,Grassland
1060,Water,NULL,Cropland,NULL,Non_Wetland,Cropland
1061,Water,NULL,Cropland,NULL,Non_Wetland,Bareland
1062,Water,NULL,Cropland,NULL,Non_Wetland,Water
1063,Water,NULL,Cropland,Non_Water,Non_Wetland,Grassland
1064,Water,NULL,Cropland,Non_Water,Non_Wetland,Cropland
1065,Water,NULL,Cropland,Non_Water,Non_Wetland,Bareland
1066,Water,NULL,Cropland,Non_Water,Non_Wetland,Forest
1067,Water,NULL,Cropland,Water,Non_Wetland,NULL
1068,Water,NULL,Cropland,Water,Non_Wetland,Grassland
1069,Water,NULL,Cropland,Water,Non_Wetland,Cropland
1070,Water,NULL,Cropland,Water,Non_Wetland,Bareland
1071,Water,NULL,Cropland,Water,Non_Wetland,Water
1072,Water,NULL,Wetland,NULL,Wetland,Cropland
1073,Water,NULL,Wetland,NULL,Wetland,Bareland
1074,Water,NULL,Wetland,NULL,Wetland,Water
1075,Water,NULL,Wetland,Non_Water,Wetland,Water
1076,Water,NULL,Wetland,Water,Wetland,Cropland
1077,Water,NULL,Wetland,Water,Wetland,Bareland
1078,Water,NULL,Wetland,Water,Wetland,Water
1079,Water,NULL,Lichens_and_Mosses,Water,Non_Wetland,Bareland
1080,Water,NULL,Bareland,NULL,Non_Wetland,NULL
1081,Water,NULL,Bareland,NULL,Non_Wetland,Grassland
1082,Water,NULL,Bareland,NULL,Non_Wetland,Cropland
1083,Water,NULL,Bareland,NULL,Non_Wetland,Bareland
1084,Water,NULL,Bareland,NULL,Non_Wetland,Water
1085,Water,NULL,Bareland,Non_Water,Non_Wetland,Cropland
1086,Water,NULL,Bareland,Non_Water,Non_Wetland,Bareland
1087,Water,NULL,Bareland,Non_Water,Non_Wetland,Water
1088,Water,NULL,Bareland,Water,Non_Wetland,Grassland
1089,Water,NULL,Bareland,Water,Non_Wetland,Cropland
1090,Water,NULL,Bareland,Water,Non_Wetland,Bareland
1091,Water,NULL,Bareland,Water,Non_Wetland,Water
1092,Water,NULL,Built-up,NULL,Non_Wetland,NULL
1093,Water,NULL,Built-up,NULL,Non_Wetland,Cropland
1094,Water,NULL,Built-up,NULL,Non_Wetland,Water
1095,Water,NULL,Built-up,Water,Non_Wetland,NULL
1096,Water,NULL,Built-up,Water,Non_Wetland,Cropland
1097,Water,NULL,Built-up,Water,Non_Wetland,Forest
1098,Water,NULL,Water,NULL,Water,NULL
1099,Water,NULL,Water,NULL,Water,Grassland
1100,Water,NULL,Water,NULL,Water,Bareland
1101,Water,NULL,Water,Water,Water,Water
1102,Water,NULL,Water,Water,Water,Forest
1103,Water,NULL,Forest,NULL,Non_Wetland,NULL
1104,Water,NULL,Forest,NULL,Non_Wetland,Grassland
1105,Water,NULL,Forest,NULL,Non_Wetland,Cropland
1106,Water,NULL,Forest,NULL,Non_Wetland,Forest
1107,Water,NULL,Forest,Non_Water,Non_Wetland,Cropland
1108,Water,NULL,Forest,Water,Non_Wetland,Cropland
1109,Water,NULL,Forest,Water,Non_Wetland,Water
1110,Water,Cropland,NULL,NULL,Non_Wetland,Cropland
1111,Water,Cropland,Shrubland,NULL,Non_Wetland,Cropland
1112,Water,Cropland,Grassland,NULL,Non_Wetland,NULL
1113,Water,Cropland,Grassland,NULL,Non_Wetland,Grassland
1114,Water,Cropland,Grassland,NULL,Non_Wetland,Cropland
1115,Water,Cropland,Grassland,NULL,Non_Wetland,Bareland
1116,Water,Cropland,Grassland,NULL,Non_Wetland,Water
1117,Water,Cropland,Grassland,Water,Non_Wetland,Cropland
1118,Water,Cropland,Cropland,NULL,Non_Wetland,Grassland
1119,Water,Cropland,Cropland,NULL,Non_Wetland,Cropland
1120,Water,Cropland,Cropland,NULL,Non_Wetland,Bareland
1121,Water,Cropland,Cropland,NULL,Non_Wetland,Water
1122,Water,Cropland,Cropland,NULL,Non_Wetland,Forest
1123,Water,Cropland,Cropland,Non_Water,Non_Wetland,Grassland
1124,Water,Cropland,Cropland,Water,Non_Wetland,NULL
1125,Water,Cropland,Cropland,Water,Non_Wetland,Grassland
1126,Water,Cropland,Cropland,Water,Non_Wetland,Cropland
1127,Water,Cropland,Cropland,Water,Non_Wetland,Water
1128,Water,Cropland,Wetland,NULL,Wetland,Cropland
1129,Water,Cropland,Wetland,Non_Water,Wetland,Cropland
1130,Water,Cropland,Wetland,Water,Wetland,Water
1131,Water,Cropland,Bareland,NULL,Non_Wetland,NULL
1132,Water,Cropland,Bareland,NULL,Non_Wetland,Grassland
1133,Water,Cropland,Bareland,NULL,Non_Wetland,Cropland
1134,Water,Cropland,Bareland,Water,Non_Wetland,Water
1135,Water,Cropland,Built-up,NULL,Non_Wetland,Cropland
1136,Water,Bareland,Cropland,Water,Non_Wetland,Cropland
1137,Water,Bareland,Bareland,NULL,Non_Wetland,Bareland
1138,Water,Built-up,NULL,NULL,Non_Wetland,Forest
1139,Water,Built-up,Grassland,NULL,Non_Wetland,Grassland
1140,Water,Built-up,Grassland,NULL,Non_Wetland,Cropland
1141,Water,Built-up,Grassland,NULL,Non_Wetland,Bareland
1142,Water,Built-up,Cropland,NULL,Non_Wetland,Grassland
1143,Water,Built-up,Cropland,NULL,Non_Wetland,Cropland
1144,Water,Built-up,Cropland,NULL,Non_Wetland,Bareland
1145,Water,Built-up,Cropland,NULL,Non_Wetland,Built-up
1146,Water,Built-up,Cropland,Water,Non_Wetland,Bareland
1147,Water,Built-up,Wetland,NULL,Wetland,Cropland
1148,Water,Built-up,Wetland,Water,Wetland,Water
1149,Water,Built-up,Bareland,NULL,Non_Wetland,Cropland
1150,Water,Built-up,Bareland,NULL,Non_Wetland,Bareland
1151,Water,Built-up,Bareland,NULL,Non_Wetland,Water
1152,Water,Built-up,Bareland,Non_Water,Non_Wetland,Water
1153,Water,Built-up,Bareland,Water,Non_Wetland,Bareland
1154,Water,Built-up,Bareland,Water,Non_Wetland,Water
1155,Water,Built-up,Built-up,NULL,Non_Wetland,Cropland
1156,Water,Built-up,Built-up,NULL,Non_Wetland,Built-up
1157,Water,Built-up,Forest,NULL,Non_Wetland,Cropland
1158,Water,Water,NULL,NULL,Non_Wetland,NULL
1159,Water,Water,NULL,NULL,Non_Wetland,Grassland
1160,Water,Water,NULL,NULL,Non_Wetland,Cropland
1161,Water,Water,NULL,NULL,Non_Wetland,Wetland
1162,Water,Water,NULL,NULL,Non_Wetland,Bareland
1163,Water,Water,NULL,NULL,Non_Wetland,Water
1164,Water,Water,NULL,NULL,Non_Wetland,Forest
1165,Water,Water,NULL,Non_Water,Non_Wetland,Grassland
1166,Water,Water,NULL,Non_Water,Non_Wetland,Cropland
1167,Water,Water,NULL,Non_Water,Non_Wetland,Water
1168,Water,Water,NULL,Water,Non_Wetland,Grassland
1169,Water,Water,NULL,Water,Non_Wetland,Cropland
1170,Water,Water,NULL,Water,Non_Wetland,Water
1171,Water,Water,NULL,Water,Non_Wetland,Forest
1172,Water,Water,Shrubland,NULL,Non_Wetland,NULL
1173,Water,Water,Shrubland,NULL,Non_Wetland,Grassland
1174,Water,Water,Shrubland,NULL,Non_Wetland,Cropland
1175,Water,Water,Shrubland,NULL,Non_Wetland,Wetland
1176,Water,Water,Shrubland,NULL,Non_Wetland,Bareland
1177,Water,Water,Shrubland,NULL,Non_Wetland,Water
1178,Water,Water,Shrubland,NULL,Non_Wetland,Forest
1179,Water,Water,Shrubland,Non_Water,Non_Wetland,Grassland
1180,Water,Water,Shrubland,Non_Water,Non_Wetland,Cropland
1181,Water,Water,Shrubland,Non_Water,Non_Wetland,Water
1182,Water,Water,Shrubland,Water,Non_Wetland,Cropland
1183,Water,Water,Shrubland,Water,Non_Wetland,Water
1184,Water,Water,Grassland,NULL,Non_Wetland,NULL
1185,Water,Water,Grassland,NULL,Non_Wetland,Grassland
1186,Water,Water,Grassland,NULL,Non_Wetland,Cropland
1187,Water,Water,Grassland,NULL,Non_Wetland,Wetland
1188,Water,Water,Grassland,NULL,Non_Wetland,Bareland
1189,Water,Water,Grassland,NULL,Non_Wetland,Water
1190,Water,Water,Grassland,Non_Water,Non_Wetland,Grassland
1191,Water,Water,Grassland,Non_Water,Non_Wetland,Cropland
1192,Water,Water,Grassland,Non_Water,Non_Wetland,Bareland
1193,Water,Water,Grassland,Non_Water,Non_Wetland,Water
1194,Water,Water,Grassland,Water,Non_Wetland,Grassland
1195,Water,Water,Grassland,Water,Non_Wetland,Cropland
1196,Water,Water,Grassland,Water,Non_Wetland,Wetland
1197,Water,Water,Grassland,Water,Non_Wetland,Bareland
1198,Water,Water,Grassland,Water,Non_Wetland,Water
1199,Water,Water,Cropland,NULL,Non_Wetland,NULL
1200,Water,Water,Cropland,NULL,Non_Wetland,Grassland
1201,Water,Water,Cropland,NULL,Non_Wetland,Cropland
1202,Water,Water,Cropland,NULL,Non_Wetland,Wetland
1203,Water,Water,Cropland,NULL,Non_Wetland,Bareland
1204,Water,Water,Cropland,NULL,Non_Wetland,Built-up
1205,Water,Water,Cropland,NULL,Non_Wetland,Water
1206,Water,Water,Cropland,NULL,Non_Wetland,Forest
1207,Water,Water,Cropland,Non_Water,Non_Wetland,Grassland
1208,Water,Water,Cropland,Non_Water,Non_Wetland,Cropland
1209,Water,Water,Cropland,Non_Water,Non_Wetland,Bareland
1210,Water,Water,Cropland,Non_Water,Non_Wetland,Water
1211,Water,Water,Cropland,Water,Non_Wetland,NULL
1212,Water,Water,Cropland,Water,Non_Wetland,Grassland
1213,Water,Water,Cropland,Water,Non_Wetland,Cropland
1214,Water,Water,Cropland,Water,Non_Wetland,Bareland
1215,Water,Water,Cropland,Water,Non_Wetland,Water
1216,Water,Water,Wetland,NULL,Wetland,Grassland
1217,Water,Water,Wetland,NULL,Wetland,Cropland
1218,Water,Water,Wetland,NULL,Wetland,Wetland
1219,Water,Water,Wetland,NULL,Wetland,Bareland
1220,Water,Water,Wetland,NULL,Wetland,Water
1221,Water,Water,Wetland,NULL,Wetland,Forest
1222,Water,Water,Wetland,Non_Water,Wetland,Grassland
1223,Water,Water,Wetland,Non_Water,Wetland,Cropland
1224,Water,Water,Wetland,Non_Water,Wetland,Wetland
1225,Water,Water,Wetland,Non_Water,Wetland,Bareland
1226,Water,Water,Wetland,Non_Water,Wetland,Water
1227,Water,Water,Wetland,Water,Wetland,NULL
1228,Water,Water,Wetland,Water,Wetland,Grassland
1229,Water,Water,Wetland,Water,Wetland,Cropland
1230,Water,Water,Wetland,Water,Wetland,Wetland
1231,Water,Water,Wetland,Water,Wetland,Bareland
1232,Water,Water,Wetland,Water,Wetland,Water
1233,Water,Water,Wetland,Water,Wetland,Forest
1234,Water,Water,Bareland,NULL,Non_Wetland,NULL
1235,Water,Water,Bareland,NULL,Non_Wetland,Grassland
1236,Water,Water,Bareland,NULL,Non_Wetland,Cropland
1237,Water,Water,Bareland,NULL,Non_Wetland,Wetland
1238,Water,Water,Bareland,NULL,Non_Wetland,Bareland
1239,Water,Water,Bareland,NULL,Non_Wetland,Built-up
1240,Water,Water,Bareland,NULL,Non_Wetland,Water
1241,Water,Water,Bareland,NULL,Non_Wetland,Forest
1242,Water,Water,Bareland,Non_Water,Non_Wetland,Grassland
1243,Water,Water,Bareland,Non_Water,Non_Wetland,Cropland
1244,Water,Water,Bareland,Non_Water,Non_Wetland,Bareland
1245,Water,Water,Bareland,Non_Water,Non_Wetland,Water
1246,Water,Water,Bareland,Water,Non_Wetland,NULL
1247,Water,Water,Bareland,Water,Non_Wetland,Grassland
1248,Water,Water,Bareland,Water,Non_Wetland,Cropland
1249,Water,Water,Bareland,Water,Non_Wetland,Bareland
1250,Water,Water,Bareland,Water,Non_Wetland,Water
1251,Water,Water,Bareland,Water,Non_Wetland,Forest
1252,Water,Water,Built-up,NULL,Non_Wetland,NULL
1253,Water,Water,Built-up,NULL,Non_Wetland,Grassland
1254,Water,Water,Built-up,NULL,Non_Wetland,Cropland
1255,Water,Water,Built-up,NULL,Non_Wetland,Wetland
1256,Water,Water,Built-up,NULL,Non_Wetland,Built-up
1257,Water,Water,Built-up,NULL,Non_Wetland,Water
1258,Water,Water,Built-up,NULL,Non_Wetland,Forest
1259,Water,Water,Built-up,Water,Non_Wetland,NULL
1260,Water,Water,Built-up,Water,Non_Wetland,Cropland
1261,Water,Water,Built-up,Water,Non_Wetland,Bareland
1262,Water,Water,Built-up,Water,Non_Wetland,Water
1263,Water,Water,Water,NULL,Water,Grassland
1264,Water,Water,Water,NULL,Water,Cropland
1265,Water,Water,Water,NULL,Water,Wetland
1266,Water,Water,Water,NULL,Water,Water
1267,Water,Water,Water,NULL,Water,Forest
1268,Water,Water,Water,Non_Water,Water,Cropland
1269,Water,Water,Water,Non_Water,Water,Bareland
1270,Water,Water,Water,Non_Water,Water,Water
1271,Water,Water,Water,Water,Water,Cropland
1272,Water,Water,Water,Water,Water,Water
1273,Water,Water,Water,Water,Water,Forest
1274,Water,Water,Forest,NULL,Non_Wetland,NULL
1275,Water,Water,Forest,NULL,Non_Wetland,Grassland
1276,Water,Water,Forest,NULL,Non_Wetland,Cropland
1277,Water,Water,Forest,NULL,Non_Wetland,Wetland
1278,Water,Water,Forest,NULL,Non_Wetland,Bareland
1279,Water,Water,Forest,NULL,Non_Wetland,Water
1280,Water,Water,Forest,NULL,Non_Wetland,Forest
1281,Water,Water,Forest,Non_Water,Non_Wetland,Cropland
1282,Water,Water,Forest,Non_Water,Non_Wetland,Wetland
1283,Water,Water,Forest,Water,Non_Wetland,NULL
1284,Water,Water,Forest,Water,Non_Wetland,Grassland
1285,Water,Water,Forest,Water,Non_Wetland,Cropland
1286,Water,Water,Forest,Water,Non_Wetland,Water
1287,Water,Forest,NULL,NULL,Non_Wetland,NULL
1288,Water,Forest,NULL,NULL,Non_Wetland,Grassland
1289,Water,Forest,NULL,NULL,Non_Wetland,Cropland
1290,Water,Forest,NULL,NULL,Non_Wetland,Wetland
1291,Water,Forest,Cropland,NULL,Non_Wetland,Cropland
1292,Water,Forest,Cropland,NULL,Non_Wetland,Forest
1293,Water,Forest,Bareland,NULL,Non_Wetland,Cropland
1294,Water,Forest,Bareland,NULL,Non_Wetland,Bareland
1295,Water,Forest,Built-up,NULL,Non_Wetland,Wetland
1296,Water,Forest,Water,NULL,Water,Water
1297,Water,Forest,Forest,NULL,Non_Wetland,NULL
1298,Water,Forest,Forest,NULL,Non_Wetland,Wetland
1299,Water,Forest,Forest,NULL,Non_Wetland,Water
1300,Water,Forest,Forest,NULL,Non_Wetland,Forest
1301,Forest,NULL,NULL,NULL,Non_Wetland,NULL
1302,Forest,NULL,NULL,NULL,Non_Wetland,Grassland
1303,Forest,NULL,NULL,NULL,Non_Wetland,Cropland
1304,Forest,NULL,NULL,NULL,Non_Wetland,Bareland
1305,Forest,NULL,NULL,NULL,Non_Wetland,Built-up
1306,Forest,NULL,NULL,NULL,Non_Wetland,Forest
1307,Forest,NULL,NULL,Non_Water,Non_Wetland,NULL
1308,Forest,NULL,NULL,Non_Water,Non_Wetland,Cropland
1309,Forest,NULL,NULL,Water,Non_Wetland,Forest
1310,Forest,NULL,Shrubland,NULL,Non_Wetland,NULL
1311,Forest,NULL,Shrubland,NULL,Non_Wetland,Grassland
1312,Forest,NULL,Shrubland,NULL,Non_Wetland,Cropland
1313,Forest,NULL,Shrubland,NULL,Non_Wetland,Bareland
1314,Forest,NULL,Shrubland,NULL,Non_Wetland,Built-up
1315,Forest,NULL,Shrubland,NULL,Non_Wetland,Water
1316,Forest,NULL,Shrubland,NULL,Non_Wetland,Forest
1317,Forest,NULL,Shrubland,Non_Water,Non_Wetland,Cropland
1318,Forest,NULL,Grassland,NULL,Non_Wetland,NULL
1319,Forest,NULL,Grassland,NULL,Non_Wetland,Grassland
1320,Forest,NULL,Grassland,NULL,Non_Wetland,Cropland
1321,Forest,NULL,Grassland,NULL,Non_Wetland,Bareland
1322,Forest,NULL,Grassland,NULL,Non_Wetland,Built-up
1323,Forest,NULL,Grassland,NULL,Non_Wetland,Forest
1324,Forest,NULL,Grassland,Non_Water,Non_Wetland,NULL
1325,Forest,NULL,Grassland,Non_Water,Non_Wetland,Cropland
1326,Forest,NULL,Cropland,NULL,Non_Wetland,NULL
1327,Forest,NULL,Cropland,NULL,Non_Wetland,Grassland
1328,Forest,NULL,Cropland,NULL,Non_Wetland,Cropland
1329,Forest,NULL,Cropland,NULL,Non_Wetland,Bareland
1330,Forest,NULL,Cropland,NULL,Non_Wetland,Built-up
1331,Forest,NULL,Cropland,NULL,Non_Wetland,Water
1332,Forest,NULL,Cropland,NULL,Non_Wetland,Forest
1333,Forest,NULL,Cropland,Non_Water,Non_Wetland,NULL
1334,Forest,NULL,Cropland,Non_Water,Non_Wetland,Cropland
1335,Forest,NULL,Cropland,Water,Non_Wetland,Cropland
1336,Forest,NULL,Cropland,Water,Non_Wetland,Forest
1337,Forest,NULL,Lichens_and_Mosses,NULL,Non_Wetland,NULL
1338,Forest,NULL,Lichens_and_Mosses,NULL,Non_Wetland,Grassland
1339,Forest,NULL,Lichens_and_Mosses,NULL,Non_Wetland,Cropland
1340,Forest,NULL,Lichens_and_Mosses,NULL,Non_Wetland,Bareland
1341,Forest,NULL,Lichens_and_Mosses,NULL,Non_Wetland,Forest
1342,Forest,NULL,Bareland,NULL,Non_Wetland,NULL
1343,Forest,NULL,Bareland,NULL,Non_Wetland,Grassland
1344,Forest,NULL,Bareland,NULL,Non_Wetland,Cropland
1345,Forest,NULL,Bareland,NULL,Non_Wetland,Bareland
1346,Forest,NULL,Bareland,NULL,Non_Wetland,Built-up
1347,Forest,NULL,Bareland,NULL,Non_Wetland,Water
1348,Forest,NULL,Bareland,NULL,Non_Wetland,Forest
1349,Forest,NULL,Bareland,Non_Water,Non_Wetland,Cropland
1350,Forest,NULL,Bareland,Water,Non_Wetland,Grassland
1351,Forest,NULL,Bareland,Water,Non_Wetland,Cropland
1352,Forest,NULL,Bareland,Water,Non_Wetland,Wetland
1353,Forest,NULL,Built-up,NULL,Non_Wetland,NULL
1354,Forest,NULL,Built-up,NULL,Non_Wetland,Grassland
1355,Forest,NULL,Built-up,NULL,Non_Wetland,Cropland
1356,Forest,NULL,Built-up,NULL,Non_Wetland,Bareland
1357,Forest,NULL,Built-up,NULL,Non_Wetland,Built-up
1358,Forest,NULL,Built-up,NULL,Non_Wetland,Forest
1359,Forest,NULL,Built-up,Non_Water,Non_Wetland,Water
1360,Forest,NULL,Water,NULL,Water,NULL
1361,Forest,NULL,Water,NULL,Water,Grassland
1362,Forest,NULL,Water,NULL,Water,Bareland
1363,Forest,NULL,Water,NULL,Water,Forest
1364,Forest,NULL,Water,Water,Water,Forest
1365,Forest,NULL,Forest,NULL,Non_Wetland,NULL
1366,Forest,NULL,Forest,NULL,Non_Wetland,Grassland
1367,Forest,NULL,Forest,NULL,Non_Wetland,Cropland
1368,Forest,NULL,Forest,NULL,Non_Wetland,Wetland
1369,Forest,NULL,Forest,NULL,Non_Wetland,Bareland
1370,Forest,NULL,Forest,NULL,Non_Wetland,Built-up
1371,Forest,NULL,Forest,NULL,Non_Wetland,Forest
1372,Forest,NULL,Forest,Non_Water,Non_Wetland,NULL
1373,Forest,NULL,Forest,Water,Non_Wetland,Cropland
1374,Forest,NULL,Forest,Water,Non_Wetland,Wetland
1375,Forest,NULL,Forest,Water,Non_Wetland,Forest
1376,Forest,Cropland,NULL,NULL,Non_Wetland,NULL
1377,Forest,Cropland,NULL,NULL,Non_Wetland,Grassland
1378,Forest,Cropland,NULL,NULL,Non_Wetland,Cropland
1379,Forest,Cropland,NULL,NULL,Non_Wetland,Forest
1380,Forest,Cropland,Shrubland,NULL,Non_Wetland,NULL
1381,Forest,Cropland,Shrubland,NULL,Non_Wetland,Grassland
1382,Forest,Cropland,Shrubland,NULL,Non_Wetland,Cropland
1383,Forest,Cropland,Shrubland,NULL,Non_Wetland,Forest
1384,Forest,Cropland,Grassland,NULL,Non_Wetland,NULL
1385,Forest,Cropland,Grassland,NULL,Non_Wetland,Grassland
1386,Forest,Cropland,Grassland,NULL,Non_Wetland,Cropland
1387,Forest,Cropland,Grassland,NULL,Non_Wetland,Bareland
1388,Forest,Cropland,Grassland,NULL,Non_Wetland,Forest
1389,Forest,Cropland,Cropland,NULL,Non_Wetland,NULL
1390,Forest,Cropland,Cropland,NULL,Non_Wetland,Grassland
1391,Forest,Cropland,Cropland,NULL,Non_Wetland,Cropland
1392,Forest,Cropland,Cropland,NULL,Non_Wetland,Bareland
1393,Forest,Cropland,Cropland,NULL,Non_Wetland,Forest
1394,Forest,Cropland,Lichens_and_Mosses,NULL,Non_Wetland,NULL
1395,Forest,Cropland,Lichens_and_Mosses,NULL,Non_Wetland,Cropland
1396,Forest,Cropland,Bareland,NULL,Non_Wetland,NULL
1397,Forest,Cropland,Bareland,NULL,Non_Wetland,Grassland
1398,Forest,Cropland,Bareland,NULL,Non_Wetland,Cropland
1399,Forest,Cropland,Bareland,NULL,Non_Wetland,Forest
1400,Forest,Cropland,Built-up,NULL,Non_Wetland,NULL
1401,Forest,Cropland,Built-up,NULL,Non_Wetland,Cropland
1402,Forest,Cropland,Built-up,NULL,Non_Wetland,Wetland
1403,Forest,Cropland,Built-up,NULL,Non_Wetland,Built-up
1404,Forest,Cropland,Built-up,NULL,Non_Wetland,Forest
1405,Forest,Cropland,Forest,NULL,Non_Wetland,NULL
1406,Forest,Cropland,Forest,NULL,Non_Wetland,Grassland
1407,Forest,Cropland,Forest,NULL,Non_Wetland,Cropland
1408,Forest,Cropland,Forest,NULL,Non_Wetland,Built-up
1409,Forest,Cropland,Forest,NULL,Non_Wetland,Forest
1410,Forest,Bareland,Grassland,NULL,Non_Wetland,Cropland
1411,Forest,Bareland,Cropland,NULL,Non_Wetland,Cropland
1412,Forest,Built-up,NULL,NULL,Non_Wetland,NULL
1413,Forest,Built-up,NULL,NULL,Non_Wetland,Grassland
1414,Forest,Built-up,NULL,NULL,Non_Wetland,Cropland
1415,Forest,Built-up,NULL,NULL,Non_Wetland,Built-up
1416,Forest,Built-up,NULL,NULL,Non_Wetland,Forest
1417,Forest,Built-up,Shrubland,NULL,Non_Wetland,NULL
1418,Forest,Built-up,Shrubland,NULL,Non_Wetland,Grassland
1419,Forest,Built-up,Shrubland,NULL,Non_Wetland,Cropland
1420,Forest,Built-up,Shrubland,NULL,Non_Wetland,Bareland
1421,Forest,Built-up,Shrubland,NULL,Non_Wetland,Built-up
1422,Forest,Built-up,Shrubland,NULL,Non_Wetland,Forest
1423,Forest,Built-up,Grassland,NULL,Non_Wetland,NULL
1424,Forest,Built-up,Grassland,NULL,Non_Wetland,Grassland
1425,Forest,Built-up,Grassland,NULL,Non_Wetland,Cropland
1426,Forest,Built-up,Grassland,NULL,Non_Wetland,Forest
1427,Forest,Built-up,Cropland,NULL,Non_Wetland,NULL
1428,Forest,Built-up,Cropland,NULL,Non_Wetland,Grassland
1429,Forest,Built-up,Cropland,NULL,Non_Wetland,Cropland
1430,Forest,Built-up,Cropland,NULL,Non_Wetland,Built-up
1431,Forest,Built-up,Cropland,NULL,Non_Wetland,Forest
1432,Forest,Built-up,Cropland,Non_Water,Non_Wetland,Forest
1433,Forest,Built-up,Lichens_and_Mosses,NULL,Non_Wetland,Built-up
1434,Forest,Built-up,Bareland,NULL,Non_Wetland,NULL
1435,Forest,Built-up,Bareland,NULL,Non_Wetland,Grassland
1436,Forest,Built-up,Bareland,NULL,Non_Wetland,Bareland
1437,Forest,Built-up,Bareland,NULL,Non_Wetland,Forest
1438,Forest,Built-up,Built-up,NULL,Non_Wetland,NULL
1439,Forest,Built-up,Built-up,NULL,Non_Wetland,Grassland
1440,Forest,Built-up,Built-up,NULL,Non_Wetland,Cropland
1441,Forest,Built-up,Built-up,NULL,Non_Wetland,Built-up
1442,Forest,Built-up,Built-up,NULL,Non_Wetland,Forest
1443,Forest,Built-up,Forest,NULL,Non_Wetland,NULL
1444,Forest,Built-up,Forest,NULL,Non_Wetland,Grassland
1445,Forest,Built-up,Forest,NULL,Non_Wetland,Cropland
1446,Forest,Built-up,Forest,NULL,Non_Wetland,Built-up
1447,Forest,Built-up,Forest,NULL,Non_Wetland,Forest
1448,Forest,Water,NULL,NULL,Non_Wetland,NULL
1449,Forest,Water,NULL,NULL,Non_Wetland,Grassland
1450,Forest,Water,NULL,NULL,Non_Wetland,Cropland
1451,Forest,Water,NULL,NULL,Non_Wetland,Wetland
1452,Forest,Water,NULL,NULL,Non_Wetland,Water
1453,Forest,Water,NULL,NULL,Non_Wetland,Forest
1454,Forest,Water,Shrubland,NULL,Non_Wetland,NULL
1455,Forest,Water,Shrubland,NULL,Non_Wetland,Grassland
1456,Forest,Water,Shrubland,NULL,Non_Wetland,Water
1457,Forest,Water,Shrubland,NULL,Non_Wetland,Forest
1458,Forest,Water,Grassland,NULL,Non_Wetland,Water
1459,Forest,Water,Cropland,NULL,Non_Wetland,NULL
1460,Forest,Water,Cropland,NULL,Non_Wetland,Grassland
1461,Forest,Water,Cropland,NULL,Non_Wetland,Cropland
1462,Forest,Water,Cropland,NULL,Non_Wetland,Water
1463,Forest,Water,Cropland,NULL,Non_Wetland,Forest
1464,Forest,Water,Cropland,Water,Non_Wetland,Forest
1465,Forest,Water,Bareland,NULL,Non_Wetland,NULL
1466,Forest,Water,Bareland,NULL,Non_Wetland,Cropland
1467,Forest,Water,Bareland,NULL,Non_Wetland,Water
1468,Forest,Water,Bareland,NULL,Non_Wetland,Forest
1469,Forest,Water,Built-up,NULL,Non_Wetland,Cropland
1470,Forest,Water,Forest,NULL,Non_Wetland,NULL
1471,Forest,Water,Forest,NULL,Non_Wetland,Grassland
1472,Forest,Water,Forest,NULL,Non_Wetland,Cropland
1473,Forest,Water,Forest,NULL,Non_Wetland,Water
1474,Forest,Water,Forest,NULL,Non_Wetland,Forest
1475,Forest,Water,Forest,Non_Water,Non_Wetland,NULL
1476,Forest,Water,Forest,Water,Non_Wetland,Forest
1477,Forest,Forest,NULL,NULL,Non_Wetland,NULL
1478,Forest,Forest,NULL,NULL,Non_Wetland,Grassland
1479,Forest,Forest,NULL,NULL,Non_Wetland,Cropland
1480,Forest,Forest,NULL,NULL,Non_Wetland,Bareland
1481,Forest,Forest,NULL,NULL,Non_Wetland,Built-up
1482,Forest,Forest,NULL,NULL,Non_Wetland,Water
1483,Forest,Forest,NULL,NULL,Non_Wetland,Forest
1484,Forest,Forest,NULL,Non_Water,Non_Wetland,NULL
1485,Forest,Forest,NULL,Non_Water,Non_Wetland,Cropland
1486,Forest,Forest,NULL,Non_Water,Non_Wetland,Forest
1487,Forest,Forest,Shrubland,NULL,Non_Wetland,NULL
1488,Forest,Forest,Shrubland,NULL,Non_Wetland,Grassland
1489,Forest,Forest,Shrubland,NULL,Non_Wetland,Cropland
1490,Forest,Forest,Shrubland,NULL,Non_Wetland,Bareland
1491,Forest,Forest,Shrubland,NULL,Non_Wetland,Built-up
1492,Forest,Forest,Shrubland,NULL,Non_Wetland,Forest
1493,Forest,Forest,Shrubland,Water,Non_Wetland,Wetland
1494,Forest,Forest,Grassland,NULL,Non_Wetland,NULL
1495,Forest,Forest,Grassland,NULL,Non_Wetland,Grassland
1496,Forest,Forest,Grassland,NULL,Non_Wetland,Cropland
1497,Forest,Forest,Grassland,NULL,Non_Wetland,Bareland
1498,Forest,Forest,Grassland,NULL,Non_Wetland,Built-up
1499,Forest,Forest,Grassland,NULL,Non_Wetland,Forest
1500,Forest,Forest,Grassland,Non_Water,Non_Wetland,NULL
1501,Forest,Forest,Grassland,Non_Water,Non_Wetland,Cropland
1502,Forest,Forest,Grassland,Non_Water,Non_Wetland,Bareland
1503,Forest,Forest,Cropland,NULL,Non_Wetland,NULL
1504,Forest,Forest,Cropland,NULL,Non_Wetland,Grassland
1505,Forest,Forest,Cropland,NULL,Non_Wetland,Cropland
1506,Forest,Forest,Cropland,NULL,Non_Wetland,Bareland
1507,Forest,Forest,Cropland,NULL,Non_Wetland,Built-up
1508,Forest,Forest,Cropland,NULL,Non_Wetland,Forest
1509,Forest,Forest,Cropland,Non_Water,Non_Wetland,NULL
1510,Forest,Forest,Cropland,Non_Water,Non_Wetland,Forest
1511,Forest,Forest,Cropland,Water,Non_Wetland,Cropland
1512,Forest,Forest,Lichens_and_Mosses,NULL,Non_Wetland,NULL
1513,Forest,Forest,Lichens_and_Mosses,NULL,Non_Wetland,Grassland
1514,Forest,Forest,Lichens_and_Mosses,NULL,Non_Wetland,Cropland
1515,Forest,Forest,Lichens_and_Mosses,NULL,Non_Wetland,Bareland
1516,Forest,Forest,Lichens_and_Mosses,NULL,Non_Wetland,Forest
1517,Forest,Forest,Bareland,NULL,Non_Wetland,NULL
1518,Forest,Forest,Bareland,NULL,Non_Wetland,Grassland
1519,Forest,Forest,Bareland,NULL,Non_Wetland,Cropland
1520,Forest,Forest,Bareland,NULL,Non_Wetland,Bareland
1521,Forest,Forest,Bareland,NULL,Non_Wetland,Forest
1522,Forest,Forest,Bareland,Water,Non_Wetland,Wetland
1523,Forest,Forest,Bareland,Water,Non_Wetland,Forest
1524,Forest,Forest,Built-up,NULL,Non_Wetland,NULL
1525,Forest,Forest,Built-up,NULL,Non_Wetland,Grassland
1526,Forest,Forest,Built-up,NULL,Non_Wetland,Cropland
1527,Forest,Forest,Built-up,NULL,Non_Wetland,Built-up
1528,Forest,Forest,Built-up,NULL,Non_Wetland,Forest
1529,Forest,Forest,Built-up,Water,Non_Wetland,Forest
1530,Forest,Forest,Water,NULL,Water,Forest
1531,Forest,Forest,Water,Water,Water,Wetland
1532,Forest,Forest,Forest,NULL,Non_Wetland,NULL
1533,Forest,Forest,Forest,NULL,Non_Wetland,Grassland
1534,Forest,Forest,Forest,NULL,Non_Wetland,Cropland
1535,Forest,Forest,Forest,NULL,Non_Wetland,Bareland
1536,Forest,Forest,Forest,NULL,Non_Wetland,Built-up
1537,Forest,Forest,Forest,NULL,Non_Wetland,Water
1538,Forest,Forest,Forest,NULL,Non_Wetland,Forest
1539,Forest,Forest,Forest,Non_Water,Non_Wetland,NULL
1540,Forest,Forest,Forest,Non_Water,Non_Wetland,Cropland
1541,Forest,Forest,Forest,Non_Water,Non_Wetland,Forest
1542,Forest,Forest,Forest,Water,Non_Wetland,Cropland
1543,Forest,Forest,Forest,Water,Non_Wetland,Wetland
1544,Forest,Forest,Forest,Water,Non_Wetland,Forest
