Value,AFRICA_2024_DynamicWorld_2024_35NQJ_M_R,AFRICA_2024_ESRI_Annual_LULC_2024_35NQJ_M_R,AFRICA_2024_GLC_FCS30D_2022_35NQJ_M_R,AFRICA_2024_GSW_Yearly_2021_35NQJ_M_R,AFRICA_2024_GWL_FCS30D_2022_35NQJ_M_R,AFRICA_2024_WorldCover_2021_35NQJ_M_R
0,NULL,NULL,NULL,NULL,Non_Wetland,NULL
1,NULL,NULL,NULL,NULL,Non_Wetland,Grassland
2,NULL,NULL,NULL,NULL,Non_Wetland,Cropland
3,NULL,NULL,NULL,NULL,Non_Wetland,Wetland
4,NULL,NULL,NULL,NULL,Non_Wetland,Bareland
5,NULL,NULL,NULL,NULL,Non_Wetland,Built-up
6,NULL,NULL,NULL,NULL,Non_Wetland,Forest
7,NULL,NULL,NULL,Non_Water,Non_Wetland,Grassland
8,NULL,NULL,NULL,Non_Water,Non_Wetland,Wetland
9,NULL,NULL,NULL,Water,Non_Wetland,Grassland
10,NULL,NULL,NULL,Water,Non_Wetland,Cropland
11,NULL,NULL,NULL,Water,Non_Wetland,Bareland
12,NULL,NULL,Shrubland,NULL,Non_Wetland,NULL
13,NULL,NULL,Shrubland,NULL,Non_Wetland,Grassland
14,NULL,NULL,Shrubland,NULL,Non_Wetland,Cropland
15,NULL,NULL,Shrubland,NULL,Non_Wetland,Wetland
16,NULL,NULL,Shrubland,NULL,Non_Wetland,Bareland
17,NULL,NULL,Shrubland,NULL,Non_Wetland,Built-up
18,NULL,NULL,Shrubland,NULL,Non_Wetland,Forest
19,NULL,NULL,Shrubland,Non_Water,Non_Wetland,NULL
20,NULL,NULL,Shrubland,Non_Water,Non_Wetland,Grassland
21,NULL,NULL,Shrubland,Non_Water,Non_Wetland,Cropland
22,NULL,NULL,Shrubland,Non_Water,Non_Wetland,Wetland
23,NULL,NULL,Shrubland,Non_Water,Non_Wetland,Forest
24,NULL,NULL,Shrubland,Water,Non_Wetland,Grassland
25,NULL,NULL,Shrubland,Water,Non_Wetland,Cropland
26,NULL,NULL,Shrubland,Water,Non_Wetland,Wetland
27,NULL,NULL,Shrubland,Water,Non_Wetland,Bareland
28,NULL,NULL,Grassland,NULL,Non_Wetland,NULL
29,NULL,NULL,Grassland,NULL,Non_Wetland,Grassland
30,NULL,NULL,Grassland,NULL,Non_Wetland,Cropland
31,NULL,NULL,Grassland,NULL,Non_Wetland,Wetland
32,NULL,NULL,Grassland,NULL,Non_Wetland,Bareland
33,NULL,NULL,Grassland,NULL,Non_Wetland,Built-up
34,NULL,NULL,Grassland,NULL,Non_Wetland,Forest
35,NULL,NULL,Grassland,Non_Water,Non_Wetland,Grassland
36,NULL,NULL,Grassland,Water,Non_Wetland,Grassland
37,NULL,NULL,Cropland,NULL,Non_Wetland,NULL
38,NULL,NULL,Cropland,NULL,Non_Wetland,Grassland
39,NULL,NULL,Cropland,NULL,Non_Wetland,Cropland
40,NULL,NULL,Cropland,NULL,Non_Wetland,Wetland
41,NULL,NULL,Cropland,NULL,Non_Wetland,Bareland
42,NULL,NULL,Cropland,NULL,Non_Wetland,Built-up
43,NULL,NULL,Cropland,NULL,Non_Wetland,Forest
44,NULL,NULL,Cropland,Non_Water,Non_Wetland,Wetland
45,NULL,NULL,Cropland,Water,Non_Wetland,Grassland
46,NULL,NULL,Cropland,Water,Non_Wetland,Wetland
47,NULL,NULL,Cropland,Water,Non_Wetland,Bareland
48,NULL,NULL,Wetland,NULL,Wetland,NULL
49,NULL,NULL,Wetland,NULL,Wetland,Grassland
50,NULL,NULL,Wetland,NULL,Wetland,Cropland
51,NULL,NULL,Wetland,NULL,Wetland,Wetland
52,NULL,NULL,Wetland,NULL,Wetland,Forest
53,NULL,NULL,Wetland,Non_Water,Wetland,Grassland
54,NULL,NULL,Wetland,Non_Water,Wetland,Wetland
55,NULL,NULL,Wetland,Water,Wetland,Grassland
56,NULL,NULL,Wetland,Water,Wetland,Wetland
57,NULL,NULL,Lichens_and_Mosses,NULL,Non_Wetland,Grassland
58,NULL,NULL,Lichens_and_Mosses,NULL,Non_Wetland,Bareland
59,NULL,NULL,Bareland,NULL,Non_Wetland,NULL
60,NULL,NULL,Bareland,NULL,Non_Wetland,Grassland
61,NULL,NULL,Bareland,NULL,Non_Wetland,Cropland
62,NULL,NULL,Bareland,NULL,Non_Wetland,Wetland
63,NULL,NULL,Bareland,NULL,Non_Wetland,Bareland
64,NULL,NULL,Bareland,Water,Non_Wetland,Grassland
65,NULL,NULL,Bareland,Water,Non_Wetland,Bareland
66,NULL,NULL,Built-up,NULL,Non_Wetland,NULL
67,NULL,NULL,Built-up,NULL,Non_Wetland,Grassland
68,NULL,NULL,Built-up,NULL,Non_Wetland,Wetland
69,NULL,NULL,Built-up,NULL,Non_Wetland,Bareland
70,NULL,NULL,Built-up,NULL,Non_Wetland,Built-up
71,NULL,NULL,Built-up,NULL,Non_Wetland,Forest
72,NULL,NULL,Built-up,Water,Non_Wetland,Grassland
73,NULL,NULL,Water,NULL,Water,Grassland
74,NULL,NULL,Water,Water,Water,Grassland
75,NULL,NULL,Forest,NULL,Non_Wetland,NULL
76,NULL,NULL,Forest,NULL,Non_Wetland,Grassland
77,NULL,NULL,Forest,NULL,Non_Wetland,Cropland
78,NULL,NULL,Forest,NULL,Non_Wetland,Wetland
79,NULL,NULL,Forest,NULL,Non_Wetland,Bareland
80,NULL,NULL,Forest,NULL,Non_Wetland,Built-up
81,NULL,NULL,Forest,NULL,Non_Wetland,Forest
82,NULL,NULL,Forest,Non_Water,Non_Wetland,NULL
83,NULL,NULL,Forest,Non_Water,Non_Wetland,Grassland
84,NULL,NULL,Forest,Non_Water,Non_Wetland,Wetland
85,NULL,NULL,Forest,Non_Water,Non_Wetland,Forest
86,NULL,Cropland,NULL,NULL,Non_Wetland,NULL
87,NULL,Cropland,NULL,NULL,Non_Wetland,Grassland
88,NULL,Cropland,NULL,NULL,Non_Wetland,Cropland
89,NULL,Cropland,NULL,NULL,Non_Wetland,Bareland
90,NULL,Cropland,NULL,NULL,Non_Wetland,Built-up
91,NULL,Cropland,NULL,NULL,Non_Wetland,Forest
92,NULL,Cropland,Shrubland,NULL,Non_Wetland,NULL
93,NULL,Cropland,Shrubland,NULL,Non_Wetland,Grassland
94,NULL,Cropland,Shrubland,NULL,Non_Wetland,Cropland
95,NULL,Cropland,Shrubland,NULL,Non_Wetland,Wetland
96,NULL,Cropland,Shrubland,NULL,Non_Wetland,Bareland
97,NULL,Cropland,Shrubland,NULL,Non_Wetland,Built-up
98,NULL,Cropland,Shrubland,NULL,Non_Wetland,Forest
99,NULL,Cropland,Shrubland,Non_Water,Non_Wetland,Grassland
100,NULL,Cropland,Shrubland,Non_Water,Non_Wetland,Cropland
101,NULL,Cropland,Shrubland,Non_Water,Non_Wetland,Wetland
102,NULL,Cropland,Shrubland,Water,Non_Wetland,Grassland
103,NULL,Cropland,Shrubland,Water,Non_Wetland,Wetland
104,NULL,Cropland,Grassland,NULL,Non_Wetland,Grassland
105,NULL,Cropland,Grassland,NULL,Non_Wetland,Cropland
106,NULL,Cropland,Grassland,NULL,Non_Wetland,Bareland
107,NULL,Cropland,Grassland,NULL,Non_Wetland,Built-up
108,NULL,Cropland,Cropland,NULL,Non_Wetland,Grassland
109,NULL,Cropland,Cropland,NULL,Non_Wetland,Bareland
110,NULL,Cropland,Wetland,NULL,Wetland,Grassland
111,NULL,Cropland,Wetland,NULL,Wetland,Wetland
112,NULL,Cropland,Built-up,NULL,Non_Wetland,Grassland
113,NULL,Cropland,Built-up,NULL,Non_Wetland,Bareland
114,NULL,Cropland,Built-up,NULL,Non_Wetland,Built-up
115,NULL,Cropland,Forest,NULL,Non_Wetland,NULL
116,NULL,Cropland,Forest,NULL,Non_Wetland,Grassland
117,NULL,Cropland,Forest,NULL,Non_Wetland,Cropland
118,NULL,Cropland,Forest,NULL,Non_Wetland,Wetland
119,NULL,Cropland,Forest,NULL,Non_Wetland,Bareland
120,NULL,Cropland,Forest,NULL,Non_Wetland,Forest
121,NULL,Wetland,NULL,NULL,Non_Wetland,Grassland
122,NULL,Wetland,NULL,NULL,Non_Wetland,Wetland
123,NULL,Wetland,Shrubland,NULL,Non_Wetland,NULL
124,NULL,Wetland,Shrubland,NULL,Non_Wetland,Grassland
125,NULL,Wetland,Shrubland,NULL,Non_Wetland,Cropland
126,NULL,Wetland,Shrubland,NULL,Non_Wetland,Wetland
127,NULL,Wetland,Shrubland,NULL,Non_Wetland,Forest
128,NULL,Wetland,Wetland,NULL,Wetland,Wetland
129,NULL,Wetland,Forest,NULL,Non_Wetland,NULL
130,NULL,Wetland,Forest,NULL,Non_Wetland,Grassland
131,NULL,Wetland,Forest,NULL,Non_Wetland,Wetland
132,NULL,Wetland,Forest,NULL,Non_Wetland,Forest
133,NULL,Built-up,NULL,NULL,Non_Wetland,Grassland
134,NULL,Built-up,NULL,NULL,Non_Wetland,Forest
135,NULL,Built-up,Shrubland,NULL,Non_Wetland,NULL
136,NULL,Built-up,Shrubland,NULL,Non_Wetland,Grassland
137,NULL,Built-up,Shrubland,NULL,Non_Wetland,Cropland
138,NULL,Built-up,Shrubland,NULL,Non_Wetland,Wetland
139,NULL,Built-up,Shrubland,NULL,Non_Wetland,Bareland
140,NULL,Built-up,Shrubland,NULL,Non_Wetland,Built-up
141,NULL,Built-up,Shrubland,NULL,Non_Wetland,Forest
142,NULL,Built-up,Grassland,NULL,Non_Wetland,Grassland
143,NULL,Built-up,Grassland,NULL,Non_Wetland,Bareland
144,NULL,Built-up,Grassland,NULL,Non_Wetland,Built-up
145,NULL,Built-up,Cropland,NULL,Non_Wetland,Grassland
146,NULL,Built-up,Cropland,NULL,Non_Wetland,Forest
147,NULL,Built-up,Lichens_and_Mosses,NULL,Non_Wetland,Bareland
148,NULL,Built-up,Bareland,NULL,Non_Wetland,Grassland
149,NULL,Built-up,Built-up,NULL,Non_Wetland,Grassland
150,NULL,Built-up,Built-up,NULL,Non_Wetland,Bareland
151,NULL,Built-up,Built-up,NULL,Non_Wetland,Built-up
152,NULL,Built-up,Built-up,NULL,Non_Wetland,Forest
153,NULL,Built-up,Forest,NULL,Non_Wetland,Grassland
154,NULL,Water,Shrubland,NULL,Non_Wetland,Grassland
155,NULL,Water,Shrubland,NULL,Non_Wetland,Built-up
156,NULL,Forest,NULL,NULL,Non_Wetland,NULL
157,NULL,Forest,NULL,NULL,Non_Wetland,Grassland
158,NULL,Forest,NULL,NULL,Non_Wetland,Cropland
159,NULL,Forest,NULL,NULL,Non_Wetland,Wetland
160,NULL,Forest,NULL,NULL,Non_Wetland,Forest
161,NULL,Forest,Shrubland,NULL,Non_Wetland,NULL
162,NULL,Forest,Shrubland,NULL,Non_Wetland,Grassland
163,NULL,Forest,Shrubland,NULL,Non_Wetland,Cropland
164,NULL,Forest,Shrubland,NULL,Non_Wetland,Wetland
165,NULL,Forest,Shrubland,NULL,Non_Wetland,Bareland
166,NULL,Forest,Shrubland,NULL,Non_Wetland,Built-up
167,NULL,Forest,Shrubland,NULL,Non_Wetland,Forest
168,NULL,Forest,Shrubland,Non_Water,Non_Wetland,NULL
169,NULL,Forest,Shrubland,Non_Water,Non_Wetland,Grassland
170,NULL,Forest,Shrubland,Non_Water,Non_Wetland,Wetland
171,NULL,Forest,Grassland,NULL,Non_Wetland,NULL
172,NULL,Forest,Grassland,NULL,Non_Wetland,Grassland
173,NULL,Forest,Cropland,NULL,Non_Wetland,NULL
174,NULL,Forest,Cropland,NULL,Non_Wetland,Grassland
175,NULL,Forest,Cropland,NULL,Non_Wetland,Cropland
176,NULL,Forest,Cropland,NULL,Non_Wetland,Wetland
177,NULL,Forest,Wetland,NULL,Wetland,NULL
178,NULL,Forest,Wetland,NULL,Wetland,Grassland
179,NULL,Forest,Wetland,NULL,Wetland,Cropland
180,NULL,Forest,Wetland,NULL,Wetland,Wetland
181,NULL,Forest,Wetland,NULL,Wetland,Forest
182,NULL,Forest,Wetland,Non_Water,Wetland,Grassland
183,NULL,Forest,Wetland,Non_Water,Wetland,Wetland
184,NULL,Forest,Wetland,Water,Wetland,Grassland
185,NULL,Forest,Bareland,NULL,Non_Wetland,Wetland
186,NULL,Forest,Built-up,NULL,Non_Wetland,NULL
187,NULL,Forest,Built-up,NULL,Non_Wetland,Grassland
188,NULL,Forest,Forest,NULL,Non_Wetland,NULL
189,NULL,Forest,Forest,NULL,Non_Wetland,Grassland
190,NULL,Forest,Forest,NULL,Non_Wetland,Cropland
191,NULL,Forest,Forest,NULL,Non_Wetland,Wetland
192,NULL,Forest,Forest,NULL,Non_Wetland,Built-up
193,NULL,Forest,Forest,NULL,Non_Wetland,Forest
194,NULL,Forest,Forest,Non_Water,Non_Wetland,NULL
195,Grassland,NULL,NULL,NULL,Non_Wetland,NULL
196,Grassland,NULL,NULL,NULL,Non_Wetland,Grassland
197,Grassland,NULL,NULL,NULL,Non_Wetland,Cropland
198,Grassland,NULL,NULL,NULL,Non_Wetland,Wetland
199,Grassland,NULL,NULL,NULL,Non_Wetland,Forest
200,Grassland,NULL,NULL,Non_Water,Non_Wetland,Grassland
201,Grassland,NULL,NULL,Non_Water,Non_Wetland,Wetland
202,Grassland,NULL,Shrubland,NULL,Non_Wetland,NULL
203,Grassland,NULL,Shrubland,NULL,Non_Wetland,Grassland
204,Grassland,NULL,Shrubland,NULL,Non_Wetland,Cropland
205,Grassland,NULL,Shrubland,NULL,Non_Wetland,Wetland
206,Grassland,NULL,Shrubland,NULL,Non_Wetland,Bareland
207,Grassland,NULL,Shrubland,NULL,Non_Wetland,Forest
208,Grassland,NULL,Shrubland,Non_Water,Non_Wetland,Grassland
209,Grassland,NULL,Shrubland,Non_Water,Non_Wetland,Cropland
210,Grassland,NULL,Shrubland,Non_Water,Non_Wetland,Wetland
211,Grassland,NULL,Shrubland,Water,Non_Wetland,Grassland
212,Grassland,NULL,Shrubland,Water,Non_Wetland,Wetland
213,Grassland,NULL,Shrubland,Water,Non_Wetland,Bareland
214,Grassland,NULL,Grassland,NULL,Non_Wetland,Grassland
215,Grassland,NULL,Grassland,NULL,Non_Wetland,Cropland
216,Grassland,NULL,Grassland,NULL,Non_Wetland,Wetland
217,Grassland,NULL,Cropland,NULL,Non_Wetland,NULL
218,Grassland,NULL,Cropland,NULL,Non_Wetland,Grassland
219,Grassland,NULL,Cropland,NULL,Non_Wetland,Wetland
220,Grassland,NULL,Cropland,NULL,Non_Wetland,Forest
221,Grassland,NULL,Wetland,NULL,Wetland,NULL
222,Grassland,NULL,Wetland,NULL,Wetland,Grassland
223,Grassland,NULL,Wetland,NULL,Wetland,Cropland
224,Grassland,NULL,Wetland,NULL,Wetland,Wetland
225,Grassland,NULL,Wetland,NULL,Wetland,Forest
226,Grassland,NULL,Wetland,Non_Water,Wetland,Grassland
227,Grassland,NULL,Wetland,Non_Water,Wetland,Wetland
228,Grassland,NULL,Wetland,Water,Wetland,Grassland
229,Grassland,NULL,Wetland,Water,Wetland,Wetland
230,Grassland,NULL,Bareland,NULL,Non_Wetland,NULL
231,Grassland,NULL,Bareland,NULL,Non_Wetland,Grassland
232,Grassland,NULL,Bareland,NULL,Non_Wetland,Wetland
233,Grassland,NULL,Bareland,NULL,Non_Wetland,Forest
234,Grassland,NULL,Bareland,Non_Water,Non_Wetland,Wetland
235,Grassland,NULL,Water,Water,Water,Wetland
236,Grassland,NULL,Forest,NULL,Non_Wetland,NULL
237,Grassland,NULL,Forest,NULL,Non_Wetland,Grassland
238,Grassland,NULL,Forest,NULL,Non_Wetland,Cropland
239,Grassland,NULL,Forest,NULL,Non_Wetland,Wetland
240,Grassland,NULL,Forest,NULL,Non_Wetland,Forest
241,Grassland,NULL,Forest,Non_Water,Non_Wetland,Grassland
242,Grassland,NULL,Forest,Non_Water,Non_Wetland,Wetland
243,Grassland,NULL,Forest,Water,Non_Wetland,Wetland
244,Grassland,Cropland,NULL,NULL,Non_Wetland,Wetland
245,Grassland,Cropland,Shrubland,NULL,Non_Wetland,NULL
246,Grassland,Cropland,Shrubland,NULL,Non_Wetland,Grassland
247,Grassland,Cropland,Shrubland,NULL,Non_Wetland,Cropland
248,Grassland,Cropland,Shrubland,NULL,Non_Wetland,Wetland
249,Grassland,Cropland,Shrubland,Non_Water,Non_Wetland,Grassland
250,Grassland,Cropland,Shrubland,Non_Water,Non_Wetland,Wetland
251,Grassland,Cropland,Shrubland,Water,Non_Wetland,Grassland
252,Grassland,Cropland,Shrubland,Water,Non_Wetland,Wetland
253,Grassland,Cropland,Wetland,NULL,Wetland,NULL
254,Grassland,Cropland,Wetland,NULL,Wetland,Grassland
255,Grassland,Cropland,Wetland,NULL,Wetland,Wetland
256,Grassland,Cropland,Bareland,NULL,Non_Wetland,Wetland
257,Grassland,Cropland,Forest,NULL,Non_Wetland,Grassland
258,Grassland,Cropland,Forest,NULL,Non_Wetland,Cropland
259,Grassland,Cropland,Forest,NULL,Non_Wetland,Wetland
260,Grassland,Wetland,NULL,NULL,Non_Wetland,Wetland
261,Grassland,Wetland,Shrubland,NULL,Non_Wetland,NULL
262,Grassland,Wetland,Shrubland,NULL,Non_Wetland,Grassland
263,Grassland,Wetland,Shrubland,NULL,Non_Wetland,Wetland
264,Grassland,Wetland,Shrubland,NULL,Non_Wetland,Forest
265,Grassland,Wetland,Cropland,NULL,Non_Wetland,Wetland
266,Grassland,Wetland,Wetland,NULL,Wetland,NULL
267,Grassland,Wetland,Wetland,NULL,Wetland,Grassland
268,Grassland,Wetland,Wetland,NULL,Wetland,Wetland
269,Grassland,Wetland,Wetland,NULL,Wetland,Forest
270,Grassland,Wetland,Bareland,NULL,Non_Wetland,NULL
271,Grassland,Wetland,Bareland,NULL,Non_Wetland,Wetland
272,Grassland,Wetland,Forest,NULL,Non_Wetland,Wetland
273,Grassland,Wetland,Forest,NULL,Non_Wetland,Forest
274,Grassland,Water,Shrubland,NULL,Non_Wetland,Wetland
275,Grassland,Water,Wetland,NULL,Wetland,Wetland
276,Grassland,Water,Wetland,NULL,Wetland,Forest
277,Grassland,Water,Forest,NULL,Non_Wetland,Wetland
278,Grassland,Forest,NULL,NULL,Non_Wetland,NULL
279,Grassland,Forest,NULL,NULL,Non_Wetland,Grassland
280,Grassland,Forest,NULL,NULL,Non_Wetland,Cropland
281,Grassland,Forest,NULL,NULL,Non_Wetland,Wetland
282,Grassland,Forest,NULL,NULL,Non_Wetland,Forest
283,Grassland,Forest,Shrubland,NULL,Non_Wetland,NULL
284,Grassland,Forest,Shrubland,NULL,Non_Wetland,Grassland
285,Grassland,Forest,Shrubland,NULL,Non_Wetland,Cropland
286,Grassland,Forest,Shrubland,NULL,Non_Wetland,Wetland
287,Grassland,Forest,Shrubland,NULL,Non_Wetland,Forest
288,Grassland,Forest,Shrubland,Non_Water,Non_Wetland,Grassland
289,Grassland,Forest,Shrubland,Non_Water,Non_Wetland,Wetland
290,Grassland,Forest,Shrubland,Water,Non_Wetland,Wetland
291,Grassland,Forest,Cropland,NULL,Non_Wetland,NULL
292,Grassland,Forest,Cropland,NULL,Non_Wetland,Grassland
293,Grassland,Forest,Cropland,NULL,Non_Wetland,Wetland
294,Grassland,Forest,Cropland,NULL,Non_Wetland,Forest
295,Grassland,Forest,Wetland,NULL,Wetland,NULL
296,Grassland,Forest,Wetland,NULL,Wetland,Grassland
297,Grassland,Forest,Wetland,NULL,Wetland,Cropland
298,Grassland,Forest,Wetland,NULL,Wetland,Wetland
299,Grassland,Forest,Wetland,NULL,Wetland,Forest
300,Grassland,Forest,Wetland,Non_Water,Wetland,Wetland
301,Grassland,Forest,Bareland,NULL,Non_Wetland,NULL
302,Grassland,Forest,Bareland,NULL,Non_Wetland,Grassland
303,Grassland,Forest,Bareland,NULL,Non_Wetland,Wetland
304,Grassland,Forest,Bareland,NULL,Non_Wetland,Forest
305,Grassland,Forest,Water,NULL,Water,Wetland
306,Grassland,Forest,Forest,NULL,Non_Wetland,NULL
307,Grassland,Forest,Forest,NULL,Non_Wetland,Grassland
308,Grassland,Forest,Forest,NULL,Non_Wetland,Cropland
309,Grassland,Forest,Forest,NULL,Non_Wetland,Wetland
310,Grassland,Forest,Forest,NULL,Non_Wetland,Forest
311,Grassland,Forest,Forest,Non_Water,Non_Wetland,Grassland
312,Grassland,Forest,Forest,Non_Water,Non_Wetland,Wetland
313,Cropland,NULL,NULL,NULL,Non_Wetland,NULL
314,Cropland,NULL,NULL,NULL,Non_Wetland,Grassland
315,Cropland,NULL,NULL,NULL,Non_Wetland,Cropland
316,Cropland,NULL,NULL,NULL,Non_Wetland,Wetland
317,Cropland,NULL,NULL,NULL,Non_Wetland,Bareland
318,Cropland,NULL,NULL,NULL,Non_Wetland,Built-up
319,Cropland,NULL,NULL,NULL,Non_Wetland,Forest
320,Cropland,NULL,NULL,Non_Water,Non_Wetland,Wetland
321,Cropland,NULL,Shrubland,NULL,Non_Wetland,NULL
322,Cropland,NULL,Shrubland,NULL,Non_Wetland,Grassland
323,Cropland,NULL,Shrubland,NULL,Non_Wetland,Cropland
324,Cropland,NULL,Shrubland,NULL,Non_Wetland,Wetland
325,Cropland,NULL,Shrubland,NULL,Non_Wetland,Bareland
326,Cropland,NULL,Shrubland,NULL,Non_Wetland,Built-up
327,Cropland,NULL,Shrubland,NULL,Non_Wetland,Forest
328,Cropland,NULL,Shrubland,Non_Water,Non_Wetland,Grassland
329,Cropland,NULL,Shrubland,Non_Water,Non_Wetland,Wetland
330,Cropland,NULL,Shrubland,Water,Non_Wetland,Grassland
331,Cropland,NULL,Shrubland,Water,Non_Wetland,Wetland
332,Cropland,NULL,Grassland,NULL,Non_Wetland,Grassland
333,Cropland,NULL,Grassland,NULL,Non_Wetland,Cropland
334,Cropland,NULL,Grassland,NULL,Non_Wetland,Wetland
335,Cropland,NULL,Grassland,NULL,Non_Wetland,Bareland
336,Cropland,NULL,Grassland,NULL,Non_Wetland,Built-up
337,Cropland,NULL,Cropland,NULL,Non_Wetland,Grassland
338,Cropland,NULL,Cropland,NULL,Non_Wetland,Wetland
339,Cropland,NULL,Cropland,NULL,Non_Wetland,Bareland
340,Cropland,NULL,Cropland,Non_Water,Non_Wetland,Wetland
341,Cropland,NULL,Wetland,NULL,Wetland,NULL
342,Cropland,NULL,Wetland,NULL,Wetland,Grassland
343,Cropland,NULL,Wetland,NULL,Wetland,Wetland
344,Cropland,NULL,Wetland,NULL,Wetland,Forest
345,Cropland,NULL,Wetland,Non_Water,Wetland,Wetland
346,Cropland,NULL,Wetland,Water,Wetland,Grassland
347,Cropland,NULL,Wetland,Water,Wetland,Wetland
348,Cropland,NULL,Lichens_and_Mosses,NULL,Non_Wetland,Grassland
349,Cropland,NULL,Lichens_and_Mosses,NULL,Non_Wetland,Bareland
350,Cropland,NULL,Bareland,NULL,Non_Wetland,Grassland
351,Cropland,NULL,Bareland,NULL,Non_Wetland,Wetland
352,Cropland,NULL,Bareland,Non_Water,Non_Wetland,Wetland
353,Cropland,NULL,Built-up,NULL,Non_Wetland,Grassland
354,Cropland,NULL,Built-up,NULL,Non_Wetland,Cropland
355,Cropland,NULL,Built-up,NULL,Non_Wetland,Bareland
356,Cropland,NULL,Built-up,NULL,Non_Wetland,Built-up
357,Cropland,NULL,Water,NULL,Water,Grassland
358,Cropland,NULL,Water,NULL,Water,Wetland
359,Cropland,NULL,Forest,NULL,Non_Wetland,NULL
360,Cropland,NULL,Forest,NULL,Non_Wetland,Grassland
361,Cropland,NULL,Forest,NULL,Non_Wetland,Cropland
362,Cropland,NULL,Forest,NULL,Non_Wetland,Wetland
363,Cropland,NULL,Forest,NULL,Non_Wetland,Bareland
364,Cropland,NULL,Forest,NULL,Non_Wetland,Forest
365,Cropland,NULL,Forest,Non_Water,Non_Wetland,Wetland
366,Cropland,NULL,Forest,Water,Non_Wetland,Wetland
367,Cropland,Cropland,NULL,NULL,Non_Wetland,Grassland
368,Cropland,Cropland,NULL,NULL,Non_Wetland,Wetland
369,Cropland,Cropland,NULL,NULL,Non_Wetland,Bareland
370,Cropland,Cropland,NULL,NULL,Non_Wetland,Built-up
371,Cropland,Cropland,Shrubland,NULL,Non_Wetland,NULL
372,Cropland,Cropland,Shrubland,NULL,Non_Wetland,Grassland
373,Cropland,Cropland,Shrubland,NULL,Non_Wetland,Cropland
374,Cropland,Cropland,Shrubland,NULL,Non_Wetland,Wetland
375,Cropland,Cropland,Shrubland,NULL,Non_Wetland,Bareland
376,Cropland,Cropland,Shrubland,NULL,Non_Wetland,Built-up
377,Cropland,Cropland,Shrubland,NULL,Non_Wetland,Forest
378,Cropland,Cropland,Shrubland,Non_Water,Non_Wetland,Grassland
379,Cropland,Cropland,Shrubland,Non_Water,Non_Wetland,Wetland
380,Cropland,Cropland,Shrubland,Water,Non_Wetland,Wetland
381,Cropland,Cropland,Grassland,NULL,Non_Wetland,Grassland
382,Cropland,Cropland,Grassland,NULL,Non_Wetland,Cropland
383,Cropland,Cropland,Grassland,NULL,Non_Wetland,Bareland
384,Cropland,Cropland,Grassland,NULL,Non_Wetland,Built-up
385,Cropland,Cropland,Cropland,NULL,Non_Wetland,Grassland
386,Cropland,Cropland,Wetland,NULL,Wetland,Grassland
387,Cropland,Cropland,Wetland,NULL,Wetland,Wetland
388,Cropland,Cropland,Lichens_and_Mosses,NULL,Non_Wetland,Bareland
389,Cropland,Cropland,Built-up,NULL,Non_Wetland,Grassland
390,Cropland,Cropland,Built-up,NULL,Non_Wetland,Built-up
391,Cropland,Cropland,Forest,NULL,Non_Wetland,NULL
392,Cropland,Cropland,Forest,NULL,Non_Wetland,Grassland
393,Cropland,Cropland,Forest,NULL,Non_Wetland,Cropland
394,Cropland,Cropland,Forest,NULL,Non_Wetland,Forest
395,Cropland,Wetland,Shrubland,Non_Water,Non_Wetland,Grassland
396,Cropland,Wetland,Wetland,NULL,Wetland,Wetland
397,Cropland,Bareland,Grassland,NULL,Non_Wetland,Grassland
398,Cropland,Built-up,Shrubland,NULL,Non_Wetland,Grassland
399,Cropland,Built-up,Grassland,NULL,Non_Wetland,Grassland
400,Cropland,Water,Shrubland,NULL,Non_Wetland,Grassland
401,Cropland,Forest,NULL,NULL,Non_Wetland,NULL
402,Cropland,Forest,NULL,NULL,Non_Wetland,Grassland
403,Cropland,Forest,NULL,NULL,Non_Wetland,Wetland
404,Cropland,Forest,NULL,NULL,Non_Wetland,Forest
405,Cropland,Forest,Shrubland,NULL,Non_Wetland,NULL
406,Cropland,Forest,Shrubland,NULL,Non_Wetland,Grassland
407,Cropland,Forest,Shrubland,NULL,Non_Wetland,Cropland
408,Cropland,Forest,Shrubland,NULL,Non_Wetland,Wetland
409,Cropland,Forest,Shrubland,NULL,Non_Wetland,Forest
410,Cropland,Forest,Shrubland,Non_Water,Non_Wetland,Wetland
411,Cropland,Forest,Shrubland,Water,Non_Wetland,Wetland
412,Cropland,Forest,Cropland,NULL,Non_Wetland,Wetland
413,Cropland,Forest,Wetland,NULL,Wetland,Grassland
414,Cropland,Forest,Wetland,NULL,Wetland,Wetland
415,Cropland,Forest,Wetland,Non_Water,Wetland,Wetland
416,Cropland,Forest,Wetland,Water,Wetland,Wetland
417,Cropland,Forest,Forest,NULL,Non_Wetland,NULL
418,Cropland,Forest,Forest,NULL,Non_Wetland,Grassland
419,Cropland,Forest,Forest,NULL,Non_Wetland,Wetland
420,Cropland,Forest,Forest,NULL,Non_Wetland,Forest
421,Cropland,Forest,Forest,Non_Water,Non_Wetland,Wetland
422,Cropland,Forest,Forest,Water,Non_Wetland,Wetland
423,Wetland,NULL,NULL,NULL,Non_Wetland,NULL
424,Wetland,NULL,NULL,NULL,Non_Wetland,Grassland
425,Wetland,NULL,NULL,NULL,Non_Wetland,Cropland
426,Wetland,NULL,NULL,NULL,Non_Wetland,Wetland
427,Wetland,NULL,NULL,NULL,Non_Wetland,Bareland
428,Wetland,NULL,NULL,NULL,Non_Wetland,Forest
429,Wetland,NULL,NULL,Non_Water,Non_Wetland,Grassland
430,Wetland,NULL,NULL,Non_Water,Non_Wetland,Wetland
431,Wetland,NULL,NULL,Water,Non_Wetland,Wetland
432,Wetland,NULL,Shrubland,NULL,Non_Wetland,NULL
433,Wetland,NULL,Shrubland,NULL,Non_Wetland,Grassland
434,Wetland,NULL,Shrubland,NULL,Non_Wetland,Cropland
435,Wetland,NULL,Shrubland,NULL,Non_Wetland,Wetland
436,Wetland,NULL,Shrubland,NULL,Non_Wetland,Bareland
437,Wetland,NULL,Shrubland,NULL,Non_Wetland,Forest
438,Wetland,NULL,Shrubland,Non_Water,Non_Wetland,NULL
439,Wetland,NULL,Shrubland,Non_Water,Non_Wetland,Grassland
440,Wetland,NULL,Shrubland,Non_Water,Non_Wetland,Wetland
441,Wetland,NULL,Shrubland,Water,Non_Wetland,Grassland
442,Wetland,NULL,Shrubland,Water,Non_Wetland,Wetland
443,Wetland,NULL,Shrubland,Water,Non_Wetland,Bareland
444,Wetland,NULL,Cropland,NULL,Non_Wetland,Grassland
445,Wetland,NULL,Cropland,NULL,Non_Wetland,Wetland
446,Wetland,NULL,Wetland,NULL,Wetland,NULL
447,Wetland,NULL,Wetland,NULL,Wetland,Grassland
448,Wetland,NULL,Wetland,NULL,Wetland,Cropland
449,Wetland,NULL,Wetland,NULL,Wetland,Wetland
450,Wetland,NULL,Wetland,NULL,Wetland,Forest
451,Wetland,NULL,Wetland,Non_Water,Wetland,NULL
452,Wetland,NULL,Wetland,Non_Water,Wetland,Grassland
453,Wetland,NULL,Wetland,Non_Water,Wetland,Cropland
454,Wetland,NULL,Wetland,Non_Water,Wetland,Wetland
455,Wetland,NULL,Wetland,Water,Wetland,Wetland
456,Wetland,NULL,Bareland,NULL,Non_Wetland,Grassland
457,Wetland,NULL,Bareland,NULL,Non_Wetland,Wetland
458,Wetland,NULL,Bareland,NULL,Non_Wetland,Forest
459,Wetland,NULL,Bareland,Non_Water,Non_Wetland,Grassland
460,Wetland,NULL,Water,NULL,Water,Wetland
461,Wetland,NULL,Water,NULL,Water,Bareland
462,Wetland,NULL,Water,Water,Water,Wetland
463,Wetland,NULL,Forest,NULL,Non_Wetland,NULL
464,Wetland,NULL,Forest,NULL,Non_Wetland,Grassland
465,Wetland,NULL,Forest,NULL,Non_Wetland,Cropland
466,Wetland,NULL,Forest,NULL,Non_Wetland,Wetland
467,Wetland,NULL,Forest,NULL,Non_Wetland,Forest
468,Wetland,NULL,Forest,Non_Water,Non_Wetland,Grassland
469,Wetland,NULL,Forest,Non_Water,Non_Wetland,Wetland
470,Wetland,Cropland,NULL,NULL,Non_Wetland,Grassland
471,Wetland,Cropland,NULL,NULL,Non_Wetland,Wetland
472,Wetland,Cropland,Shrubland,NULL,Non_Wetland,NULL
473,Wetland,Cropland,Shrubland,NULL,Non_Wetland,Grassland
474,Wetland,Cropland,Shrubland,NULL,Non_Wetland,Wetland
475,Wetland,Cropland,Shrubland,Non_Water,Non_Wetland,Grassland
476,Wetland,Cropland,Shrubland,Non_Water,Non_Wetland,Wetland
477,Wetland,Cropland,Shrubland,Water,Non_Wetland,Grassland
478,Wetland,Cropland,Shrubland,Water,Non_Wetland,Wetland
479,Wetland,Cropland,Wetland,NULL,Wetland,Grassland
480,Wetland,Cropland,Wetland,NULL,Wetland,Cropland
481,Wetland,Cropland,Wetland,NULL,Wetland,Wetland
482,Wetland,Cropland,Forest,NULL,Non_Wetland,Grassland
483,Wetland,Cropland,Forest,NULL,Non_Wetland,Wetland
484,Wetland,Wetland,NULL,NULL,Non_Wetland,Grassland
485,Wetland,Wetland,NULL,NULL,Non_Wetland,Wetland
486,Wetland,Wetland,Shrubland,NULL,Non_Wetland,NULL
487,Wetland,Wetland,Shrubland,NULL,Non_Wetland,Grassland
488,Wetland,Wetland,Shrubland,NULL,Non_Wetland,Wetland
489,Wetland,Wetland,Shrubland,NULL,Non_Wetland,Forest
490,Wetland,Wetland,Shrubland,Non_Water,Non_Wetland,Grassland
491,Wetland,Wetland,Shrubland,Non_Water,Non_Wetland,Wetland
492,Wetland,Wetland,Shrubland,Water,Non_Wetland,Wetland
493,Wetland,Wetland,Cropland,NULL,Non_Wetland,Wetland
494,Wetland,Wetland,Wetland,NULL,Wetland,Grassland
495,Wetland,Wetland,Wetland,NULL,Wetland,Wetland
496,Wetland,Wetland,Wetland,Non_Water,Wetland,Wetland
497,Wetland,Wetland,Wetland,Water,Wetland,Wetland
498,Wetland,Wetland,Bareland,NULL,Non_Wetland,Wetland
499,Wetland,Wetland,Water,NULL,Water,Wetland
500,Wetland,Wetland,Water,Water,Water,Wetland
501,Wetland,Wetland,Forest,NULL,Non_Wetland,Grassland
502,Wetland,Wetland,Forest,NULL,Non_Wetland,Wetland
503,Wetland,Wetland,Forest,NULL,Non_Wetland,Forest
504,Wetland,Water,NULL,NULL,Non_Wetland,Grassland
505,Wetland,Water,Shrubland,NULL,Non_Wetland,Grassland
506,Wetland,Water,Shrubland,NULL,Non_Wetland,Wetland
507,Wetland,Water,Shrubland,Non_Water,Non_Wetland,Grassland
508,Wetland,Water,Shrubland,Non_Water,Non_Wetland,Wetland
509,Wetland,Water,Shrubland,Water,Non_Wetland,Wetland
510,Wetland,Water,Grassland,Water,Non_Wetland,Grassland
511,Wetland,Water,Wetland,NULL,Wetland,Wetland
512,Wetland,Water,Wetland,Non_Water,Wetland,Wetland
513,Wetland,Water,Forest,NULL,Non_Wetland,Wetland
514,Wetland,Forest,NULL,NULL,Non_Wetland,NULL
515,Wetland,Forest,NULL,NULL,Non_Wetland,Grassland
516,Wetland,Forest,NULL,NULL,Non_Wetland,Wetland
517,Wetland,Forest,NULL,NULL,Non_Wetland,Forest
518,Wetland,Forest,Shrubland,NULL,Non_Wetland,NULL
519,Wetland,Forest,Shrubland,NULL,Non_Wetland,Grassland
520,Wetland,Forest,Shrubland,NULL,Non_Wetland,Cropland
521,Wetland,Forest,Shrubland,NULL,Non_Wetland,Wetland
522,Wetland,Forest,Shrubland,NULL,Non_Wetland,Forest
523,Wetland,Forest,Shrubland,Non_Water,Non_Wetland,Grassland
524,Wetland,Forest,Shrubland,Non_Water,Non_Wetland,Wetland
525,Wetland,Forest,Shrubland,Water,Non_Wetland,Wetland
526,Wetland,Forest,Cropland,NULL,Non_Wetland,Wetland
527,Wetland,Forest,Wetland,NULL,Wetland,NULL
528,Wetland,Forest,Wetland,NULL,Wetland,Grassland
529,Wetland,Forest,Wetland,NULL,Wetland,Wetland
530,Wetland,Forest,Wetland,NULL,Wetland,Forest
531,Wetland,Forest,Wetland,Non_Water,Wetland,Grassland
532,Wetland,Forest,Wetland,Non_Water,Wetland,Wetland
533,Wetland,Forest,Wetland,Water,Wetland,Wetland
534,Wetland,Forest,Bareland,NULL,Non_Wetland,Grassland
535,Wetland,Forest,Bareland,NULL,Non_Wetland,Wetland
536,Wetland,Forest,Bareland,Non_Water,Non_Wetland,Wetland
537,Wetland,Forest,Built-up,NULL,Non_Wetland,Wetland
538,Wetland,Forest,Forest,NULL,Non_Wetland,NULL
539,Wetland,Forest,Forest,NULL,Non_Wetland,Grassland
540,Wetland,Forest,Forest,NULL,Non_Wetland,Wetland
541,Wetland,Forest,Forest,NULL,Non_Wetland,Forest
542,Wetland,Forest,Forest,Non_Water,Non_Wetland,Wetland
543,Wetland,Forest,Forest,Water,Non_Wetland,Wetland
544,Bareland,NULL,NULL,NULL,Non_Wetland,NULL
545,Bareland,NULL,NULL,NULL,Non_Wetland,Grassland
546,Bareland,NULL,NULL,NULL,Non_Wetland,Wetland
547,Bareland,NULL,NULL,NULL,Non_Wetland,Bareland
548,Bareland,NULL,NULL,NULL,Non_Wetland,Built-up
549,Bareland,NULL,NULL,NULL,Non_Wetland,Forest
550,Bareland,NULL,NULL,Water,Non_Wetland,Bareland
551,Bareland,NULL,Shrubland,NULL,Non_Wetland,NULL
552,Bareland,NULL,Shrubland,NULL,Non_Wetland,Grassland
553,Bareland,NULL,Shrubland,NULL,Non_Wetland,Cropland
554,Bareland,NULL,Shrubland,NULL,Non_Wetland,Wetland
555,Bareland,NULL,Shrubland,NULL,Non_Wetland,Bareland
556,Bareland,NULL,Shrubland,NULL,Non_Wetland,Built-up
557,Bareland,NULL,Shrubland,NULL,Non_Wetland,Water
558,Bareland,NULL,Shrubland,NULL,Non_Wetland,Forest
559,Bareland,NULL,Shrubland,Water,Non_Wetland,Grassland
560,Bareland,NULL,Shrubland,Water,Non_Wetland,Wetland
561,Bareland,NULL,Shrubland,Water,Non_Wetland,Bareland
562,Bareland,NULL,Grassland,NULL,Non_Wetland,Grassland
563,Bareland,NULL,Grassland,NULL,Non_Wetland,Wetland
564,Bareland,NULL,Grassland,NULL,Non_Wetland,Bareland
565,Bareland,NULL,Grassland,NULL,Non_Wetland,Built-up
566,Bareland,NULL,Grassland,Non_Water,Non_Wetland,Grassland
567,Bareland,NULL,Grassland,Water,Non_Wetland,Bareland
568,Bareland,NULL,Cropland,NULL,Non_Wetland,Grassland
569,Bareland,NULL,Cropland,NULL,Non_Wetland,Bareland
570,Bareland,NULL,Cropland,Non_Water,Non_Wetland,Bareland
571,Bareland,NULL,Cropland,Water,Non_Wetland,Grassland
572,Bareland,NULL,Cropland,Water,Non_Wetland,Bareland
573,Bareland,NULL,Wetland,NULL,Wetland,Grassland
574,Bareland,NULL,Wetland,NULL,Wetland,Wetland
575,Bareland,NULL,Lichens_and_Mosses,NULL,Non_Wetland,Grassland
576,Bareland,NULL,Lichens_and_Mosses,NULL,Non_Wetland,Bareland
577,Bareland,NULL,Bareland,NULL,Non_Wetland,Grassland
578,Bareland,NULL,Bareland,NULL,Non_Wetland,Bareland
579,Bareland,NULL,Bareland,Water,Non_Wetland,Grassland
580,Bareland,NULL,Bareland,Water,Non_Wetland,Wetland
581,Bareland,NULL,Bareland,Water,Non_Wetland,Bareland
582,Bareland,NULL,Built-up,NULL,Non_Wetland,Grassland
583,Bareland,NULL,Built-up,NULL,Non_Wetland,Wetland
584,Bareland,NULL,Built-up,NULL,Non_Wetland,Bareland
585,Bareland,NULL,Built-up,NULL,Non_Wetland,Built-up
586,Bareland,NULL,Built-up,Water,Non_Wetland,Grassland
587,Bareland,NULL,Water,Water,Water,Wetland
588,Bareland,NULL,Forest,NULL,Non_Wetland,NULL
589,Bareland,NULL,Forest,NULL,Non_Wetland,Grassland
590,Bareland,NULL,Forest,NULL,Non_Wetland,Wetland
591,Bareland,NULL,Forest,NULL,Non_Wetland,Built-up
592,Bareland,NULL,Forest,NULL,Non_Wetland,Forest
593,Bareland,Cropland,NULL,NULL,Non_Wetland,Grassland
594,Bareland,Cropland,NULL,NULL,Non_Wetland,Bareland
595,Bareland,Cropland,Shrubland,NULL,Non_Wetland,Grassland
596,Bareland,Cropland,Shrubland,NULL,Non_Wetland,Wetland
597,Bareland,Cropland,Shrubland,NULL,Non_Wetland,Bareland
598,Bareland,Cropland,Shrubland,Non_Water,Non_Wetland,Grassland
599,Bareland,Cropland,Shrubland,Non_Water,Non_Wetland,Wetland
600,Bareland,Cropland,Shrubland,Water,Non_Wetland,Grassland
601,Bareland,Cropland,Shrubland,Water,Non_Wetland,Wetland
602,Bareland,Cropland,Grassland,NULL,Non_Wetland,Grassland
603,Bareland,Cropland,Grassland,NULL,Non_Wetland,Bareland
604,Bareland,Cropland,Cropland,NULL,Non_Wetland,Grassland
605,Bareland,Cropland,Cropland,NULL,Non_Wetland,Bareland
606,Bareland,Cropland,Lichens_and_Mosses,NULL,Non_Wetland,Grassland
607,Bareland,Cropland,Lichens_and_Mosses,NULL,Non_Wetland,Bareland
608,Bareland,Cropland,Bareland,NULL,Non_Wetland,Bareland
609,Bareland,Cropland,Built-up,NULL,Non_Wetland,Grassland
610,Bareland,Cropland,Built-up,NULL,Non_Wetland,Bareland
611,Bareland,Cropland,Built-up,NULL,Non_Wetland,Built-up
612,Bareland,Bareland,Shrubland,NULL,Non_Wetland,Bareland
613,Bareland,Bareland,Shrubland,Water,Non_Wetland,Bareland
614,Bareland,Bareland,Grassland,NULL,Non_Wetland,Bareland
615,Bareland,Bareland,Grassland,Water,Non_Wetland,Bareland
616,Bareland,Bareland,Cropland,NULL,Non_Wetland,Bareland
617,Bareland,Bareland,Cropland,Water,Non_Wetland,Bareland
618,Bareland,Bareland,Bareland,Water,Non_Wetland,Bareland
619,Bareland,Water,Shrubland,NULL,Non_Wetland,Grassland
620,Bareland,Water,Shrubland,NULL,Non_Wetland,Bareland
621,Bareland,Water,Built-up,NULL,Non_Wetland,Grassland
622,Bareland,Water,Water,NULL,Water,Wetland
623,Bareland,Forest,NULL,NULL,Non_Wetland,Grassland
624,Bareland,Forest,Shrubland,NULL,Non_Wetland,NULL
625,Bareland,Forest,Shrubland,NULL,Non_Wetland,Grassland
626,Bareland,Forest,Shrubland,NULL,Non_Wetland,Wetland
627,Bareland,Forest,Shrubland,NULL,Non_Wetland,Built-up
628,Bareland,Forest,Wetland,NULL,Wetland,Grassland
629,Bareland,Forest,Wetland,NULL,Wetland,Wetland
630,Bareland,Forest,Forest,NULL,Non_Wetland,NULL
631,Bareland,Forest,Forest,NULL,Non_Wetland,Grassland
632,Bareland,Forest,Forest,NULL,Non_Wetland,Wetland
633,Bareland,Forest,Forest,NULL,Non_Wetland,Forest
634,Water,NULL,NULL,NULL,Non_Wetland,Grassland
635,Water,NULL,NULL,NULL,Non_Wetland,Wetland
636,Water,NULL,NULL,NULL,Non_Wetland,Bareland
637,Water,NULL,NULL,NULL,Non_Wetland,Forest
638,Water,NULL,NULL,Non_Water,Non_Wetland,Wetland
639,Water,NULL,NULL,Water,Non_Wetland,Grassland
640,Water,NULL,NULL,Water,Non_Wetland,Wetland
641,Water,NULL,NULL,Water,Non_Wetland,Bareland
642,Water,NULL,Shrubland,NULL,Non_Wetland,NULL
643,Water,NULL,Shrubland,NULL,Non_Wetland,Grassland
644,Water,NULL,Shrubland,NULL,Non_Wetland,Cropland
645,Water,NULL,Shrubland,NULL,Non_Wetland,Wetland
646,Water,NULL,Shrubland,NULL,Non_Wetland,Bareland
647,Water,NULL,Shrubland,NULL,Non_Wetland,Water
648,Water,NULL,Shrubland,NULL,Non_Wetland,Forest
649,Water,NULL,Shrubland,Non_Water,Non_Wetland,Grassland
650,Water,NULL,Shrubland,Non_Water,Non_Wetland,Wetland
651,Water,NULL,Shrubland,Non_Water,Non_Wetland,Bareland
652,Water,NULL,Shrubland,Water,Non_Wetland,Grassland
653,Water,NULL,Shrubland,Water,Non_Wetland,Wetland
654,Water,NULL,Shrubland,Water,Non_Wetland,Bareland
655,Water,NULL,Shrubland,Water,Non_Wetland,Forest
656,Water,NULL,Grassland,NULL,Non_Wetland,Grassland
657,Water,NULL,Grassland,NULL,Non_Wetland,Bareland
658,Water,NULL,Grassland,Water,Non_Wetland,Bareland
659,Water,NULL,Cropland,NULL,Non_Wetland,Grassland
660,Water,NULL,Cropland,NULL,Non_Wetland,Wetland
661,Water,NULL,Cropland,NULL,Non_Wetland,Bareland
662,Water,NULL,Cropland,NULL,Non_Wetland,Water
663,Water,NULL,Wetland,NULL,Wetland,NULL
664,Water,NULL,Wetland,NULL,Wetland,Grassland
665,Water,NULL,Wetland,NULL,Wetland,Wetland
666,Water,NULL,Wetland,NULL,Wetland,Forest
667,Water,NULL,Wetland,Non_Water,Wetland,Grassland
668,Water,NULL,Wetland,Non_Water,Wetland,Wetland
669,Water,NULL,Bareland,NULL,Non_Wetland,Grassland
670,Water,NULL,Bareland,NULL,Non_Wetland,Wetland
671,Water,NULL,Bareland,NULL,Non_Wetland,Bareland
672,Water,NULL,Bareland,NULL,Non_Wetland,Water
673,Water,NULL,Bareland,NULL,Non_Wetland,Forest
674,Water,NULL,Bareland,Water,Non_Wetland,Grassland
675,Water,NULL,Bareland,Water,Non_Wetland,Wetland
676,Water,NULL,Bareland,Water,Non_Wetland,Bareland
677,Water,NULL,Bareland,Water,Non_Wetland,Water
678,Water,NULL,Built-up,NULL,Non_Wetland,Grassland
679,Water,NULL,Built-up,NULL,Non_Wetland,Wetland
680,Water,NULL,Built-up,NULL,Non_Wetland,Bareland
681,Water,NULL,Water,NULL,Water,Grassland
682,Water,NULL,Water,NULL,Water,Wetland
683,Water,NULL,Water,NULL,Water,Water
684,Water,NULL,Water,Water,Water,Grassland
685,Water,NULL,Water,Water,Water,Wetland
686,Water,NULL,Water,Water,Water,Bareland
687,Water,NULL,Water,Water,Water,Water
688,Water,NULL,Forest,NULL,Non_Wetland,NULL
689,Water,NULL,Forest,NULL,Non_Wetland,Grassland
690,Water,NULL,Forest,NULL,Non_Wetland,Wetland
691,Water,NULL,Forest,NULL,Non_Wetland,Forest
692,Water,NULL,Forest,Non_Water,Non_Wetland,Wetland
693,Water,Wetland,NULL,NULL,Non_Wetland,Wetland
694,Water,Wetland,Shrubland,NULL,Non_Wetland,Grassland
695,Water,Wetland,Shrubland,NULL,Non_Wetland,Wetland
696,Water,Wetland,Shrubland,Water,Non_Wetland,Wetland
697,Water,Wetland,Wetland,NULL,Wetland,Wetland
698,Water,Wetland,Wetland,Water,Wetland,Wetland
699,Water,Wetland,Water,NULL,Water,Wetland
700,Water,Wetland,Water,Water,Water,Wetland
701,Water,Wetland,Forest,NULL,Non_Wetland,Grassland
702,Water,Wetland,Forest,NULL,Non_Wetland,Wetland
703,Water,Bareland,Shrubland,NULL,Non_Wetland,Bareland
704,Water,Bareland,Cropland,NULL,Non_Wetland,Bareland
705,Water,Bareland,Bareland,Water,Non_Wetland,Grassland
706,Water,Water,NULL,NULL,Non_Wetland,Grassland
707,Water,Water,NULL,NULL,Non_Wetland,Wetland
708,Water,Water,NULL,NULL,Non_Wetland,Forest
709,Water,Water,NULL,Non_Water,Non_Wetland,Grassland
710,Water,Water,NULL,Non_Water,Non_Wetland,Forest
711,Water,Water,NULL,Water,Non_Wetland,Grassland
712,Water,Water,NULL,Water,Non_Wetland,Wetland
713,Water,Water,Shrubland,NULL,Non_Wetland,NULL
714,Water,Water,Shrubland,NULL,Non_Wetland,Grassland
715,Water,Water,Shrubland,NULL,Non_Wetland,Wetland
716,Water,Water,Shrubland,NULL,Non_Wetland,Bareland
717,Water,Water,Shrubland,NULL,Non_Wetland,Water
718,Water,Water,Shrubland,NULL,Non_Wetland,Forest
719,Water,Water,Shrubland,Non_Water,Non_Wetland,NULL
720,Water,Water,Shrubland,Non_Water,Non_Wetland,Grassland
721,Water,Water,Shrubland,Non_Water,Non_Wetland,Wetland
722,Water,Water,Shrubland,Non_Water,Non_Wetland,Bareland
723,Water,Water,Shrubland,Non_Water,Non_Wetland,Forest
724,Water,Water,Shrubland,Water,Non_Wetland,Grassland
725,Water,Water,Shrubland,Water,Non_Wetland,Wetland
726,Water,Water,Shrubland,Water,Non_Wetland,Bareland
727,Water,Water,Shrubland,Water,Non_Wetland,Water
728,Water,Water,Shrubland,Water,Non_Wetland,Forest
729,Water,Water,Grassland,NULL,Non_Wetland,Bareland
730,Water,Water,Cropland,NULL,Non_Wetland,Bareland
731,Water,Water,Cropland,Water,Non_Wetland,Water
732,Water,Water,Wetland,NULL,Wetland,Grassland
733,Water,Water,Wetland,NULL,Wetland,Wetland
734,Water,Water,Wetland,NULL,Wetland,Forest
735,Water,Water,Wetland,Non_Water,Wetland,Grassland
736,Water,Water,Wetland,Non_Water,Wetland,Wetland
737,Water,Water,Wetland,Non_Water,Wetland,Forest
738,Water,Water,Wetland,Water,Wetland,Grassland
739,Water,Water,Wetland,Water,Wetland,Wetland
740,Water,Water,Wetland,Water,Wetland,Forest
741,Water,Water,Bareland,NULL,Non_Wetland,Grassland
742,Water,Water,Bareland,NULL,Non_Wetland,Wetland
743,Water,Water,Bareland,NULL,Non_Wetland,Bareland
744,Water,Water,Bareland,NULL,Non_Wetland,Water
745,Water,Water,Bareland,NULL,Non_Wetland,Forest
746,Water,Water,Bareland,Non_Water,Non_Wetland,Grassland
747,Water,Water,Bareland,Water,Non_Wetland,Wetland
748,Water,Water,Bareland,Water,Non_Wetland,Bareland
749,Water,Water,Bareland,Water,Non_Wetland,Water
750,Water,Water,Built-up,NULL,Non_Wetland,Grassland
751,Water,Water,Built-up,NULL,Non_Wetland,Wetland
752,Water,Water,Water,NULL,Water,Grassland
753,Water,Water,Water,NULL,Water,Wetland
754,Water,Water,Water,NULL,Water,Bareland
755,Water,Water,Water,NULL,Water,Water
756,Water,Water,Water,NULL,Water,Forest
757,Water,Water,Water,Non_Water,Water,Wetland
758,Water,Water,Water,Water,Water,Grassland
759,Water,Water,Water,Water,Water,Wetland
760,Water,Water,Water,Water,Water,Bareland
761,Water,Water,Water,Water,Water,Water
762,Water,Water,Forest,NULL,Non_Wetland,Grassland
763,Water,Water,Forest,NULL,Non_Wetland,Wetland
764,Water,Water,Forest,NULL,Non_Wetland,Forest
765,Water,Water,Forest,Non_Water,Non_Wetland,Grassland
766,Water,Water,Forest,Non_Water,Non_Wetland,Wetland
767,Water,Water,Forest,Non_Water,Non_Wetland,Bareland
768,Water,Water,Forest,Non_Water,Non_Wetland,Forest
769,Water,Water,Forest,Water,Non_Wetland,Wetland
770,Water,Water,Forest,Water,Non_Wetland,Water
771,Water,Forest,NULL,NULL,Non_Wetland,Wetland
772,Water,Forest,Shrubland,NULL,Non_Wetland,Grassland
773,Water,Forest,Shrubland,NULL,Non_Wetland,Wetland
774,Water,Forest,Shrubland,NULL,Non_Wetland,Forest
775,Water,Forest,Wetland,NULL,Wetland,NULL
776,Water,Forest,Wetland,NULL,Wetland,Grassland
777,Water,Forest,Wetland,NULL,Wetland,Wetland
778,Water,Forest,Wetland,NULL,Wetland,Forest
779,Water,Forest,Wetland,Non_Water,Wetland,Wetland
780,Water,Forest,Bareland,NULL,Non_Wetland,Wetland
781,Water,Forest,Forest,NULL,Non_Wetland,Grassland
782,Water,Forest,Forest,NULL,Non_Wetland,Wetland
783,Water,Forest,Forest,Non_Water,Non_Wetland,Wetland
784,Water,Forest,Forest,Non_Water,Non_Wetland,Forest
785,Permanent_ice_and_snow,NULL,NULL,NULL,Non_Wetland,Grassland
786,Permanent_ice_and_snow,NULL,NULL,NULL,Non_Wetland,Bareland
787,Permanent_ice_and_snow,NULL,Shrubland,NULL,Non_Wetland,Grassland
788,Permanent_ice_and_snow,NULL,Shrubland,NULL,Non_Wetland,Bareland
789,Permanent_ice_and_snow,NULL,Shrubland,Non_Water,Non_Wetland,Grassland
790,Permanent_ice_and_snow,NULL,Cropland,NULL,Non_Wetland,Grassland
791,Permanent_ice_and_snow,NULL,Cropland,NULL,Non_Wetland,Bareland
792,Permanent_ice_and_snow,NULL,Cropland,Water,Non_Wetland,Bareland
793,Permanent_ice_and_snow,NULL,Bareland,NULL,Non_Wetland,Bareland
794,Permanent_ice_and_snow,NULL,Forest,NULL,Non_Wetland,Grassland
795,Permanent_ice_and_snow,Cropland,NULL,NULL,Non_Wetland,Grassland
796,Permanent_ice_and_snow,Bareland,Shrubland,NULL,Non_Wetland,Grassland
797,Permanent_ice_and_snow,Bareland,Bareland,NULL,Non_Wetland,Bareland
798,Permanent_ice_and_snow,Bareland,Forest,NULL,Non_Wetland,Grassland
799,Permanent_ice_and_snow,Forest,NULL,NULL,Non_Wetland,Grassland
800,Permanent_ice_and_snow,Forest,Shrubland,NULL,Non_Wetland,Grassland
801,Permanent_ice_and_snow,Forest,Forest,NULL,Non_Wetland,Grassland
802,Forest,NULL,NULL,NULL,Non_Wetland,NULL
803,Forest,NULL,NULL,NULL,Non_Wetland,Grassland
804,Forest,NULL,NULL,NULL,Non_Wetland,Cropland
805,Forest,NULL,NULL,NULL,Non_Wetland,Wetland
806,Forest,NULL,NULL,NULL,Non_Wetland,Bareland
807,Forest,NULL,NULL,NULL,Non_Wetland,Built-up
808,Forest,NULL,NULL,NULL,Non_Wetland,Forest
809,Forest,NULL,NULL,Non_Water,Non_Wetland,Grassland
810,Forest,NULL,NULL,Non_Water,Non_Wetland,Wetland
811,Forest,NULL,NULL,Non_Water,Non_Wetland,Bareland
812,Forest,NULL,Shrubland,NULL,Non_Wetland,NULL
813,Forest,NULL,Shrubland,NULL,Non_Wetland,Grassland
814,Forest,NULL,Shrubland,NULL,Non_Wetland,Cropland
815,Forest,NULL,Shrubland,NULL,Non_Wetland,Wetland
816,Forest,NULL,Shrubland,NULL,Non_Wetland,Bareland
817,Forest,NULL,Shrubland,NULL,Non_Wetland,Built-up
818,Forest,NULL,Shrubland,NULL,Non_Wetland,Forest
819,Forest,NULL,Shrubland,Non_Water,Non_Wetland,NULL
820,Forest,NULL,Shrubland,Non_Water,Non_Wetland,Grassland
821,Forest,NULL,Shrubland,Non_Water,Non_Wetland,Wetland
822,Forest,NULL,Shrubland,Non_Water,Non_Wetland,Forest
823,Forest,NULL,Shrubland,Water,Non_Wetland,Grassland
824,Forest,NULL,Shrubland,Water,Non_Wetland,Wetland
825,Forest,NULL,Shrubland,Water,Non_Wetland,Forest
826,Forest,NULL,Grassland,NULL,Non_Wetland,NULL
827,Forest,NULL,Grassland,NULL,Non_Wetland,Grassland
828,Forest,NULL,Grassland,NULL,Non_Wetland,Cropland
829,Forest,NULL,Grassland,NULL,Non_Wetland,Wetland
830,Forest,NULL,Grassland,NULL,Non_Wetland,Bareland
831,Forest,NULL,Grassland,NULL,Non_Wetland,Forest
832,Forest,NULL,Cropland,NULL,Non_Wetland,NULL
833,Forest,NULL,Cropland,NULL,Non_Wetland,Grassland
834,Forest,NULL,Cropland,NULL,Non_Wetland,Cropland
835,Forest,NULL,Cropland,NULL,Non_Wetland,Wetland
836,Forest,NULL,Cropland,NULL,Non_Wetland,Built-up
837,Forest,NULL,Cropland,NULL,Non_Wetland,Forest
838,Forest,NULL,Cropland,Non_Water,Non_Wetland,Grassland
839,Forest,NULL,Wetland,NULL,Wetland,NULL
840,Forest,NULL,Wetland,NULL,Wetland,Grassland
841,Forest,NULL,Wetland,NULL,Wetland,Cropland
842,Forest,NULL,Wetland,NULL,Wetland,Wetland
843,Forest,NULL,Wetland,NULL,Wetland,Forest
844,Forest,NULL,Wetland,Non_Water,Wetland,Grassland
845,Forest,NULL,Wetland,Non_Water,Wetland,Wetland
846,Forest,NULL,Wetland,Water,Wetland,Wetland
847,Forest,NULL,Bareland,NULL,Non_Wetland,NULL
848,Forest,NULL,Bareland,NULL,Non_Wetland,Grassland
849,Forest,NULL,Bareland,NULL,Non_Wetland,Wetland
850,Forest,NULL,Bareland,NULL,Non_Wetland,Forest
851,Forest,NULL,Bareland,Non_Water,Non_Wetland,Wetland
852,Forest,NULL,Bareland,Water,Non_Wetland,Water
853,Forest,NULL,Built-up,NULL,Non_Wetland,NULL
854,Forest,NULL,Built-up,NULL,Non_Wetland,Grassland
855,Forest,NULL,Built-up,NULL,Non_Wetland,Wetland
856,Forest,NULL,Built-up,NULL,Non_Wetland,Bareland
857,Forest,NULL,Built-up,NULL,Non_Wetland,Built-up
858,Forest,NULL,Built-up,NULL,Non_Wetland,Forest
859,Forest,NULL,Water,NULL,Water,Grassland
860,Forest,NULL,Water,NULL,Water,Wetland
861,Forest,NULL,Water,Water,Water,Grassland
862,Forest,NULL,Forest,NULL,Non_Wetland,NULL
863,Forest,NULL,Forest,NULL,Non_Wetland,Grassland
864,Forest,NULL,Forest,NULL,Non_Wetland,Cropland
865,Forest,NULL,Forest,NULL,Non_Wetland,Wetland
866,Forest,NULL,Forest,NULL,Non_Wetland,Built-up
867,Forest,NULL,Forest,NULL,Non_Wetland,Forest
868,Forest,NULL,Forest,Non_Water,Non_Wetland,NULL
869,Forest,NULL,Forest,Non_Water,Non_Wetland,Grassland
870,Forest,NULL,Forest,Non_Water,Non_Wetland,Wetland
871,Forest,Cropland,NULL,NULL,Non_Wetland,NULL
872,Forest,Cropland,NULL,NULL,Non_Wetland,Grassland
873,Forest,Cropland,NULL,NULL,Non_Wetland,Cropland
874,Forest,Cropland,NULL,NULL,Non_Wetland,Wetland
875,Forest,Cropland,Shrubland,NULL,Non_Wetland,NULL
876,Forest,Cropland,Shrubland,NULL,Non_Wetland,Grassland
877,Forest,Cropland,Shrubland,NULL,Non_Wetland,Cropland
878,Forest,Cropland,Shrubland,NULL,Non_Wetland,Wetland
879,Forest,Cropland,Shrubland,NULL,Non_Wetland,Bareland
880,Forest,Cropland,Shrubland,NULL,Non_Wetland,Forest
881,Forest,Cropland,Shrubland,Water,Non_Wetland,Grassland
882,Forest,Cropland,Grassland,NULL,Non_Wetland,Grassland
883,Forest,Cropland,Cropland,NULL,Non_Wetland,NULL
884,Forest,Cropland,Wetland,NULL,Wetland,Grassland
885,Forest,Cropland,Wetland,NULL,Wetland,Wetland
886,Forest,Cropland,Bareland,NULL,Non_Wetland,Wetland
887,Forest,Cropland,Built-up,NULL,Non_Wetland,Grassland
888,Forest,Cropland,Forest,NULL,Non_Wetland,NULL
889,Forest,Cropland,Forest,NULL,Non_Wetland,Grassland
890,Forest,Cropland,Forest,NULL,Non_Wetland,Wetland
891,Forest,Cropland,Forest,NULL,Non_Wetland,Forest
892,Forest,Wetland,NULL,NULL,Non_Wetland,NULL
893,Forest,Wetland,NULL,NULL,Non_Wetland,Grassland
894,Forest,Wetland,NULL,NULL,Non_Wetland,Wetland
895,Forest,Wetland,NULL,NULL,Non_Wetland,Forest
896,Forest,Wetland,Shrubland,NULL,Non_Wetland,NULL
897,Forest,Wetland,Shrubland,NULL,Non_Wetland,Grassland
898,Forest,Wetland,Shrubland,NULL,Non_Wetland,Wetland
899,Forest,Wetland,Shrubland,NULL,Non_Wetland,Forest
900,Forest,Wetland,Shrubland,Water,Non_Wetland,NULL
901,Forest,Wetland,Cropland,NULL,Non_Wetland,NULL
902,Forest,Wetland,Wetland,NULL,Wetland,NULL
903,Forest,Wetland,Wetland,NULL,Wetland,Grassland
904,Forest,Wetland,Wetland,NULL,Wetland,Wetland
905,Forest,Wetland,Wetland,NULL,Wetland,Forest
906,Forest,Wetland,Bareland,NULL,Non_Wetland,Wetland
907,Forest,Wetland,Forest,NULL,Non_Wetland,NULL
908,Forest,Wetland,Forest,NULL,Non_Wetland,Grassland
909,Forest,Wetland,Forest,NULL,Non_Wetland,Wetland
910,Forest,Wetland,Forest,NULL,Non_Wetland,Forest
911,Forest,Built-up,Shrubland,NULL,Non_Wetland,Grassland
912,Forest,Built-up,Shrubland,NULL,Non_Wetland,Wetland
913,Forest,Water,NULL,NULL,Non_Wetland,Forest
914,Forest,Water,Shrubland,NULL,Non_Wetland,NULL
915,Forest,Water,Shrubland,NULL,Non_Wetland,Grassland
916,Forest,Water,Shrubland,NULL,Non_Wetland,Wetland
917,Forest,Water,Shrubland,NULL,Non_Wetland,Forest
918,Forest,Water,Shrubland,Non_Water,Non_Wetland,NULL
919,Forest,Water,Shrubland,Non_Water,Non_Wetland,Forest
920,Forest,Water,Shrubland,Water,Non_Wetland,Wetland
921,Forest,Water,Wetland,NULL,Wetland,Grassland
922,Forest,Water,Wetland,NULL,Wetland,Wetland
923,Forest,Water,Wetland,NULL,Wetland,Forest
924,Forest,Water,Wetland,Water,Wetland,Forest
925,Forest,Water,Forest,NULL,Non_Wetland,Wetland
926,Forest,Water,Forest,NULL,Non_Wetland,Forest
927,Forest,Forest,NULL,NULL,Non_Wetland,NULL
928,Forest,Forest,NULL,NULL,Non_Wetland,Grassland
929,Forest,Forest,NULL,NULL,Non_Wetland,Cropland
930,Forest,Forest,NULL,NULL,Non_Wetland,Wetland
931,Forest,Forest,NULL,NULL,Non_Wetland,Forest
932,Forest,Forest,NULL,Non_Water,Non_Wetland,NULL
933,Forest,Forest,NULL,Non_Water,Non_Wetland,Grassland
934,Forest,Forest,NULL,Non_Water,Non_Wetland,Wetland
935,Forest,Forest,NULL,Water,Non_Wetland,Wetland
936,Forest,Forest,Shrubland,NULL,Non_Wetland,NULL
937,Forest,Forest,Shrubland,NULL,Non_Wetland,Grassland
938,Forest,Forest,Shrubland,NULL,Non_Wetland,Cropland
939,Forest,Forest,Shrubland,NULL,Non_Wetland,Wetland
940,Forest,Forest,Shrubland,NULL,Non_Wetland,Bareland
941,Forest,Forest,Shrubland,NULL,Non_Wetland,Built-up
942,Forest,Forest,Shrubland,NULL,Non_Wetland,Forest
943,Forest,Forest,Shrubland,Non_Water,Non_Wetland,NULL
944,Forest,Forest,Shrubland,Non_Water,Non_Wetland,Grassland
945,Forest,Forest,Shrubland,Non_Water,Non_Wetland,Wetland
946,Forest,Forest,Shrubland,Non_Water,Non_Wetland,Forest
947,Forest,Forest,Shrubland,Water,Non_Wetland,Grassland
948,Forest,Forest,Shrubland,Water,Non_Wetland,Wetland
949,Forest,Forest,Grassland,NULL,Non_Wetland,NULL
950,Forest,Forest,Grassland,NULL,Non_Wetland,Grassland
951,Forest,Forest,Grassland,NULL,Non_Wetland,Wetland
952,Forest,Forest,Grassland,NULL,Non_Wetland,Forest
953,Forest,Forest,Cropland,NULL,Non_Wetland,NULL
954,Forest,Forest,Cropland,NULL,Non_Wetland,Grassland
955,Forest,Forest,Cropland,NULL,Non_Wetland,Cropland
956,Forest,Forest,Cropland,NULL,Non_Wetland,Wetland
957,Forest,Forest,Cropland,NULL,Non_Wetland,Forest
958,Forest,Forest,Wetland,NULL,Wetland,NULL
959,Forest,Forest,Wetland,NULL,Wetland,Grassland
960,Forest,Forest,Wetland,NULL,Wetland,Cropland
961,Forest,Forest,Wetland,NULL,Wetland,Wetland
962,Forest,Forest,Wetland,NULL,Wetland,Forest
963,Forest,Forest,Wetland,Non_Water,Wetland,Grassland
964,Forest,Forest,Wetland,Non_Water,Wetland,Wetland
965,Forest,Forest,Wetland,Water,Wetland,Wetland
966,Forest,Forest,Bareland,NULL,Non_Wetland,NULL
967,Forest,Forest,Bareland,NULL,Non_Wetland,Grassland
968,Forest,Forest,Bareland,NULL,Non_Wetland,Wetland
969,Forest,Forest,Bareland,NULL,Non_Wetland,Forest
970,Forest,Forest,Bareland,Water,Non_Wetland,Forest
971,Forest,Forest,Built-up,NULL,Non_Wetland,NULL
972,Forest,Forest,Built-up,NULL,Non_Wetland,Grassland
973,Forest,Forest,Built-up,NULL,Non_Wetland,Forest
974,Forest,Forest,Forest,NULL,Non_Wetland,NULL
975,Forest,Forest,Forest,NULL,Non_Wetland,Grassland
976,Forest,Forest,Forest,NULL,Non_Wetland,Cropland
977,Forest,Forest,Forest,NULL,Non_Wetland,Wetland
978,Forest,Forest,Forest,NULL,Non_Wetland,Forest
979,Forest,Forest,Forest,Non_Water,Non_Wetland,NULL
980,Forest,Forest,Forest,Non_Water,Non_Wetland,Grassland
981,Forest,Forest,Forest,Non_Water,Non_Wetland,Wetland
982,Forest,Forest,Forest,Non_Water,Non_Wetland,Forest
983,Forest,Forest,Forest,Water,Non_Wetland,Wetland
