Value,AFRICA_2024_DynamicWorld_2024_37PBS_M_R,AFRICA_2024_ESRI_Annual_LULC_2024_37PBS_M_R,AFRICA_2024_GLC_FCS30D_2022_37PBS_M_R,AFRICA_2024_GSW_Yearly_2021_37PBS_M_R,AFRICA_2024_GWL_FCS30D_2022_37PBS_M_R,AFRICA_2024_WorldCover_2021_37PBS_M_R
0,NULL,NULL,NULL,NULL,Non_Wetland,NULL
1,NULL,NULL,NULL,NULL,Non_Wetland,Grassland
2,NULL,NULL,NULL,NULL,Non_Wetland,Cropland
3,NULL,NULL,NULL,NULL,Non_Wetland,Bareland
4,NULL,NULL,NULL,NULL,Non_Wetland,Forest
5,NULL,NULL,NULL,Non_Water,Non_Wetland,NULL
6,NULL,NULL,NULL,Non_Water,Non_Wetland,Grassland
7,NULL,NULL,NULL,Non_Water,Non_Wetland,Cropland
8,NULL,NULL,NULL,Non_Water,Non_Wetland,Forest
9,NULL,NULL,Shrubland,NULL,Non_Wetland,NULL
10,NULL,NULL,Shrubland,NULL,Non_Wetland,Grassland
11,NULL,NULL,Shrubland,NULL,Non_Wetland,Cropland
12,NULL,NULL,Shrubland,NULL,Non_Wetland,Bareland
13,NULL,NULL,Shrubland,NULL,Non_Wetland,Forest
14,NULL,NULL,Shrubland,Non_Water,Non_Wetland,NULL
15,NULL,NULL,Shrubland,Non_Water,Non_Wetland,Grassland
16,NULL,NULL,Shrubland,Non_Water,Non_Wetland,Cropland
17,NULL,NULL,Shrubland,Non_Water,Non_Wetland,Forest
18,NULL,NULL,Shrubland,Water,Non_Wetland,Grassland
19,NULL,NULL,Shrubland,Water,Non_Wetland,Bareland
20,NULL,NULL,Shrubland,Water,Non_Wetland,Water
21,NULL,NULL,Grassland,NULL,Non_Wetland,NULL
22,NULL,NULL,Grassland,NULL,Non_Wetland,Grassland
23,NULL,NULL,Grassland,NULL,Non_Wetland,Cropland
24,NULL,NULL,Grassland,NULL,Non_Wetland,Bareland
25,NULL,NULL,Grassland,NULL,Non_Wetland,Built-up
26,NULL,NULL,Grassland,NULL,Non_Wetland,Forest
27,NULL,NULL,Grassland,Non_Water,Non_Wetland,NULL
28,NULL,NULL,Grassland,Non_Water,Non_Wetland,Grassland
29,NULL,NULL,Grassland,Non_Water,Non_Wetland,Cropland
30,NULL,NULL,Grassland,Non_Water,Non_Wetland,Forest
31,NULL,NULL,Grassland,Water,Non_Wetland,Grassland
32,NULL,NULL,Grassland,Water,Non_Wetland,Cropland
33,NULL,NULL,Grassland,Water,Non_Wetland,Bareland
34,NULL,NULL,Cropland,NULL,Non_Wetland,NULL
35,NULL,NULL,Cropland,NULL,Non_Wetland,Grassland
36,NULL,NULL,Cropland,NULL,Non_Wetland,Cropland
37,NULL,NULL,Cropland,NULL,Non_Wetland,Bareland
38,NULL,NULL,Cropland,NULL,Non_Wetland,Built-up
39,NULL,NULL,Cropland,NULL,Non_Wetland,Forest
40,NULL,NULL,Cropland,Non_Water,Non_Wetland,NULL
41,NULL,NULL,Cropland,Non_Water,Non_Wetland,Grassland
42,NULL,NULL,Cropland,Non_Water,Non_Wetland,Cropland
43,NULL,NULL,Cropland,Non_Water,Non_Wetland,Bareland
44,NULL,NULL,Cropland,Non_Water,Non_Wetland,Water
45,NULL,NULL,Cropland,Non_Water,Non_Wetland,Forest
46,NULL,NULL,Cropland,Water,Non_Wetland,Grassland
47,NULL,NULL,Cropland,Water,Non_Wetland,Cropland
48,NULL,NULL,Lichens_and_Mosses,NULL,Non_Wetland,NULL
49,NULL,NULL,Lichens_and_Mosses,NULL,Non_Wetland,Grassland
50,NULL,NULL,Lichens_and_Mosses,NULL,Non_Wetland,Cropland
51,NULL,NULL,Lichens_and_Mosses,NULL,Non_Wetland,Bareland
52,NULL,NULL,Lichens_and_Mosses,NULL,Non_Wetland,Forest
53,NULL,NULL,Bareland,NULL,Non_Wetland,NULL
54,NULL,NULL,Bareland,NULL,Non_Wetland,Grassland
55,NULL,NULL,Bareland,NULL,Non_Wetland,Cropland
56,NULL,NULL,Bareland,NULL,Non_Wetland,Bareland
57,NULL,NULL,Bareland,NULL,Non_Wetland,Forest
58,NULL,NULL,Bareland,Non_Water,Non_Wetland,Grassland
59,NULL,NULL,Bareland,Non_Water,Non_Wetland,Bareland
60,NULL,NULL,Bareland,Non_Water,Non_Wetland,Water
61,NULL,NULL,Bareland,Non_Water,Non_Wetland,Forest
62,NULL,NULL,Bareland,Water,Non_Wetland,Grassland
63,NULL,NULL,Bareland,Water,Non_Wetland,Bareland
64,NULL,NULL,Bareland,Water,Non_Wetland,Water
65,NULL,NULL,Built-up,NULL,Non_Wetland,NULL
66,NULL,NULL,Built-up,NULL,Non_Wetland,Grassland
67,NULL,NULL,Built-up,NULL,Non_Wetland,Bareland
68,NULL,NULL,Built-up,NULL,Non_Wetland,Built-up
69,NULL,NULL,Built-up,NULL,Non_Wetland,Forest
70,NULL,NULL,Built-up,Non_Water,Non_Wetland,Forest
71,NULL,NULL,Forest,NULL,Non_Wetland,NULL
72,NULL,NULL,Forest,NULL,Non_Wetland,Grassland
73,NULL,NULL,Forest,NULL,Non_Wetland,Cropland
74,NULL,NULL,Forest,NULL,Non_Wetland,Bareland
75,NULL,NULL,Forest,NULL,Non_Wetland,Forest
76,NULL,NULL,Forest,Non_Water,Non_Wetland,NULL
77,NULL,NULL,Forest,Non_Water,Non_Wetland,Grassland
78,NULL,NULL,Forest,Non_Water,Non_Wetland,Forest
79,NULL,NULL,Forest,Water,Non_Wetland,Water
80,NULL,Cropland,NULL,NULL,Non_Wetland,NULL
81,NULL,Cropland,NULL,NULL,Non_Wetland,Grassland
82,NULL,Cropland,NULL,NULL,Non_Wetland,Cropland
83,NULL,Cropland,NULL,NULL,Non_Wetland,Bareland
84,NULL,Cropland,NULL,NULL,Non_Wetland,Forest
85,NULL,Cropland,NULL,Non_Water,Non_Wetland,Forest
86,NULL,Cropland,Shrubland,NULL,Non_Wetland,NULL
87,NULL,Cropland,Shrubland,NULL,Non_Wetland,Grassland
88,NULL,Cropland,Shrubland,NULL,Non_Wetland,Cropland
89,NULL,Cropland,Shrubland,NULL,Non_Wetland,Bareland
90,NULL,Cropland,Shrubland,NULL,Non_Wetland,Forest
91,NULL,Cropland,Grassland,NULL,Non_Wetland,NULL
92,NULL,Cropland,Grassland,NULL,Non_Wetland,Grassland
93,NULL,Cropland,Grassland,NULL,Non_Wetland,Cropland
94,NULL,Cropland,Grassland,NULL,Non_Wetland,Bareland
95,NULL,Cropland,Grassland,NULL,Non_Wetland,Built-up
96,NULL,Cropland,Grassland,NULL,Non_Wetland,Forest
97,NULL,Cropland,Grassland,Non_Water,Non_Wetland,Grassland
98,NULL,Cropland,Grassland,Non_Water,Non_Wetland,Cropland
99,NULL,Cropland,Grassland,Non_Water,Non_Wetland,Forest
100,NULL,Cropland,Grassland,Water,Non_Wetland,Grassland
101,NULL,Cropland,Grassland,Water,Non_Wetland,Bareland
102,NULL,Cropland,Grassland,Water,Non_Wetland,Water
103,NULL,Cropland,Cropland,NULL,Non_Wetland,NULL
104,NULL,Cropland,Cropland,NULL,Non_Wetland,Grassland
105,NULL,Cropland,Cropland,NULL,Non_Wetland,Cropland
106,NULL,Cropland,Cropland,NULL,Non_Wetland,Bareland
107,NULL,Cropland,Cropland,NULL,Non_Wetland,Forest
108,NULL,Cropland,Cropland,Non_Water,Non_Wetland,NULL
109,NULL,Cropland,Cropland,Non_Water,Non_Wetland,Grassland
110,NULL,Cropland,Cropland,Non_Water,Non_Wetland,Cropland
111,NULL,Cropland,Cropland,Non_Water,Non_Wetland,Forest
112,NULL,Cropland,Cropland,Water,Non_Wetland,Grassland
113,NULL,Cropland,Cropland,Water,Non_Wetland,Cropland
114,NULL,Cropland,Lichens_and_Mosses,NULL,Non_Wetland,NULL
115,NULL,Cropland,Lichens_and_Mosses,NULL,Non_Wetland,Grassland
116,NULL,Cropland,Lichens_and_Mosses,NULL,Non_Wetland,Cropland
117,NULL,Cropland,Lichens_and_Mosses,NULL,Non_Wetland,Bareland
118,NULL,Cropland,Bareland,NULL,Non_Wetland,NULL
119,NULL,Cropland,Bareland,NULL,Non_Wetland,Grassland
120,NULL,Cropland,Bareland,NULL,Non_Wetland,Cropland
121,NULL,Cropland,Bareland,NULL,Non_Wetland,Bareland
122,NULL,Cropland,Bareland,Water,Non_Wetland,Water
123,NULL,Cropland,Built-up,NULL,Non_Wetland,NULL
124,NULL,Cropland,Built-up,NULL,Non_Wetland,Grassland
125,NULL,Cropland,Built-up,NULL,Non_Wetland,Bareland
126,NULL,Cropland,Built-up,NULL,Non_Wetland,Built-up
127,NULL,Cropland,Forest,NULL,Non_Wetland,NULL
128,NULL,Cropland,Forest,NULL,Non_Wetland,Grassland
129,NULL,Cropland,Forest,NULL,Non_Wetland,Cropland
130,NULL,Cropland,Forest,NULL,Non_Wetland,Forest
131,NULL,Cropland,Forest,Non_Water,Non_Wetland,NULL
132,NULL,Cropland,Forest,Non_Water,Non_Wetland,Forest
133,NULL,Bareland,NULL,NULL,Non_Wetland,Grassland
134,NULL,Bareland,NULL,NULL,Non_Wetland,Bareland
135,NULL,Bareland,Grassland,NULL,Non_Wetland,Grassland
136,NULL,Bareland,Grassland,NULL,Non_Wetland,Cropland
137,NULL,Bareland,Grassland,NULL,Non_Wetland,Bareland
138,NULL,Bareland,Cropland,NULL,Non_Wetland,NULL
139,NULL,Bareland,Cropland,NULL,Non_Wetland,Grassland
140,NULL,Bareland,Cropland,NULL,Non_Wetland,Cropland
141,NULL,Bareland,Cropland,NULL,Non_Wetland,Forest
142,NULL,Bareland,Bareland,NULL,Non_Wetland,Bareland
143,NULL,Built-up,NULL,NULL,Non_Wetland,NULL
144,NULL,Built-up,NULL,NULL,Non_Wetland,Grassland
145,NULL,Built-up,NULL,NULL,Non_Wetland,Cropland
146,NULL,Built-up,NULL,NULL,Non_Wetland,Bareland
147,NULL,Built-up,NULL,NULL,Non_Wetland,Built-up
148,NULL,Built-up,NULL,NULL,Non_Wetland,Forest
149,NULL,Built-up,NULL,Non_Water,Non_Wetland,Grassland
150,NULL,Built-up,Shrubland,NULL,Non_Wetland,NULL
151,NULL,Built-up,Shrubland,NULL,Non_Wetland,Grassland
152,NULL,Built-up,Shrubland,NULL,Non_Wetland,Cropland
153,NULL,Built-up,Shrubland,NULL,Non_Wetland,Bareland
154,NULL,Built-up,Shrubland,NULL,Non_Wetland,Built-up
155,NULL,Built-up,Shrubland,NULL,Non_Wetland,Forest
156,NULL,Built-up,Grassland,NULL,Non_Wetland,NULL
157,NULL,Built-up,Grassland,NULL,Non_Wetland,Grassland
158,NULL,Built-up,Grassland,NULL,Non_Wetland,Cropland
159,NULL,Built-up,Grassland,NULL,Non_Wetland,Bareland
160,NULL,Built-up,Grassland,NULL,Non_Wetland,Built-up
161,NULL,Built-up,Grassland,NULL,Non_Wetland,Forest
162,NULL,Built-up,Cropland,NULL,Non_Wetland,NULL
163,NULL,Built-up,Cropland,NULL,Non_Wetland,Grassland
164,NULL,Built-up,Cropland,NULL,Non_Wetland,Cropland
165,NULL,Built-up,Cropland,NULL,Non_Wetland,Bareland
166,NULL,Built-up,Cropland,NULL,Non_Wetland,Built-up
167,NULL,Built-up,Cropland,NULL,Non_Wetland,Forest
168,NULL,Built-up,Lichens_and_Mosses,NULL,Non_Wetland,NULL
169,NULL,Built-up,Lichens_and_Mosses,NULL,Non_Wetland,Grassland
170,NULL,Built-up,Lichens_and_Mosses,NULL,Non_Wetland,Bareland
171,NULL,Built-up,Lichens_and_Mosses,NULL,Non_Wetland,Built-up
172,NULL,Built-up,Bareland,NULL,Non_Wetland,NULL
173,NULL,Built-up,Bareland,NULL,Non_Wetland,Grassland
174,NULL,Built-up,Bareland,NULL,Non_Wetland,Cropland
175,NULL,Built-up,Bareland,NULL,Non_Wetland,Bareland
176,NULL,Built-up,Bareland,NULL,Non_Wetland,Built-up
177,NULL,Built-up,Bareland,NULL,Non_Wetland,Forest
178,NULL,Built-up,Built-up,NULL,Non_Wetland,NULL
179,NULL,Built-up,Built-up,NULL,Non_Wetland,Grassland
180,NULL,Built-up,Built-up,NULL,Non_Wetland,Cropland
181,NULL,Built-up,Built-up,NULL,Non_Wetland,Bareland
182,NULL,Built-up,Built-up,NULL,Non_Wetland,Built-up
183,NULL,Built-up,Built-up,NULL,Non_Wetland,Forest
184,NULL,Built-up,Forest,NULL,Non_Wetland,NULL
185,NULL,Built-up,Forest,NULL,Non_Wetland,Grassland
186,NULL,Built-up,Forest,NULL,Non_Wetland,Forest
187,NULL,Water,NULL,NULL,Non_Wetland,Forest
188,NULL,Water,Shrubland,NULL,Non_Wetland,Grassland
189,NULL,Water,Shrubland,NULL,Non_Wetland,Forest
190,NULL,Water,Grassland,Non_Water,Non_Wetland,Grassland
191,NULL,Water,Cropland,NULL,Non_Wetland,Grassland
192,NULL,Water,Cropland,Water,Non_Wetland,Grassland
193,NULL,Water,Wetland,Water,Wetland,Water
194,NULL,Water,Bareland,NULL,Non_Wetland,Cropland
195,NULL,Water,Bareland,NULL,Non_Wetland,Bareland
196,NULL,Water,Bareland,NULL,Non_Wetland,Forest
197,NULL,Water,Bareland,Water,Non_Wetland,Water
198,NULL,Water,Forest,Water,Non_Wetland,Water
199,NULL,Forest,NULL,NULL,Non_Wetland,NULL
200,NULL,Forest,NULL,NULL,Non_Wetland,Grassland
201,NULL,Forest,NULL,NULL,Non_Wetland,Cropland
202,NULL,Forest,NULL,NULL,Non_Wetland,Bareland
203,NULL,Forest,NULL,NULL,Non_Wetland,Forest
204,NULL,Forest,NULL,Non_Water,Non_Wetland,NULL
205,NULL,Forest,NULL,Non_Water,Non_Wetland,Grassland
206,NULL,Forest,NULL,Non_Water,Non_Wetland,Forest
207,NULL,Forest,Shrubland,NULL,Non_Wetland,NULL
208,NULL,Forest,Shrubland,NULL,Non_Wetland,Grassland
209,NULL,Forest,Shrubland,NULL,Non_Wetland,Cropland
210,NULL,Forest,Shrubland,NULL,Non_Wetland,Bareland
211,NULL,Forest,Shrubland,NULL,Non_Wetland,Forest
212,NULL,Forest,Shrubland,Non_Water,Non_Wetland,NULL
213,NULL,Forest,Shrubland,Non_Water,Non_Wetland,Grassland
214,NULL,Forest,Grassland,NULL,Non_Wetland,NULL
215,NULL,Forest,Grassland,NULL,Non_Wetland,Grassland
216,NULL,Forest,Grassland,NULL,Non_Wetland,Cropland
217,NULL,Forest,Grassland,NULL,Non_Wetland,Bareland
218,NULL,Forest,Grassland,NULL,Non_Wetland,Forest
219,NULL,Forest,Grassland,Non_Water,Non_Wetland,NULL
220,NULL,Forest,Grassland,Non_Water,Non_Wetland,Grassland
221,NULL,Forest,Cropland,NULL,Non_Wetland,NULL
222,NULL,Forest,Cropland,NULL,Non_Wetland,Grassland
223,NULL,Forest,Cropland,NULL,Non_Wetland,Cropland
224,NULL,Forest,Cropland,NULL,Non_Wetland,Bareland
225,NULL,Forest,Cropland,NULL,Non_Wetland,Forest
226,NULL,Forest,Cropland,Non_Water,Non_Wetland,NULL
227,NULL,Forest,Cropland,Non_Water,Non_Wetland,Grassland
228,NULL,Forest,Cropland,Non_Water,Non_Wetland,Forest
229,NULL,Forest,Lichens_and_Mosses,NULL,Non_Wetland,Grassland
230,NULL,Forest,Lichens_and_Mosses,NULL,Non_Wetland,Forest
231,NULL,Forest,Bareland,NULL,Non_Wetland,NULL
232,NULL,Forest,Bareland,NULL,Non_Wetland,Grassland
233,NULL,Forest,Bareland,NULL,Non_Wetland,Forest
234,NULL,Forest,Built-up,NULL,Non_Wetland,NULL
235,NULL,Forest,Forest,NULL,Non_Wetland,NULL
236,NULL,Forest,Forest,NULL,Non_Wetland,Grassland
237,NULL,Forest,Forest,NULL,Non_Wetland,Cropland
238,NULL,Forest,Forest,NULL,Non_Wetland,Forest
239,NULL,Forest,Forest,Non_Water,Non_Wetland,NULL
240,NULL,Forest,Forest,Non_Water,Non_Wetland,Grassland
241,NULL,Forest,Forest,Non_Water,Non_Wetland,Forest
242,Grassland,NULL,Shrubland,NULL,Non_Wetland,Grassland
243,Grassland,NULL,Shrubland,NULL,Non_Wetland,Cropland
244,Grassland,NULL,Grassland,NULL,Non_Wetland,Grassland
245,Grassland,NULL,Cropland,NULL,Non_Wetland,Grassland
246,Grassland,NULL,Cropland,NULL,Non_Wetland,Cropland
247,Grassland,Cropland,Shrubland,NULL,Non_Wetland,Grassland
248,Grassland,Cropland,Shrubland,NULL,Non_Wetland,Cropland
249,Grassland,Cropland,Cropland,NULL,Non_Wetland,Grassland
250,Grassland,Cropland,Cropland,NULL,Non_Wetland,Cropland
251,Grassland,Cropland,Cropland,Non_Water,Non_Wetland,Cropland
252,Grassland,Cropland,Cropland,Water,Non_Wetland,Water
253,Grassland,Cropland,Forest,Non_Water,Non_Wetland,Cropland
254,Cropland,NULL,NULL,NULL,Non_Wetland,NULL
255,Cropland,NULL,NULL,NULL,Non_Wetland,Grassland
256,Cropland,NULL,NULL,NULL,Non_Wetland,Cropland
257,Cropland,NULL,NULL,NULL,Non_Wetland,Bareland
258,Cropland,NULL,NULL,NULL,Non_Wetland,Forest
259,Cropland,NULL,NULL,Non_Water,Non_Wetland,NULL
260,Cropland,NULL,NULL,Non_Water,Non_Wetland,Grassland
261,Cropland,NULL,NULL,Non_Water,Non_Wetland,Cropland
262,Cropland,NULL,NULL,Non_Water,Non_Wetland,Forest
263,Cropland,NULL,NULL,Water,Non_Wetland,Cropland
264,Cropland,NULL,Shrubland,NULL,Non_Wetland,NULL
265,Cropland,NULL,Shrubland,NULL,Non_Wetland,Grassland
266,Cropland,NULL,Shrubland,NULL,Non_Wetland,Cropland
267,Cropland,NULL,Shrubland,NULL,Non_Wetland,Bareland
268,Cropland,NULL,Shrubland,NULL,Non_Wetland,Built-up
269,Cropland,NULL,Shrubland,NULL,Non_Wetland,Forest
270,Cropland,NULL,Shrubland,Non_Water,Non_Wetland,Grassland
271,Cropland,NULL,Shrubland,Non_Water,Non_Wetland,Cropland
272,Cropland,NULL,Shrubland,Non_Water,Non_Wetland,Forest
273,Cropland,NULL,Shrubland,Water,Non_Wetland,Grassland
274,Cropland,NULL,Shrubland,Water,Non_Wetland,Cropland
275,Cropland,NULL,Shrubland,Water,Non_Wetland,Bareland
276,Cropland,NULL,Shrubland,Water,Non_Wetland,Water
277,Cropland,NULL,Grassland,NULL,Non_Wetland,NULL
278,Cropland,NULL,Grassland,NULL,Non_Wetland,Grassland
279,Cropland,NULL,Grassland,NULL,Non_Wetland,Cropland
280,Cropland,NULL,Grassland,NULL,Non_Wetland,Bareland
281,Cropland,NULL,Grassland,NULL,Non_Wetland,Built-up
282,Cropland,NULL,Grassland,NULL,Non_Wetland,Water
283,Cropland,NULL,Grassland,NULL,Non_Wetland,Forest
284,Cropland,NULL,Grassland,Non_Water,Non_Wetland,NULL
285,Cropland,NULL,Grassland,Non_Water,Non_Wetland,Grassland
286,Cropland,NULL,Grassland,Non_Water,Non_Wetland,Cropland
287,Cropland,NULL,Grassland,Non_Water,Non_Wetland,Bareland
288,Cropland,NULL,Grassland,Non_Water,Non_Wetland,Water
289,Cropland,NULL,Grassland,Non_Water,Non_Wetland,Forest
290,Cropland,NULL,Grassland,Water,Non_Wetland,NULL
291,Cropland,NULL,Grassland,Water,Non_Wetland,Grassland
292,Cropland,NULL,Grassland,Water,Non_Wetland,Cropland
293,Cropland,NULL,Grassland,Water,Non_Wetland,Bareland
294,Cropland,NULL,Grassland,Water,Non_Wetland,Water
295,Cropland,NULL,Cropland,NULL,Non_Wetland,NULL
296,Cropland,NULL,Cropland,NULL,Non_Wetland,Grassland
297,Cropland,NULL,Cropland,NULL,Non_Wetland,Cropland
298,Cropland,NULL,Cropland,NULL,Non_Wetland,Bareland
299,Cropland,NULL,Cropland,NULL,Non_Wetland,Built-up
300,Cropland,NULL,Cropland,NULL,Non_Wetland,Water
301,Cropland,NULL,Cropland,NULL,Non_Wetland,Forest
302,Cropland,NULL,Cropland,Non_Water,Non_Wetland,NULL
303,Cropland,NULL,Cropland,Non_Water,Non_Wetland,Grassland
304,Cropland,NULL,Cropland,Non_Water,Non_Wetland,Cropland
305,Cropland,NULL,Cropland,Non_Water,Non_Wetland,Water
306,Cropland,NULL,Cropland,Non_Water,Non_Wetland,Forest
307,Cropland,NULL,Cropland,Water,Non_Wetland,Grassland
308,Cropland,NULL,Cropland,Water,Non_Wetland,Cropland
309,Cropland,NULL,Cropland,Water,Non_Wetland,Wetland
310,Cropland,NULL,Cropland,Water,Non_Wetland,Bareland
311,Cropland,NULL,Cropland,Water,Non_Wetland,Water
312,Cropland,NULL,Wetland,NULL,Wetland,Cropland
313,Cropland,NULL,Wetland,NULL,Wetland,Bareland
314,Cropland,NULL,Wetland,Non_Water,Wetland,Cropland
315,Cropland,NULL,Wetland,Non_Water,Wetland,Forest
316,Cropland,NULL,Wetland,Water,Wetland,Grassland
317,Cropland,NULL,Wetland,Water,Wetland,Cropland
318,Cropland,NULL,Wetland,Water,Wetland,Bareland
319,Cropland,NULL,Wetland,Water,Wetland,Water
320,Cropland,NULL,Lichens_and_Mosses,NULL,Non_Wetland,NULL
321,Cropland,NULL,Lichens_and_Mosses,NULL,Non_Wetland,Grassland
322,Cropland,NULL,Lichens_and_Mosses,NULL,Non_Wetland,Cropland
323,Cropland,NULL,Lichens_and_Mosses,NULL,Non_Wetland,Bareland
324,Cropland,NULL,Lichens_and_Mosses,NULL,Non_Wetland,Forest
325,Cropland,NULL,Bareland,NULL,Non_Wetland,NULL
326,Cropland,NULL,Bareland,NULL,Non_Wetland,Grassland
327,Cropland,NULL,Bareland,NULL,Non_Wetland,Cropland
328,Cropland,NULL,Bareland,NULL,Non_Wetland,Bareland
329,Cropland,NULL,Bareland,NULL,Non_Wetland,Built-up
330,Cropland,NULL,Bareland,NULL,Non_Wetland,Water
331,Cropland,NULL,Bareland,NULL,Non_Wetland,Forest
332,Cropland,NULL,Bareland,Non_Water,Non_Wetland,Grassland
333,Cropland,NULL,Bareland,Non_Water,Non_Wetland,Cropland
334,Cropland,NULL,Bareland,Non_Water,Non_Wetland,Bareland
335,Cropland,NULL,Bareland,Water,Non_Wetland,Grassland
336,Cropland,NULL,Bareland,Water,Non_Wetland,Cropland
337,Cropland,NULL,Bareland,Water,Non_Wetland,Wetland
338,Cropland,NULL,Bareland,Water,Non_Wetland,Bareland
339,Cropland,NULL,Bareland,Water,Non_Wetland,Water
340,Cropland,NULL,Built-up,NULL,Non_Wetland,NULL
341,Cropland,NULL,Built-up,NULL,Non_Wetland,Grassland
342,Cropland,NULL,Built-up,NULL,Non_Wetland,Cropland
343,Cropland,NULL,Built-up,NULL,Non_Wetland,Bareland
344,Cropland,NULL,Built-up,NULL,Non_Wetland,Built-up
345,Cropland,NULL,Built-up,NULL,Non_Wetland,Water
346,Cropland,NULL,Built-up,NULL,Non_Wetland,Forest
347,Cropland,NULL,Built-up,Non_Water,Non_Wetland,Grassland
348,Cropland,NULL,Built-up,Non_Water,Non_Wetland,Cropland
349,Cropland,NULL,Built-up,Water,Non_Wetland,Water
350,Cropland,NULL,Water,NULL,Water,Grassland
351,Cropland,NULL,Water,NULL,Water,Cropland
352,Cropland,NULL,Water,Non_Water,Water,Grassland
353,Cropland,NULL,Water,Non_Water,Water,Forest
354,Cropland,NULL,Water,Water,Water,Water
355,Cropland,NULL,Forest,NULL,Non_Wetland,NULL
356,Cropland,NULL,Forest,NULL,Non_Wetland,Grassland
357,Cropland,NULL,Forest,NULL,Non_Wetland,Cropland
358,Cropland,NULL,Forest,NULL,Non_Wetland,Forest
359,Cropland,NULL,Forest,Non_Water,Non_Wetland,NULL
360,Cropland,NULL,Forest,Non_Water,Non_Wetland,Grassland
361,Cropland,NULL,Forest,Non_Water,Non_Wetland,Cropland
362,Cropland,NULL,Forest,Non_Water,Non_Wetland,Forest
363,Cropland,NULL,Forest,Water,Non_Wetland,Grassland
364,Cropland,NULL,Forest,Water,Non_Wetland,Cropland
365,Cropland,NULL,Forest,Water,Non_Wetland,Wetland
366,Cropland,NULL,Forest,Water,Non_Wetland,Water
367,Cropland,Cropland,NULL,NULL,Non_Wetland,NULL
368,Cropland,Cropland,NULL,NULL,Non_Wetland,Grassland
369,Cropland,Cropland,NULL,NULL,Non_Wetland,Cropland
370,Cropland,Cropland,NULL,NULL,Non_Wetland,Bareland
371,Cropland,Cropland,NULL,NULL,Non_Wetland,Forest
372,Cropland,Cropland,NULL,Non_Water,Non_Wetland,NULL
373,Cropland,Cropland,NULL,Non_Water,Non_Wetland,Grassland
374,Cropland,Cropland,NULL,Non_Water,Non_Wetland,Cropland
375,Cropland,Cropland,NULL,Non_Water,Non_Wetland,Forest
376,Cropland,Cropland,Shrubland,NULL,Non_Wetland,NULL
377,Cropland,Cropland,Shrubland,NULL,Non_Wetland,Grassland
378,Cropland,Cropland,Shrubland,NULL,Non_Wetland,Cropland
379,Cropland,Cropland,Shrubland,NULL,Non_Wetland,Bareland
380,Cropland,Cropland,Shrubland,NULL,Non_Wetland,Forest
381,Cropland,Cropland,Shrubland,Non_Water,Non_Wetland,Grassland
382,Cropland,Cropland,Shrubland,Non_Water,Non_Wetland,Cropland
383,Cropland,Cropland,Shrubland,Non_Water,Non_Wetland,Water
384,Cropland,Cropland,Shrubland,Non_Water,Non_Wetland,Forest
385,Cropland,Cropland,Shrubland,Water,Non_Wetland,Cropland
386,Cropland,Cropland,Shrubland,Water,Non_Wetland,Water
387,Cropland,Cropland,Grassland,NULL,Non_Wetland,NULL
388,Cropland,Cropland,Grassland,NULL,Non_Wetland,Grassland
389,Cropland,Cropland,Grassland,NULL,Non_Wetland,Cropland
390,Cropland,Cropland,Grassland,NULL,Non_Wetland,Bareland
391,Cropland,Cropland,Grassland,NULL,Non_Wetland,Built-up
392,Cropland,Cropland,Grassland,NULL,Non_Wetland,Forest
393,Cropland,Cropland,Grassland,Non_Water,Non_Wetland,Grassland
394,Cropland,Cropland,Grassland,Non_Water,Non_Wetland,Cropland
395,Cropland,Cropland,Grassland,Non_Water,Non_Wetland,Bareland
396,Cropland,Cropland,Grassland,Non_Water,Non_Wetland,Water
397,Cropland,Cropland,Grassland,Non_Water,Non_Wetland,Forest
398,Cropland,Cropland,Grassland,Water,Non_Wetland,Grassland
399,Cropland,Cropland,Grassland,Water,Non_Wetland,Cropland
400,Cropland,Cropland,Grassland,Water,Non_Wetland,Wetland
401,Cropland,Cropland,Grassland,Water,Non_Wetland,Water
402,Cropland,Cropland,Cropland,NULL,Non_Wetland,NULL
403,Cropland,Cropland,Cropland,NULL,Non_Wetland,Grassland
404,Cropland,Cropland,Cropland,NULL,Non_Wetland,Cropland
405,Cropland,Cropland,Cropland,NULL,Non_Wetland,Bareland
406,Cropland,Cropland,Cropland,NULL,Non_Wetland,Built-up
407,Cropland,Cropland,Cropland,NULL,Non_Wetland,Water
408,Cropland,Cropland,Cropland,NULL,Non_Wetland,Forest
409,Cropland,Cropland,Cropland,Non_Water,Non_Wetland,NULL
410,Cropland,Cropland,Cropland,Non_Water,Non_Wetland,Grassland
411,Cropland,Cropland,Cropland,Non_Water,Non_Wetland,Cropland
412,Cropland,Cropland,Cropland,Non_Water,Non_Wetland,Bareland
413,Cropland,Cropland,Cropland,Non_Water,Non_Wetland,Water
414,Cropland,Cropland,Cropland,Non_Water,Non_Wetland,Forest
415,Cropland,Cropland,Cropland,Water,Non_Wetland,Grassland
416,Cropland,Cropland,Cropland,Water,Non_Wetland,Cropland
417,Cropland,Cropland,Cropland,Water,Non_Wetland,Wetland
418,Cropland,Cropland,Cropland,Water,Non_Wetland,Bareland
419,Cropland,Cropland,Cropland,Water,Non_Wetland,Water
420,Cropland,Cropland,Wetland,Non_Water,Wetland,Cropland
421,Cropland,Cropland,Wetland,Non_Water,Wetland,Water
422,Cropland,Cropland,Wetland,Non_Water,Wetland,Forest
423,Cropland,Cropland,Wetland,Water,Wetland,Cropland
424,Cropland,Cropland,Wetland,Water,Wetland,Bareland
425,Cropland,Cropland,Wetland,Water,Wetland,Water
426,Cropland,Cropland,Lichens_and_Mosses,NULL,Non_Wetland,NULL
427,Cropland,Cropland,Lichens_and_Mosses,NULL,Non_Wetland,Grassland
428,Cropland,Cropland,Lichens_and_Mosses,NULL,Non_Wetland,Cropland
429,Cropland,Cropland,Lichens_and_Mosses,NULL,Non_Wetland,Bareland
430,Cropland,Cropland,Lichens_and_Mosses,NULL,Non_Wetland,Forest
431,Cropland,Cropland,Bareland,NULL,Non_Wetland,NULL
432,Cropland,Cropland,Bareland,NULL,Non_Wetland,Grassland
433,Cropland,Cropland,Bareland,NULL,Non_Wetland,Cropland
434,Cropland,Cropland,Bareland,NULL,Non_Wetland,Bareland
435,Cropland,Cropland,Bareland,NULL,Non_Wetland,Built-up
436,Cropland,Cropland,Bareland,NULL,Non_Wetland,Forest
437,Cropland,Cropland,Bareland,Non_Water,Non_Wetland,Grassland
438,Cropland,Cropland,Bareland,Non_Water,Non_Wetland,Cropland
439,Cropland,Cropland,Bareland,Non_Water,Non_Wetland,Bareland
440,Cropland,Cropland,Bareland,Non_Water,Non_Wetland,Forest
441,Cropland,Cropland,Bareland,Water,Non_Wetland,Cropland
442,Cropland,Cropland,Bareland,Water,Non_Wetland,Wetland
443,Cropland,Cropland,Bareland,Water,Non_Wetland,Bareland
444,Cropland,Cropland,Bareland,Water,Non_Wetland,Water
445,Cropland,Cropland,Built-up,NULL,Non_Wetland,NULL
446,Cropland,Cropland,Built-up,NULL,Non_Wetland,Grassland
447,Cropland,Cropland,Built-up,NULL,Non_Wetland,Cropland
448,Cropland,Cropland,Built-up,NULL,Non_Wetland,Bareland
449,Cropland,Cropland,Built-up,NULL,Non_Wetland,Built-up
450,Cropland,Cropland,Built-up,NULL,Non_Wetland,Forest
451,Cropland,Cropland,Built-up,Water,Non_Wetland,Bareland
452,Cropland,Cropland,Water,Water,Water,Grassland
453,Cropland,Cropland,Water,Water,Water,Water
454,Cropland,Cropland,Forest,NULL,Non_Wetland,NULL
455,Cropland,Cropland,Forest,NULL,Non_Wetland,Grassland
456,Cropland,Cropland,Forest,NULL,Non_Wetland,Cropland
457,Cropland,Cropland,Forest,NULL,Non_Wetland,Bareland
458,Cropland,Cropland,Forest,NULL,Non_Wetland,Forest
459,Cropland,Cropland,Forest,Non_Water,Non_Wetland,NULL
460,Cropland,Cropland,Forest,Non_Water,Non_Wetland,Grassland
461,Cropland,Cropland,Forest,Non_Water,Non_Wetland,Cropland
462,Cropland,Cropland,Forest,Non_Water,Non_Wetland,Forest
463,Cropland,Cropland,Forest,Water,Non_Wetland,Grassland
464,Cropland,Cropland,Forest,Water,Non_Wetland,Cropland
465,Cropland,Cropland,Forest,Water,Non_Wetland,Wetland
466,Cropland,Cropland,Forest,Water,Non_Wetland,Water
467,Cropland,Bareland,NULL,NULL,Non_Wetland,Grassland
468,Cropland,Bareland,NULL,NULL,Non_Wetland,Cropland
469,Cropland,Bareland,NULL,NULL,Non_Wetland,Bareland
470,Cropland,Bareland,Shrubland,NULL,Non_Wetland,Grassland
471,Cropland,Bareland,Shrubland,NULL,Non_Wetland,Cropland
472,Cropland,Bareland,Shrubland,NULL,Non_Wetland,Bareland
473,Cropland,Bareland,Shrubland,Non_Water,Non_Wetland,Grassland
474,Cropland,Bareland,Shrubland,Water,Non_Wetland,Water
475,Cropland,Bareland,Grassland,NULL,Non_Wetland,NULL
476,Cropland,Bareland,Grassland,NULL,Non_Wetland,Grassland
477,Cropland,Bareland,Grassland,NULL,Non_Wetland,Cropland
478,Cropland,Bareland,Grassland,NULL,Non_Wetland,Bareland
479,Cropland,Bareland,Grassland,NULL,Non_Wetland,Built-up
480,Cropland,Bareland,Grassland,Non_Water,Non_Wetland,Grassland
481,Cropland,Bareland,Grassland,Water,Non_Wetland,Grassland
482,Cropland,Bareland,Cropland,NULL,Non_Wetland,NULL
483,Cropland,Bareland,Cropland,NULL,Non_Wetland,Grassland
484,Cropland,Bareland,Cropland,NULL,Non_Wetland,Cropland
485,Cropland,Bareland,Cropland,NULL,Non_Wetland,Bareland
486,Cropland,Bareland,Cropland,Non_Water,Non_Wetland,Grassland
487,Cropland,Bareland,Wetland,Water,Wetland,Water
488,Cropland,Bareland,Lichens_and_Mosses,NULL,Non_Wetland,Grassland
489,Cropland,Bareland,Lichens_and_Mosses,NULL,Non_Wetland,Bareland
490,Cropland,Bareland,Bareland,NULL,Non_Wetland,Grassland
491,Cropland,Bareland,Bareland,NULL,Non_Wetland,Cropland
492,Cropland,Bareland,Bareland,NULL,Non_Wetland,Bareland
493,Cropland,Bareland,Bareland,Water,Non_Wetland,Cropland
494,Cropland,Bareland,Bareland,Water,Non_Wetland,Bareland
495,Cropland,Bareland,Bareland,Water,Non_Wetland,Water
496,Cropland,Bareland,Built-up,NULL,Non_Wetland,Grassland
497,Cropland,Bareland,Built-up,NULL,Non_Wetland,Cropland
498,Cropland,Bareland,Built-up,NULL,Non_Wetland,Bareland
499,Cropland,Bareland,Water,Water,Water,Water
500,Cropland,Bareland,Forest,NULL,Non_Wetland,Bareland
501,Cropland,Bareland,Forest,Water,Non_Wetland,Cropland
502,Cropland,Bareland,Forest,Water,Non_Wetland,Water
503,Cropland,Built-up,NULL,NULL,Non_Wetland,Grassland
504,Cropland,Built-up,NULL,NULL,Non_Wetland,Cropland
505,Cropland,Built-up,NULL,NULL,Non_Wetland,Bareland
506,Cropland,Built-up,NULL,NULL,Non_Wetland,Forest
507,Cropland,Built-up,Shrubland,NULL,Non_Wetland,Grassland
508,Cropland,Built-up,Shrubland,NULL,Non_Wetland,Cropland
509,Cropland,Built-up,Shrubland,NULL,Non_Wetland,Forest
510,Cropland,Built-up,Grassland,NULL,Non_Wetland,NULL
511,Cropland,Built-up,Grassland,NULL,Non_Wetland,Grassland
512,Cropland,Built-up,Grassland,NULL,Non_Wetland,Cropland
513,Cropland,Built-up,Grassland,NULL,Non_Wetland,Bareland
514,Cropland,Built-up,Grassland,NULL,Non_Wetland,Built-up
515,Cropland,Built-up,Grassland,NULL,Non_Wetland,Forest
516,Cropland,Built-up,Cropland,NULL,Non_Wetland,NULL
517,Cropland,Built-up,Cropland,NULL,Non_Wetland,Grassland
518,Cropland,Built-up,Cropland,NULL,Non_Wetland,Cropland
519,Cropland,Built-up,Cropland,NULL,Non_Wetland,Forest
520,Cropland,Built-up,Lichens_and_Mosses,NULL,Non_Wetland,Grassland
521,Cropland,Built-up,Bareland,NULL,Non_Wetland,Grassland
522,Cropland,Built-up,Bareland,NULL,Non_Wetland,Bareland
523,Cropland,Built-up,Bareland,NULL,Non_Wetland,Built-up
524,Cropland,Built-up,Built-up,NULL,Non_Wetland,Grassland
525,Cropland,Built-up,Built-up,NULL,Non_Wetland,Cropland
526,Cropland,Built-up,Built-up,NULL,Non_Wetland,Bareland
527,Cropland,Built-up,Built-up,NULL,Non_Wetland,Built-up
528,Cropland,Built-up,Built-up,NULL,Non_Wetland,Forest
529,Cropland,Built-up,Forest,NULL,Non_Wetland,NULL
530,Cropland,Built-up,Forest,NULL,Non_Wetland,Grassland
531,Cropland,Built-up,Forest,NULL,Non_Wetland,Forest
532,Cropland,Water,NULL,NULL,Non_Wetland,Cropland
533,Cropland,Water,NULL,NULL,Non_Wetland,Forest
534,Cropland,Water,Shrubland,Non_Water,Non_Wetland,Grassland
535,Cropland,Water,Shrubland,Water,Non_Wetland,Grassland
536,Cropland,Water,Shrubland,Water,Non_Wetland,Cropland
537,Cropland,Water,Shrubland,Water,Non_Wetland,Water
538,Cropland,Water,Grassland,NULL,Non_Wetland,Grassland
539,Cropland,Water,Grassland,NULL,Non_Wetland,Cropland
540,Cropland,Water,Grassland,NULL,Non_Wetland,Bareland
541,Cropland,Water,Grassland,NULL,Non_Wetland,Forest
542,Cropland,Water,Grassland,Non_Water,Non_Wetland,Grassland
543,Cropland,Water,Grassland,Non_Water,Non_Wetland,Cropland
544,Cropland,Water,Grassland,Water,Non_Wetland,Cropland
545,Cropland,Water,Cropland,NULL,Non_Wetland,NULL
546,Cropland,Water,Cropland,NULL,Non_Wetland,Grassland
547,Cropland,Water,Cropland,NULL,Non_Wetland,Cropland
548,Cropland,Water,Cropland,NULL,Non_Wetland,Bareland
549,Cropland,Water,Cropland,NULL,Non_Wetland,Forest
550,Cropland,Water,Cropland,Non_Water,Non_Wetland,Grassland
551,Cropland,Water,Cropland,Non_Water,Non_Wetland,Cropland
552,Cropland,Water,Cropland,Non_Water,Non_Wetland,Water
553,Cropland,Water,Cropland,Water,Non_Wetland,Grassland
554,Cropland,Water,Cropland,Water,Non_Wetland,Cropland
555,Cropland,Water,Cropland,Water,Non_Wetland,Water
556,Cropland,Water,Wetland,Water,Wetland,Cropland
557,Cropland,Water,Wetland,Water,Wetland,Water
558,Cropland,Water,Bareland,NULL,Non_Wetland,Bareland
559,Cropland,Water,Bareland,NULL,Non_Wetland,Forest
560,Cropland,Water,Bareland,Non_Water,Non_Wetland,Grassland
561,Cropland,Water,Bareland,Non_Water,Non_Wetland,Cropland
562,Cropland,Water,Bareland,Water,Non_Wetland,Grassland
563,Cropland,Water,Bareland,Water,Non_Wetland,Cropland
564,Cropland,Water,Bareland,Water,Non_Wetland,Water
565,Cropland,Water,Water,Water,Water,Water
566,Cropland,Water,Forest,NULL,Non_Wetland,Forest
567,Cropland,Water,Forest,Water,Non_Wetland,Cropland
568,Cropland,Water,Forest,Water,Non_Wetland,Water
569,Cropland,Forest,NULL,NULL,Non_Wetland,NULL
570,Cropland,Forest,NULL,NULL,Non_Wetland,Grassland
571,Cropland,Forest,NULL,NULL,Non_Wetland,Cropland
572,Cropland,Forest,NULL,NULL,Non_Wetland,Bareland
573,Cropland,Forest,NULL,NULL,Non_Wetland,Forest
574,Cropland,Forest,NULL,Non_Water,Non_Wetland,NULL
575,Cropland,Forest,NULL,Non_Water,Non_Wetland,Grassland
576,Cropland,Forest,Shrubland,NULL,Non_Wetland,NULL
577,Cropland,Forest,Shrubland,NULL,Non_Wetland,Grassland
578,Cropland,Forest,Shrubland,NULL,Non_Wetland,Cropland
579,Cropland,Forest,Shrubland,NULL,Non_Wetland,Bareland
580,Cropland,Forest,Shrubland,NULL,Non_Wetland,Forest
581,Cropland,Forest,Shrubland,Non_Water,Non_Wetland,Grassland
582,Cropland,Forest,Shrubland,Non_Water,Non_Wetland,Cropland
583,Cropland,Forest,Grassland,NULL,Non_Wetland,NULL
584,Cropland,Forest,Grassland,NULL,Non_Wetland,Grassland
585,Cropland,Forest,Grassland,NULL,Non_Wetland,Cropland
586,Cropland,Forest,Grassland,NULL,Non_Wetland,Bareland
587,Cropland,Forest,Grassland,NULL,Non_Wetland,Forest
588,Cropland,Forest,Grassland,Non_Water,Non_Wetland,Grassland
589,Cropland,Forest,Grassland,Non_Water,Non_Wetland,Cropland
590,Cropland,Forest,Grassland,Non_Water,Non_Wetland,Forest
591,Cropland,Forest,Cropland,NULL,Non_Wetland,NULL
592,Cropland,Forest,Cropland,NULL,Non_Wetland,Grassland
593,Cropland,Forest,Cropland,NULL,Non_Wetland,Cropland
594,Cropland,Forest,Cropland,NULL,Non_Wetland,Bareland
595,Cropland,Forest,Cropland,NULL,Non_Wetland,Forest
596,Cropland,Forest,Cropland,Non_Water,Non_Wetland,NULL
597,Cropland,Forest,Cropland,Non_Water,Non_Wetland,Grassland
598,Cropland,Forest,Cropland,Non_Water,Non_Wetland,Cropland
599,Cropland,Forest,Cropland,Non_Water,Non_Wetland,Forest
600,Cropland,Forest,Lichens_and_Mosses,NULL,Non_Wetland,Grassland
601,Cropland,Forest,Bareland,NULL,Non_Wetland,NULL
602,Cropland,Forest,Bareland,NULL,Non_Wetland,Grassland
603,Cropland,Forest,Bareland,NULL,Non_Wetland,Bareland
604,Cropland,Forest,Bareland,NULL,Non_Wetland,Forest
605,Cropland,Forest,Bareland,Non_Water,Non_Wetland,Cropland
606,Cropland,Forest,Built-up,NULL,Non_Wetland,Grassland
607,Cropland,Forest,Forest,NULL,Non_Wetland,NULL
608,Cropland,Forest,Forest,NULL,Non_Wetland,Grassland
609,Cropland,Forest,Forest,NULL,Non_Wetland,Cropland
610,Cropland,Forest,Forest,NULL,Non_Wetland,Bareland
611,Cropland,Forest,Forest,NULL,Non_Wetland,Forest
612,Cropland,Forest,Forest,Non_Water,Non_Wetland,NULL
613,Cropland,Forest,Forest,Non_Water,Non_Wetland,Grassland
614,Cropland,Forest,Forest,Non_Water,Non_Wetland,Forest
615,Wetland,NULL,NULL,Non_Water,Non_Wetland,NULL
616,Wetland,NULL,NULL,Non_Water,Non_Wetland,Grassland
617,Wetland,NULL,Grassland,NULL,Non_Wetland,Grassland
618,Wetland,NULL,Grassland,NULL,Non_Wetland,Cropland
619,Wetland,NULL,Grassland,Non_Water,Non_Wetland,Grassland
620,Wetland,NULL,Cropland,NULL,Non_Wetland,NULL
621,Wetland,NULL,Cropland,NULL,Non_Wetland,Grassland
622,Wetland,NULL,Cropland,NULL,Non_Wetland,Cropland
623,Wetland,NULL,Cropland,NULL,Non_Wetland,Forest
624,Wetland,NULL,Cropland,Non_Water,Non_Wetland,NULL
625,Wetland,NULL,Cropland,Non_Water,Non_Wetland,Grassland
626,Wetland,NULL,Cropland,Non_Water,Non_Wetland,Cropland
627,Wetland,NULL,Cropland,Non_Water,Non_Wetland,Forest
628,Wetland,NULL,Cropland,Water,Non_Wetland,Grassland
629,Wetland,NULL,Wetland,Water,Wetland,Water
630,Wetland,NULL,Water,Water,Water,Grassland
631,Wetland,NULL,Forest,NULL,Non_Wetland,NULL
632,Wetland,NULL,Forest,Non_Water,Non_Wetland,NULL
633,Wetland,NULL,Forest,Non_Water,Non_Wetland,Grassland
634,Wetland,NULL,Forest,Water,Non_Wetland,Grassland
635,Wetland,NULL,Forest,Water,Non_Wetland,Water
636,Wetland,Cropland,NULL,NULL,Non_Wetland,Cropland
637,Wetland,Cropland,Grassland,NULL,Non_Wetland,Grassland
638,Wetland,Cropland,Grassland,NULL,Non_Wetland,Cropland
639,Wetland,Cropland,Grassland,Non_Water,Non_Wetland,Grassland
640,Wetland,Cropland,Grassland,Non_Water,Non_Wetland,Cropland
641,Wetland,Cropland,Cropland,NULL,Non_Wetland,Grassland
642,Wetland,Cropland,Cropland,NULL,Non_Wetland,Cropland
643,Wetland,Cropland,Cropland,NULL,Non_Wetland,Forest
644,Wetland,Cropland,Cropland,Non_Water,Non_Wetland,Grassland
645,Wetland,Cropland,Cropland,Non_Water,Non_Wetland,Cropland
646,Wetland,Cropland,Cropland,Water,Non_Wetland,Grassland
647,Wetland,Cropland,Cropland,Water,Non_Wetland,Cropland
648,Wetland,Cropland,Cropland,Water,Non_Wetland,Wetland
649,Wetland,Cropland,Cropland,Water,Non_Wetland,Bareland
650,Wetland,Cropland,Cropland,Water,Non_Wetland,Water
651,Wetland,Cropland,Bareland,NULL,Non_Wetland,Grassland
652,Wetland,Cropland,Bareland,NULL,Non_Wetland,Cropland
653,Wetland,Cropland,Bareland,Non_Water,Non_Wetland,Grassland
654,Wetland,Cropland,Bareland,Non_Water,Non_Wetland,Cropland
655,Wetland,Cropland,Water,Water,Water,Wetland
656,Wetland,Cropland,Forest,Non_Water,Non_Wetland,Cropland
657,Wetland,Cropland,Forest,Water,Non_Wetland,Grassland
658,Wetland,Cropland,Forest,Water,Non_Wetland,Cropland
659,Wetland,Cropland,Forest,Water,Non_Wetland,Water
660,Wetland,Water,Grassland,NULL,Non_Wetland,Forest
661,Wetland,Water,Cropland,NULL,Non_Wetland,Grassland
662,Wetland,Water,Cropland,NULL,Non_Wetland,Cropland
663,Wetland,Water,Wetland,Water,Wetland,Water
664,Wetland,Forest,Cropland,Non_Water,Non_Wetland,Cropland
665,Bareland,NULL,NULL,NULL,Non_Wetland,NULL
666,Bareland,NULL,NULL,NULL,Non_Wetland,Grassland
667,Bareland,NULL,NULL,NULL,Non_Wetland,Cropland
668,Bareland,NULL,NULL,NULL,Non_Wetland,Bareland
669,Bareland,NULL,NULL,NULL,Non_Wetland,Forest
670,Bareland,NULL,NULL,Non_Water,Non_Wetland,NULL
671,Bareland,NULL,NULL,Non_Water,Non_Wetland,Grassland
672,Bareland,NULL,NULL,Non_Water,Non_Wetland,Cropland
673,Bareland,NULL,Shrubland,NULL,Non_Wetland,NULL
674,Bareland,NULL,Shrubland,NULL,Non_Wetland,Grassland
675,Bareland,NULL,Shrubland,NULL,Non_Wetland,Cropland
676,Bareland,NULL,Shrubland,NULL,Non_Wetland,Bareland
677,Bareland,NULL,Shrubland,NULL,Non_Wetland,Built-up
678,Bareland,NULL,Shrubland,NULL,Non_Wetland,Water
679,Bareland,NULL,Shrubland,Non_Water,Non_Wetland,Grassland
680,Bareland,NULL,Shrubland,Non_Water,Non_Wetland,Cropland
681,Bareland,NULL,Shrubland,Water,Non_Wetland,Water
682,Bareland,NULL,Grassland,NULL,Non_Wetland,NULL
683,Bareland,NULL,Grassland,NULL,Non_Wetland,Grassland
684,Bareland,NULL,Grassland,NULL,Non_Wetland,Cropland
685,Bareland,NULL,Grassland,NULL,Non_Wetland,Bareland
686,Bareland,NULL,Grassland,NULL,Non_Wetland,Built-up
687,Bareland,NULL,Grassland,NULL,Non_Wetland,Water
688,Bareland,NULL,Grassland,NULL,Non_Wetland,Forest
689,Bareland,NULL,Grassland,Non_Water,Non_Wetland,NULL
690,Bareland,NULL,Grassland,Non_Water,Non_Wetland,Grassland
691,Bareland,NULL,Grassland,Non_Water,Non_Wetland,Cropland
692,Bareland,NULL,Grassland,Non_Water,Non_Wetland,Bareland
693,Bareland,NULL,Grassland,Non_Water,Non_Wetland,Water
694,Bareland,NULL,Grassland,Non_Water,Non_Wetland,Forest
695,Bareland,NULL,Grassland,Water,Non_Wetland,Grassland
696,Bareland,NULL,Grassland,Water,Non_Wetland,Cropland
697,Bareland,NULL,Grassland,Water,Non_Wetland,Bareland
698,Bareland,NULL,Grassland,Water,Non_Wetland,Water
699,Bareland,NULL,Cropland,NULL,Non_Wetland,NULL
700,Bareland,NULL,Cropland,NULL,Non_Wetland,Grassland
701,Bareland,NULL,Cropland,NULL,Non_Wetland,Cropland
702,Bareland,NULL,Cropland,NULL,Non_Wetland,Bareland
703,Bareland,NULL,Cropland,NULL,Non_Wetland,Water
704,Bareland,NULL,Cropland,NULL,Non_Wetland,Forest
705,Bareland,NULL,Cropland,Non_Water,Non_Wetland,NULL
706,Bareland,NULL,Cropland,Non_Water,Non_Wetland,Grassland
707,Bareland,NULL,Cropland,Non_Water,Non_Wetland,Cropland
708,Bareland,NULL,Cropland,Non_Water,Non_Wetland,Bareland
709,Bareland,NULL,Cropland,Non_Water,Non_Wetland,Forest
710,Bareland,NULL,Cropland,Water,Non_Wetland,Grassland
711,Bareland,NULL,Cropland,Water,Non_Wetland,Cropland
712,Bareland,NULL,Cropland,Water,Non_Wetland,Bareland
713,Bareland,NULL,Cropland,Water,Non_Wetland,Water
714,Bareland,NULL,Cropland,Water,Non_Wetland,Forest
715,Bareland,NULL,Wetland,Non_Water,Wetland,Water
716,Bareland,NULL,Wetland,Water,Wetland,Grassland
717,Bareland,NULL,Wetland,Water,Wetland,Bareland
718,Bareland,NULL,Wetland,Water,Wetland,Water
719,Bareland,NULL,Lichens_and_Mosses,NULL,Non_Wetland,NULL
720,Bareland,NULL,Lichens_and_Mosses,NULL,Non_Wetland,Grassland
721,Bareland,NULL,Lichens_and_Mosses,NULL,Non_Wetland,Cropland
722,Bareland,NULL,Lichens_and_Mosses,NULL,Non_Wetland,Bareland
723,Bareland,NULL,Lichens_and_Mosses,NULL,Non_Wetland,Built-up
724,Bareland,NULL,Bareland,NULL,Non_Wetland,NULL
725,Bareland,NULL,Bareland,NULL,Non_Wetland,Grassland
726,Bareland,NULL,Bareland,NULL,Non_Wetland,Cropland
727,Bareland,NULL,Bareland,NULL,Non_Wetland,Bareland
728,Bareland,NULL,Bareland,NULL,Non_Wetland,Built-up
729,Bareland,NULL,Bareland,NULL,Non_Wetland,Water
730,Bareland,NULL,Bareland,NULL,Non_Wetland,Forest
731,Bareland,NULL,Bareland,Non_Water,Non_Wetland,Grassland
732,Bareland,NULL,Bareland,Non_Water,Non_Wetland,Cropland
733,Bareland,NULL,Bareland,Non_Water,Non_Wetland,Bareland
734,Bareland,NULL,Bareland,Non_Water,Non_Wetland,Water
735,Bareland,NULL,Bareland,Water,Non_Wetland,Grassland
736,Bareland,NULL,Bareland,Water,Non_Wetland,Cropland
737,Bareland,NULL,Bareland,Water,Non_Wetland,Bareland
738,Bareland,NULL,Bareland,Water,Non_Wetland,Water
739,Bareland,NULL,Built-up,NULL,Non_Wetland,NULL
740,Bareland,NULL,Built-up,NULL,Non_Wetland,Grassland
741,Bareland,NULL,Built-up,NULL,Non_Wetland,Cropland
742,Bareland,NULL,Built-up,NULL,Non_Wetland,Bareland
743,Bareland,NULL,Built-up,NULL,Non_Wetland,Built-up
744,Bareland,NULL,Built-up,NULL,Non_Wetland,Forest
745,Bareland,NULL,Built-up,Water,Non_Wetland,Bareland
746,Bareland,NULL,Built-up,Water,Non_Wetland,Water
747,Bareland,NULL,Water,Water,Water,Water
748,Bareland,NULL,Forest,NULL,Non_Wetland,NULL
749,Bareland,NULL,Forest,NULL,Non_Wetland,Grassland
750,Bareland,NULL,Forest,NULL,Non_Wetland,Cropland
751,Bareland,NULL,Forest,NULL,Non_Wetland,Bareland
752,Bareland,NULL,Forest,NULL,Non_Wetland,Forest
753,Bareland,NULL,Forest,Non_Water,Non_Wetland,NULL
754,Bareland,NULL,Forest,Non_Water,Non_Wetland,Grassland
755,Bareland,NULL,Forest,Water,Non_Wetland,Cropland
756,Bareland,NULL,Forest,Water,Non_Wetland,Water
757,Bareland,Cropland,NULL,NULL,Non_Wetland,NULL
758,Bareland,Cropland,NULL,NULL,Non_Wetland,Grassland
759,Bareland,Cropland,NULL,NULL,Non_Wetland,Cropland
760,Bareland,Cropland,NULL,NULL,Non_Wetland,Bareland
761,Bareland,Cropland,NULL,NULL,Non_Wetland,Forest
762,Bareland,Cropland,NULL,Non_Water,Non_Wetland,Cropland
763,Bareland,Cropland,Shrubland,NULL,Non_Wetland,NULL
764,Bareland,Cropland,Shrubland,NULL,Non_Wetland,Grassland
765,Bareland,Cropland,Shrubland,NULL,Non_Wetland,Cropland
766,Bareland,Cropland,Shrubland,NULL,Non_Wetland,Bareland
767,Bareland,Cropland,Shrubland,Non_Water,Non_Wetland,Bareland
768,Bareland,Cropland,Grassland,NULL,Non_Wetland,NULL
769,Bareland,Cropland,Grassland,NULL,Non_Wetland,Grassland
770,Bareland,Cropland,Grassland,NULL,Non_Wetland,Cropland
771,Bareland,Cropland,Grassland,NULL,Non_Wetland,Bareland
772,Bareland,Cropland,Grassland,NULL,Non_Wetland,Built-up
773,Bareland,Cropland,Grassland,NULL,Non_Wetland,Forest
774,Bareland,Cropland,Grassland,Non_Water,Non_Wetland,Grassland
775,Bareland,Cropland,Grassland,Non_Water,Non_Wetland,Cropland
776,Bareland,Cropland,Grassland,Non_Water,Non_Wetland,Bareland
777,Bareland,Cropland,Grassland,Water,Non_Wetland,Cropland
778,Bareland,Cropland,Grassland,Water,Non_Wetland,Bareland
779,Bareland,Cropland,Cropland,NULL,Non_Wetland,NULL
780,Bareland,Cropland,Cropland,NULL,Non_Wetland,Grassland
781,Bareland,Cropland,Cropland,NULL,Non_Wetland,Cropland
782,Bareland,Cropland,Cropland,NULL,Non_Wetland,Bareland
783,Bareland,Cropland,Cropland,NULL,Non_Wetland,Built-up
784,Bareland,Cropland,Cropland,NULL,Non_Wetland,Forest
785,Bareland,Cropland,Cropland,Non_Water,Non_Wetland,Grassland
786,Bareland,Cropland,Cropland,Non_Water,Non_Wetland,Cropland
787,Bareland,Cropland,Cropland,Water,Non_Wetland,Grassland
788,Bareland,Cropland,Cropland,Water,Non_Wetland,Cropland
789,Bareland,Cropland,Cropland,Water,Non_Wetland,Wetland
790,Bareland,Cropland,Cropland,Water,Non_Wetland,Water
791,Bareland,Cropland,Wetland,Water,Wetland,Cropland
792,Bareland,Cropland,Wetland,Water,Wetland,Water
793,Bareland,Cropland,Lichens_and_Mosses,NULL,Non_Wetland,Grassland
794,Bareland,Cropland,Lichens_and_Mosses,NULL,Non_Wetland,Cropland
795,Bareland,Cropland,Lichens_and_Mosses,NULL,Non_Wetland,Bareland
796,Bareland,Cropland,Bareland,NULL,Non_Wetland,NULL
797,Bareland,Cropland,Bareland,NULL,Non_Wetland,Grassland
798,Bareland,Cropland,Bareland,NULL,Non_Wetland,Cropland
799,Bareland,Cropland,Bareland,NULL,Non_Wetland,Bareland
800,Bareland,Cropland,Bareland,NULL,Non_Wetland,Forest
801,Bareland,Cropland,Bareland,Non_Water,Non_Wetland,Bareland
802,Bareland,Cropland,Bareland,Water,Non_Wetland,Cropland
803,Bareland,Cropland,Bareland,Water,Non_Wetland,Bareland
804,Bareland,Cropland,Bareland,Water,Non_Wetland,Water
805,Bareland,Cropland,Built-up,NULL,Non_Wetland,NULL
806,Bareland,Cropland,Built-up,NULL,Non_Wetland,Grassland
807,Bareland,Cropland,Built-up,NULL,Non_Wetland,Cropland
808,Bareland,Cropland,Built-up,NULL,Non_Wetland,Bareland
809,Bareland,Cropland,Built-up,NULL,Non_Wetland,Built-up
810,Bareland,Cropland,Water,Non_Water,Water,Bareland
811,Bareland,Cropland,Water,Water,Water,Cropland
812,Bareland,Cropland,Water,Water,Water,Water
813,Bareland,Cropland,Forest,NULL,Non_Wetland,NULL
814,Bareland,Cropland,Forest,NULL,Non_Wetland,Grassland
815,Bareland,Cropland,Forest,NULL,Non_Wetland,Cropland
816,Bareland,Cropland,Forest,NULL,Non_Wetland,Bareland
817,Bareland,Cropland,Forest,NULL,Non_Wetland,Forest
818,Bareland,Cropland,Forest,Water,Non_Wetland,Cropland
819,Bareland,Cropland,Forest,Water,Non_Wetland,Wetland
820,Bareland,Cropland,Forest,Water,Non_Wetland,Water
821,Bareland,Bareland,NULL,NULL,Non_Wetland,NULL
822,Bareland,Bareland,NULL,NULL,Non_Wetland,Grassland
823,Bareland,Bareland,NULL,NULL,Non_Wetland,Cropland
824,Bareland,Bareland,NULL,NULL,Non_Wetland,Bareland
825,Bareland,Bareland,Shrubland,NULL,Non_Wetland,Grassland
826,Bareland,Bareland,Shrubland,NULL,Non_Wetland,Cropland
827,Bareland,Bareland,Shrubland,NULL,Non_Wetland,Bareland
828,Bareland,Bareland,Shrubland,NULL,Non_Wetland,Forest
829,Bareland,Bareland,Shrubland,Non_Water,Non_Wetland,Bareland
830,Bareland,Bareland,Grassland,NULL,Non_Wetland,NULL
831,Bareland,Bareland,Grassland,NULL,Non_Wetland,Grassland
832,Bareland,Bareland,Grassland,NULL,Non_Wetland,Cropland
833,Bareland,Bareland,Grassland,NULL,Non_Wetland,Bareland
834,Bareland,Bareland,Grassland,NULL,Non_Wetland,Built-up
835,Bareland,Bareland,Grassland,NULL,Non_Wetland,Forest
836,Bareland,Bareland,Grassland,Non_Water,Non_Wetland,Grassland
837,Bareland,Bareland,Grassland,Water,Non_Wetland,Bareland
838,Bareland,Bareland,Cropland,NULL,Non_Wetland,NULL
839,Bareland,Bareland,Cropland,NULL,Non_Wetland,Grassland
840,Bareland,Bareland,Cropland,NULL,Non_Wetland,Cropland
841,Bareland,Bareland,Cropland,NULL,Non_Wetland,Bareland
842,Bareland,Bareland,Cropland,NULL,Non_Wetland,Forest
843,Bareland,Bareland,Cropland,Non_Water,Non_Wetland,Grassland
844,Bareland,Bareland,Wetland,Water,Wetland,Bareland
845,Bareland,Bareland,Wetland,Water,Wetland,Water
846,Bareland,Bareland,Lichens_and_Mosses,NULL,Non_Wetland,Grassland
847,Bareland,Bareland,Lichens_and_Mosses,NULL,Non_Wetland,Bareland
848,Bareland,Bareland,Bareland,NULL,Non_Wetland,Grassland
849,Bareland,Bareland,Bareland,NULL,Non_Wetland,Cropland
850,Bareland,Bareland,Bareland,NULL,Non_Wetland,Bareland
851,Bareland,Bareland,Bareland,NULL,Non_Wetland,Built-up
852,Bareland,Bareland,Bareland,NULL,Non_Wetland,Water
853,Bareland,Bareland,Bareland,NULL,Non_Wetland,Forest
854,Bareland,Bareland,Bareland,Non_Water,Non_Wetland,Bareland
855,Bareland,Bareland,Bareland,Water,Non_Wetland,Bareland
856,Bareland,Bareland,Bareland,Water,Non_Wetland,Water
857,Bareland,Bareland,Built-up,NULL,Non_Wetland,Grassland
858,Bareland,Bareland,Built-up,NULL,Non_Wetland,Bareland
859,Bareland,Bareland,Built-up,NULL,Non_Wetland,Built-up
860,Bareland,Bareland,Water,Water,Water,Water
861,Bareland,Bareland,Forest,NULL,Non_Wetland,Cropland
862,Bareland,Bareland,Forest,NULL,Non_Wetland,Bareland
863,Bareland,Built-up,NULL,NULL,Non_Wetland,NULL
864,Bareland,Built-up,NULL,NULL,Non_Wetland,Grassland
865,Bareland,Built-up,NULL,NULL,Non_Wetland,Cropland
866,Bareland,Built-up,NULL,NULL,Non_Wetland,Bareland
867,Bareland,Built-up,Shrubland,NULL,Non_Wetland,Grassland
868,Bareland,Built-up,Shrubland,NULL,Non_Wetland,Built-up
869,Bareland,Built-up,Shrubland,NULL,Non_Wetland,Forest
870,Bareland,Built-up,Grassland,NULL,Non_Wetland,NULL
871,Bareland,Built-up,Grassland,NULL,Non_Wetland,Grassland
872,Bareland,Built-up,Grassland,NULL,Non_Wetland,Cropland
873,Bareland,Built-up,Grassland,NULL,Non_Wetland,Bareland
874,Bareland,Built-up,Grassland,NULL,Non_Wetland,Built-up
875,Bareland,Built-up,Cropland,NULL,Non_Wetland,Grassland
876,Bareland,Built-up,Cropland,NULL,Non_Wetland,Cropland
877,Bareland,Built-up,Lichens_and_Mosses,NULL,Non_Wetland,Built-up
878,Bareland,Built-up,Bareland,NULL,Non_Wetland,Grassland
879,Bareland,Built-up,Bareland,NULL,Non_Wetland,Cropland
880,Bareland,Built-up,Bareland,NULL,Non_Wetland,Bareland
881,Bareland,Built-up,Bareland,NULL,Non_Wetland,Built-up
882,Bareland,Built-up,Built-up,NULL,Non_Wetland,Grassland
883,Bareland,Built-up,Built-up,NULL,Non_Wetland,Cropland
884,Bareland,Built-up,Built-up,NULL,Non_Wetland,Bareland
885,Bareland,Built-up,Built-up,NULL,Non_Wetland,Built-up
886,Bareland,Water,NULL,NULL,Non_Wetland,Grassland
887,Bareland,Water,NULL,NULL,Non_Wetland,Bareland
888,Bareland,Water,NULL,NULL,Non_Wetland,Forest
889,Bareland,Water,Shrubland,NULL,Non_Wetland,Bareland
890,Bareland,Water,Shrubland,Non_Water,Non_Wetland,Grassland
891,Bareland,Water,Shrubland,Non_Water,Non_Wetland,Bareland
892,Bareland,Water,Shrubland,Water,Non_Wetland,Water
893,Bareland,Water,Grassland,NULL,Non_Wetland,NULL
894,Bareland,Water,Grassland,NULL,Non_Wetland,Grassland
895,Bareland,Water,Grassland,NULL,Non_Wetland,Cropland
896,Bareland,Water,Grassland,NULL,Non_Wetland,Bareland
897,Bareland,Water,Grassland,NULL,Non_Wetland,Water
898,Bareland,Water,Grassland,NULL,Non_Wetland,Forest
899,Bareland,Water,Grassland,Non_Water,Non_Wetland,Grassland
900,Bareland,Water,Grassland,Non_Water,Non_Wetland,Cropland
901,Bareland,Water,Grassland,Non_Water,Non_Wetland,Bareland
902,Bareland,Water,Grassland,Water,Non_Wetland,Grassland
903,Bareland,Water,Grassland,Water,Non_Wetland,Cropland
904,Bareland,Water,Grassland,Water,Non_Wetland,Bareland
905,Bareland,Water,Grassland,Water,Non_Wetland,Water
906,Bareland,Water,Cropland,NULL,Non_Wetland,NULL
907,Bareland,Water,Cropland,NULL,Non_Wetland,Grassland
908,Bareland,Water,Cropland,NULL,Non_Wetland,Cropland
909,Bareland,Water,Cropland,NULL,Non_Wetland,Bareland
910,Bareland,Water,Cropland,NULL,Non_Wetland,Forest
911,Bareland,Water,Cropland,Non_Water,Non_Wetland,Grassland
912,Bareland,Water,Cropland,Non_Water,Non_Wetland,Bareland
913,Bareland,Water,Cropland,Water,Non_Wetland,Grassland
914,Bareland,Water,Cropland,Water,Non_Wetland,Cropland
915,Bareland,Water,Cropland,Water,Non_Wetland,Bareland
916,Bareland,Water,Cropland,Water,Non_Wetland,Water
917,Bareland,Water,Wetland,NULL,Wetland,Bareland
918,Bareland,Water,Wetland,Water,Wetland,Cropland
919,Bareland,Water,Wetland,Water,Wetland,Bareland
920,Bareland,Water,Wetland,Water,Wetland,Water
921,Bareland,Water,Bareland,NULL,Non_Wetland,Grassland
922,Bareland,Water,Bareland,NULL,Non_Wetland,Bareland
923,Bareland,Water,Bareland,NULL,Non_Wetland,Water
924,Bareland,Water,Bareland,NULL,Non_Wetland,Forest
925,Bareland,Water,Bareland,Non_Water,Non_Wetland,Bareland
926,Bareland,Water,Bareland,Water,Non_Wetland,Grassland
927,Bareland,Water,Bareland,Water,Non_Wetland,Cropland
928,Bareland,Water,Bareland,Water,Non_Wetland,Bareland
929,Bareland,Water,Bareland,Water,Non_Wetland,Built-up
930,Bareland,Water,Bareland,Water,Non_Wetland,Water
931,Bareland,Water,Built-up,NULL,Non_Wetland,Grassland
932,Bareland,Water,Built-up,NULL,Non_Wetland,Bareland
933,Bareland,Water,Built-up,Non_Water,Non_Wetland,Bareland
934,Bareland,Water,Water,Water,Water,Water
935,Bareland,Water,Forest,NULL,Non_Wetland,Forest
936,Bareland,Water,Forest,Water,Non_Wetland,Cropland
937,Bareland,Water,Forest,Water,Non_Wetland,Bareland
938,Bareland,Water,Forest,Water,Non_Wetland,Water
939,Bareland,Forest,NULL,NULL,Non_Wetland,NULL
940,Bareland,Forest,NULL,NULL,Non_Wetland,Grassland
941,Bareland,Forest,NULL,NULL,Non_Wetland,Cropland
942,Bareland,Forest,NULL,NULL,Non_Wetland,Bareland
943,Bareland,Forest,NULL,NULL,Non_Wetland,Forest
944,Bareland,Forest,Shrubland,NULL,Non_Wetland,NULL
945,Bareland,Forest,Shrubland,NULL,Non_Wetland,Grassland
946,Bareland,Forest,Shrubland,NULL,Non_Wetland,Cropland
947,Bareland,Forest,Grassland,NULL,Non_Wetland,NULL
948,Bareland,Forest,Grassland,NULL,Non_Wetland,Grassland
949,Bareland,Forest,Grassland,NULL,Non_Wetland,Cropland
950,Bareland,Forest,Grassland,NULL,Non_Wetland,Bareland
951,Bareland,Forest,Grassland,NULL,Non_Wetland,Forest
952,Bareland,Forest,Cropland,NULL,Non_Wetland,NULL
953,Bareland,Forest,Cropland,NULL,Non_Wetland,Grassland
954,Bareland,Forest,Cropland,NULL,Non_Wetland,Cropland
955,Bareland,Forest,Cropland,NULL,Non_Wetland,Bareland
956,Bareland,Forest,Cropland,NULL,Non_Wetland,Forest
957,Bareland,Forest,Lichens_and_Mosses,NULL,Non_Wetland,Grassland
958,Bareland,Forest,Bareland,NULL,Non_Wetland,Grassland
959,Bareland,Forest,Bareland,NULL,Non_Wetland,Bareland
960,Bareland,Forest,Bareland,NULL,Non_Wetland,Forest
961,Bareland,Forest,Built-up,NULL,Non_Wetland,Bareland
962,Bareland,Forest,Forest,NULL,Non_Wetland,NULL
963,Bareland,Forest,Forest,NULL,Non_Wetland,Grassland
964,Bareland,Forest,Forest,NULL,Non_Wetland,Cropland
965,Bareland,Forest,Forest,NULL,Non_Wetland,Bareland
966,Bareland,Forest,Forest,NULL,Non_Wetland,Forest
967,Water,NULL,NULL,NULL,Non_Wetland,NULL
968,Water,NULL,NULL,NULL,Non_Wetland,Grassland
969,Water,NULL,NULL,Non_Water,Non_Wetland,Grassland
970,Water,NULL,NULL,Non_Water,Non_Wetland,Cropland
971,Water,NULL,Shrubland,NULL,Non_Wetland,Grassland
972,Water,NULL,Shrubland,NULL,Non_Wetland,Cropland
973,Water,NULL,Shrubland,Non_Water,Non_Wetland,Grassland
974,Water,NULL,Shrubland,Non_Water,Non_Wetland,Cropland
975,Water,NULL,Shrubland,Non_Water,Non_Wetland,Forest
976,Water,NULL,Shrubland,Water,Non_Wetland,Grassland
977,Water,NULL,Shrubland,Water,Non_Wetland,Cropland
978,Water,NULL,Shrubland,Water,Non_Wetland,Bareland
979,Water,NULL,Shrubland,Water,Non_Wetland,Water
980,Water,NULL,Grassland,NULL,Non_Wetland,NULL
981,Water,NULL,Grassland,NULL,Non_Wetland,Grassland
982,Water,NULL,Grassland,NULL,Non_Wetland,Cropland
983,Water,NULL,Grassland,NULL,Non_Wetland,Bareland
984,Water,NULL,Grassland,NULL,Non_Wetland,Water
985,Water,NULL,Grassland,NULL,Non_Wetland,Forest
986,Water,NULL,Grassland,Non_Water,Non_Wetland,Grassland
987,Water,NULL,Grassland,Non_Water,Non_Wetland,Cropland
988,Water,NULL,Grassland,Non_Water,Non_Wetland,Forest
989,Water,NULL,Grassland,Water,Non_Wetland,Grassland
990,Water,NULL,Grassland,Water,Non_Wetland,Cropland
991,Water,NULL,Grassland,Water,Non_Wetland,Bareland
992,Water,NULL,Grassland,Water,Non_Wetland,Water
993,Water,NULL,Cropland,NULL,Non_Wetland,NULL
994,Water,NULL,Cropland,NULL,Non_Wetland,Grassland
995,Water,NULL,Cropland,NULL,Non_Wetland,Cropland
996,Water,NULL,Cropland,NULL,Non_Wetland,Bareland
997,Water,NULL,Cropland,NULL,Non_Wetland,Water
998,Water,NULL,Cropland,NULL,Non_Wetland,Forest
999,Water,NULL,Cropland,Non_Water,Non_Wetland,NULL
1000,Water,NULL,Cropland,Non_Water,Non_Wetland,Grassland
1001,Water,NULL,Cropland,Non_Water,Non_Wetland,Cropland
1002,Water,NULL,Cropland,Non_Water,Non_Wetland,Bareland
1003,Water,NULL,Cropland,Non_Water,Non_Wetland,Forest
1004,Water,NULL,Cropland,Water,Non_Wetland,NULL
1005,Water,NULL,Cropland,Water,Non_Wetland,Grassland
1006,Water,NULL,Cropland,Water,Non_Wetland,Cropland
1007,Water,NULL,Cropland,Water,Non_Wetland,Bareland
1008,Water,NULL,Cropland,Water,Non_Wetland,Water
1009,Water,NULL,Cropland,Water,Non_Wetland,Forest
1010,Water,NULL,Wetland,Water,Wetland,Grassland
1011,Water,NULL,Wetland,Water,Wetland,Cropland
1012,Water,NULL,Wetland,Water,Wetland,Bareland
1013,Water,NULL,Wetland,Water,Wetland,Water
1014,Water,NULL,Bareland,NULL,Non_Wetland,NULL
1015,Water,NULL,Bareland,NULL,Non_Wetland,Grassland
1016,Water,NULL,Bareland,NULL,Non_Wetland,Cropland
1017,Water,NULL,Bareland,NULL,Non_Wetland,Bareland
1018,Water,NULL,Bareland,NULL,Non_Wetland,Water
1019,Water,NULL,Bareland,NULL,Non_Wetland,Forest
1020,Water,NULL,Bareland,Non_Water,Non_Wetland,Grassland
1021,Water,NULL,Bareland,Non_Water,Non_Wetland,Cropland
1022,Water,NULL,Bareland,Water,Non_Wetland,Grassland
1023,Water,NULL,Bareland,Water,Non_Wetland,Cropland
1024,Water,NULL,Bareland,Water,Non_Wetland,Bareland
1025,Water,NULL,Bareland,Water,Non_Wetland,Water
1026,Water,NULL,Built-up,NULL,Non_Wetland,Cropland
1027,Water,NULL,Built-up,NULL,Non_Wetland,Bareland
1028,Water,NULL,Built-up,NULL,Non_Wetland,Water
1029,Water,NULL,Built-up,NULL,Non_Wetland,Forest
1030,Water,NULL,Built-up,Non_Water,Non_Wetland,Grassland
1031,Water,NULL,Built-up,Water,Non_Wetland,Grassland
1032,Water,NULL,Built-up,Water,Non_Wetland,Bareland
1033,Water,NULL,Water,Water,Water,Water
1034,Water,NULL,Forest,NULL,Non_Wetland,Forest
1035,Water,NULL,Forest,Non_Water,Non_Wetland,Forest
1036,Water,NULL,Forest,Water,Non_Wetland,Water
1037,Water,Cropland,Grassland,NULL,Non_Wetland,Grassland
1038,Water,Cropland,Grassland,NULL,Non_Wetland,Cropland
1039,Water,Cropland,Grassland,NULL,Non_Wetland,Bareland
1040,Water,Cropland,Grassland,Non_Water,Non_Wetland,Cropland
1041,Water,Cropland,Grassland,Water,Non_Wetland,Grassland
1042,Water,Cropland,Grassland,Water,Non_Wetland,Cropland
1043,Water,Cropland,Grassland,Water,Non_Wetland,Water
1044,Water,Cropland,Cropland,NULL,Non_Wetland,NULL
1045,Water,Cropland,Cropland,NULL,Non_Wetland,Grassland
1046,Water,Cropland,Cropland,NULL,Non_Wetland,Cropland
1047,Water,Cropland,Cropland,NULL,Non_Wetland,Bareland
1048,Water,Cropland,Cropland,NULL,Non_Wetland,Forest
1049,Water,Cropland,Cropland,Non_Water,Non_Wetland,Grassland
1050,Water,Cropland,Cropland,Non_Water,Non_Wetland,Cropland
1051,Water,Cropland,Cropland,Non_Water,Non_Wetland,Forest
1052,Water,Cropland,Cropland,Water,Non_Wetland,Cropland
1053,Water,Cropland,Cropland,Water,Non_Wetland,Bareland
1054,Water,Cropland,Cropland,Water,Non_Wetland,Water
1055,Water,Cropland,Wetland,Water,Wetland,Cropland
1056,Water,Cropland,Wetland,Water,Wetland,Bareland
1057,Water,Cropland,Wetland,Water,Wetland,Water
1058,Water,Cropland,Bareland,NULL,Non_Wetland,Grassland
1059,Water,Cropland,Bareland,NULL,Non_Wetland,Cropland
1060,Water,Cropland,Bareland,NULL,Non_Wetland,Bareland
1061,Water,Cropland,Bareland,Non_Water,Non_Wetland,Grassland
1062,Water,Cropland,Bareland,Non_Water,Non_Wetland,Cropland
1063,Water,Cropland,Bareland,Water,Non_Wetland,Cropland
1064,Water,Cropland,Bareland,Water,Non_Wetland,Bareland
1065,Water,Cropland,Bareland,Water,Non_Wetland,Water
1066,Water,Cropland,Built-up,NULL,Non_Wetland,Cropland
1067,Water,Cropland,Built-up,NULL,Non_Wetland,Bareland
1068,Water,Cropland,Built-up,Water,Non_Wetland,Cropland
1069,Water,Cropland,Built-up,Water,Non_Wetland,Water
1070,Water,Cropland,Water,Water,Water,Bareland
1071,Water,Cropland,Water,Water,Water,Water
1072,Water,Cropland,Forest,Water,Non_Wetland,Cropland
1073,Water,Cropland,Forest,Water,Non_Wetland,Water
1074,Water,Bareland,Cropland,NULL,Non_Wetland,Cropland
1075,Water,Bareland,Cropland,Water,Non_Wetland,Cropland
1076,Water,Bareland,Cropland,Water,Non_Wetland,Bareland
1077,Water,Bareland,Wetland,Water,Wetland,Cropland
1078,Water,Bareland,Wetland,Water,Wetland,Water
1079,Water,Bareland,Bareland,NULL,Non_Wetland,Bareland
1080,Water,Bareland,Bareland,Water,Non_Wetland,Bareland
1081,Water,Bareland,Bareland,Water,Non_Wetland,Water
1082,Water,Bareland,Water,Water,Water,Water
1083,Water,Bareland,Forest,Water,Non_Wetland,Water
1084,Water,Water,NULL,NULL,Non_Wetland,Water
1085,Water,Water,NULL,Non_Water,Non_Wetland,Grassland
1086,Water,Water,NULL,Non_Water,Non_Wetland,Forest
1087,Water,Water,Shrubland,NULL,Non_Wetland,Grassland
1088,Water,Water,Shrubland,NULL,Non_Wetland,Bareland
1089,Water,Water,Shrubland,NULL,Non_Wetland,Water
1090,Water,Water,Shrubland,NULL,Non_Wetland,Forest
1091,Water,Water,Shrubland,Non_Water,Non_Wetland,Grassland
1092,Water,Water,Shrubland,Non_Water,Non_Wetland,Cropland
1093,Water,Water,Shrubland,Non_Water,Non_Wetland,Water
1094,Water,Water,Shrubland,Water,Non_Wetland,Cropland
1095,Water,Water,Shrubland,Water,Non_Wetland,Bareland
1096,Water,Water,Shrubland,Water,Non_Wetland,Water
1097,Water,Water,Grassland,NULL,Non_Wetland,NULL
1098,Water,Water,Grassland,NULL,Non_Wetland,Grassland
1099,Water,Water,Grassland,NULL,Non_Wetland,Cropland
1100,Water,Water,Grassland,NULL,Non_Wetland,Bareland
1101,Water,Water,Grassland,NULL,Non_Wetland,Water
1102,Water,Water,Grassland,NULL,Non_Wetland,Forest
1103,Water,Water,Grassland,Non_Water,Non_Wetland,Grassland
1104,Water,Water,Grassland,Non_Water,Non_Wetland,Cropland
1105,Water,Water,Grassland,Non_Water,Non_Wetland,Bareland
1106,Water,Water,Grassland,Non_Water,Non_Wetland,Water
1107,Water,Water,Grassland,Non_Water,Non_Wetland,Forest
1108,Water,Water,Grassland,Water,Non_Wetland,Grassland
1109,Water,Water,Grassland,Water,Non_Wetland,Cropland
1110,Water,Water,Grassland,Water,Non_Wetland,Bareland
1111,Water,Water,Grassland,Water,Non_Wetland,Water
1112,Water,Water,Cropland,NULL,Non_Wetland,Grassland
1113,Water,Water,Cropland,NULL,Non_Wetland,Cropland
1114,Water,Water,Cropland,NULL,Non_Wetland,Bareland
1115,Water,Water,Cropland,NULL,Non_Wetland,Water
1116,Water,Water,Cropland,NULL,Non_Wetland,Forest
1117,Water,Water,Cropland,Non_Water,Non_Wetland,Grassland
1118,Water,Water,Cropland,Non_Water,Non_Wetland,Cropland
1119,Water,Water,Cropland,Non_Water,Non_Wetland,Bareland
1120,Water,Water,Cropland,Non_Water,Non_Wetland,Water
1121,Water,Water,Cropland,Non_Water,Non_Wetland,Forest
1122,Water,Water,Cropland,Water,Non_Wetland,Grassland
1123,Water,Water,Cropland,Water,Non_Wetland,Cropland
1124,Water,Water,Cropland,Water,Non_Wetland,Bareland
1125,Water,Water,Cropland,Water,Non_Wetland,Water
1126,Water,Water,Cropland,Water,Non_Wetland,Forest
1127,Water,Water,Wetland,NULL,Wetland,Grassland
1128,Water,Water,Wetland,NULL,Wetland,Cropland
1129,Water,Water,Wetland,NULL,Wetland,Bareland
1130,Water,Water,Wetland,NULL,Wetland,Water
1131,Water,Water,Wetland,NULL,Wetland,Forest
1132,Water,Water,Wetland,Non_Water,Wetland,Grassland
1133,Water,Water,Wetland,Non_Water,Wetland,Cropland
1134,Water,Water,Wetland,Non_Water,Wetland,Bareland
1135,Water,Water,Wetland,Non_Water,Wetland,Water
1136,Water,Water,Wetland,Non_Water,Wetland,Forest
1137,Water,Water,Wetland,Water,Wetland,Grassland
1138,Water,Water,Wetland,Water,Wetland,Cropland
1139,Water,Water,Wetland,Water,Wetland,Bareland
1140,Water,Water,Wetland,Water,Wetland,Water
1141,Water,Water,Wetland,Water,Wetland,Forest
1142,Water,Water,Lichens_and_Mosses,Water,Non_Wetland,Grassland
1143,Water,Water,Bareland,NULL,Non_Wetland,Grassland
1144,Water,Water,Bareland,NULL,Non_Wetland,Cropland
1145,Water,Water,Bareland,NULL,Non_Wetland,Bareland
1146,Water,Water,Bareland,NULL,Non_Wetland,Water
1147,Water,Water,Bareland,NULL,Non_Wetland,Forest
1148,Water,Water,Bareland,Non_Water,Non_Wetland,Grassland
1149,Water,Water,Bareland,Non_Water,Non_Wetland,Cropland
1150,Water,Water,Bareland,Non_Water,Non_Wetland,Bareland
1151,Water,Water,Bareland,Non_Water,Non_Wetland,Water
1152,Water,Water,Bareland,Non_Water,Non_Wetland,Forest
1153,Water,Water,Bareland,Water,Non_Wetland,Grassland
1154,Water,Water,Bareland,Water,Non_Wetland,Cropland
1155,Water,Water,Bareland,Water,Non_Wetland,Bareland
1156,Water,Water,Bareland,Water,Non_Wetland,Water
1157,Water,Water,Bareland,Water,Non_Wetland,Forest
1158,Water,Water,Built-up,NULL,Non_Wetland,Grassland
1159,Water,Water,Built-up,NULL,Non_Wetland,Bareland
1160,Water,Water,Built-up,NULL,Non_Wetland,Water
1161,Water,Water,Built-up,NULL,Non_Wetland,Forest
1162,Water,Water,Built-up,Non_Water,Non_Wetland,Water
1163,Water,Water,Built-up,Water,Non_Wetland,Grassland
1164,Water,Water,Built-up,Water,Non_Wetland,Bareland
1165,Water,Water,Built-up,Water,Non_Wetland,Water
1166,Water,Water,Water,NULL,Water,Cropland
1167,Water,Water,Water,NULL,Water,Water
1168,Water,Water,Water,Non_Water,Water,Water
1169,Water,Water,Water,Water,Water,Bareland
1170,Water,Water,Water,Water,Water,Water
1171,Water,Water,Forest,NULL,Non_Wetland,Bareland
1172,Water,Water,Forest,NULL,Non_Wetland,Water
1173,Water,Water,Forest,NULL,Non_Wetland,Forest
1174,Water,Water,Forest,Non_Water,Non_Wetland,Cropland
1175,Water,Water,Forest,Non_Water,Non_Wetland,Bareland
1176,Water,Water,Forest,Water,Non_Wetland,Cropland
1177,Water,Water,Forest,Water,Non_Wetland,Bareland
1178,Water,Water,Forest,Water,Non_Wetland,Water
1179,Water,Water,Forest,Water,Non_Wetland,Forest
1180,Water,Forest,NULL,NULL,Non_Wetland,Forest
1181,Water,Forest,Cropland,NULL,Non_Wetland,Forest
1182,Water,Forest,Bareland,NULL,Non_Wetland,NULL
1183,Water,Forest,Forest,NULL,Non_Wetland,Forest
1184,Forest,NULL,NULL,NULL,Non_Wetland,NULL
1185,Forest,NULL,NULL,NULL,Non_Wetland,Grassland
1186,Forest,NULL,NULL,NULL,Non_Wetland,Cropland
1187,Forest,NULL,NULL,NULL,Non_Wetland,Bareland
1188,Forest,NULL,NULL,NULL,Non_Wetland,Forest
1189,Forest,NULL,NULL,Non_Water,Non_Wetland,NULL
1190,Forest,NULL,NULL,Non_Water,Non_Wetland,Grassland
1191,Forest,NULL,NULL,Non_Water,Non_Wetland,Forest
1192,Forest,NULL,Shrubland,NULL,Non_Wetland,NULL
1193,Forest,NULL,Shrubland,NULL,Non_Wetland,Grassland
1194,Forest,NULL,Shrubland,NULL,Non_Wetland,Cropland
1195,Forest,NULL,Shrubland,NULL,Non_Wetland,Bareland
1196,Forest,NULL,Shrubland,NULL,Non_Wetland,Forest
1197,Forest,NULL,Shrubland,Non_Water,Non_Wetland,Grassland
1198,Forest,NULL,Shrubland,Non_Water,Non_Wetland,Cropland
1199,Forest,NULL,Shrubland,Non_Water,Non_Wetland,Forest
1200,Forest,NULL,Shrubland,Water,Non_Wetland,Grassland
1201,Forest,NULL,Grassland,NULL,Non_Wetland,NULL
1202,Forest,NULL,Grassland,NULL,Non_Wetland,Grassland
1203,Forest,NULL,Grassland,NULL,Non_Wetland,Cropland
1204,Forest,NULL,Grassland,NULL,Non_Wetland,Bareland
1205,Forest,NULL,Grassland,NULL,Non_Wetland,Forest
1206,Forest,NULL,Grassland,Non_Water,Non_Wetland,NULL
1207,Forest,NULL,Grassland,Non_Water,Non_Wetland,Grassland
1208,Forest,NULL,Grassland,Non_Water,Non_Wetland,Cropland
1209,Forest,NULL,Grassland,Non_Water,Non_Wetland,Forest
1210,Forest,NULL,Grassland,Water,Non_Wetland,Grassland
1211,Forest,NULL,Cropland,NULL,Non_Wetland,NULL
1212,Forest,NULL,Cropland,NULL,Non_Wetland,Grassland
1213,Forest,NULL,Cropland,NULL,Non_Wetland,Cropland
1214,Forest,NULL,Cropland,NULL,Non_Wetland,Bareland
1215,Forest,NULL,Cropland,NULL,Non_Wetland,Water
1216,Forest,NULL,Cropland,NULL,Non_Wetland,Forest
1217,Forest,NULL,Cropland,Non_Water,Non_Wetland,NULL
1218,Forest,NULL,Cropland,Non_Water,Non_Wetland,Grassland
1219,Forest,NULL,Cropland,Non_Water,Non_Wetland,Cropland
1220,Forest,NULL,Cropland,Non_Water,Non_Wetland,Bareland
1221,Forest,NULL,Cropland,Non_Water,Non_Wetland,Water
1222,Forest,NULL,Cropland,Non_Water,Non_Wetland,Forest
1223,Forest,NULL,Cropland,Water,Non_Wetland,NULL
1224,Forest,NULL,Cropland,Water,Non_Wetland,Grassland
1225,Forest,NULL,Cropland,Water,Non_Wetland,Cropland
1226,Forest,NULL,Cropland,Water,Non_Wetland,Water
1227,Forest,NULL,Cropland,Water,Non_Wetland,Forest
1228,Forest,NULL,Wetland,Non_Water,Wetland,Water
1229,Forest,NULL,Wetland,Non_Water,Wetland,Forest
1230,Forest,NULL,Lichens_and_Mosses,NULL,Non_Wetland,NULL
1231,Forest,NULL,Lichens_and_Mosses,NULL,Non_Wetland,Grassland
1232,Forest,NULL,Lichens_and_Mosses,NULL,Non_Wetland,Forest
1233,Forest,NULL,Bareland,NULL,Non_Wetland,NULL
1234,Forest,NULL,Bareland,NULL,Non_Wetland,Grassland
1235,Forest,NULL,Bareland,NULL,Non_Wetland,Bareland
1236,Forest,NULL,Bareland,NULL,Non_Wetland,Water
1237,Forest,NULL,Bareland,NULL,Non_Wetland,Forest
1238,Forest,NULL,Bareland,Non_Water,Non_Wetland,Grassland
1239,Forest,NULL,Bareland,Non_Water,Non_Wetland,Cropland
1240,Forest,NULL,Bareland,Non_Water,Non_Wetland,Bareland
1241,Forest,NULL,Bareland,Non_Water,Non_Wetland,Water
1242,Forest,NULL,Bareland,Non_Water,Non_Wetland,Forest
1243,Forest,NULL,Bareland,Water,Non_Wetland,Water
1244,Forest,NULL,Built-up,NULL,Non_Wetland,NULL
1245,Forest,NULL,Built-up,NULL,Non_Wetland,Grassland
1246,Forest,NULL,Built-up,NULL,Non_Wetland,Forest
1247,Forest,NULL,Built-up,Non_Water,Non_Wetland,Grassland
1248,Forest,NULL,Built-up,Non_Water,Non_Wetland,Cropland
1249,Forest,NULL,Water,Non_Water,Water,Forest
1250,Forest,NULL,Forest,NULL,Non_Wetland,NULL
1251,Forest,NULL,Forest,NULL,Non_Wetland,Grassland
1252,Forest,NULL,Forest,NULL,Non_Wetland,Cropland
1253,Forest,NULL,Forest,NULL,Non_Wetland,Bareland
1254,Forest,NULL,Forest,NULL,Non_Wetland,Forest
1255,Forest,NULL,Forest,Non_Water,Non_Wetland,NULL
1256,Forest,NULL,Forest,Non_Water,Non_Wetland,Grassland
1257,Forest,NULL,Forest,Non_Water,Non_Wetland,Forest
1258,Forest,Cropland,NULL,NULL,Non_Wetland,NULL
1259,Forest,Cropland,NULL,NULL,Non_Wetland,Grassland
1260,Forest,Cropland,NULL,NULL,Non_Wetland,Cropland
1261,Forest,Cropland,NULL,NULL,Non_Wetland,Bareland
1262,Forest,Cropland,NULL,NULL,Non_Wetland,Forest
1263,Forest,Cropland,NULL,Non_Water,Non_Wetland,NULL
1264,Forest,Cropland,NULL,Non_Water,Non_Wetland,Grassland
1265,Forest,Cropland,NULL,Non_Water,Non_Wetland,Forest
1266,Forest,Cropland,Shrubland,NULL,Non_Wetland,NULL
1267,Forest,Cropland,Shrubland,NULL,Non_Wetland,Grassland
1268,Forest,Cropland,Shrubland,NULL,Non_Wetland,Cropland
1269,Forest,Cropland,Shrubland,NULL,Non_Wetland,Forest
1270,Forest,Cropland,Shrubland,Non_Water,Non_Wetland,Grassland
1271,Forest,Cropland,Shrubland,Non_Water,Non_Wetland,Cropland
1272,Forest,Cropland,Shrubland,Non_Water,Non_Wetland,Forest
1273,Forest,Cropland,Shrubland,Water,Non_Wetland,Water
1274,Forest,Cropland,Grassland,NULL,Non_Wetland,NULL
1275,Forest,Cropland,Grassland,NULL,Non_Wetland,Grassland
1276,Forest,Cropland,Grassland,NULL,Non_Wetland,Cropland
1277,Forest,Cropland,Grassland,NULL,Non_Wetland,Bareland
1278,Forest,Cropland,Grassland,NULL,Non_Wetland,Forest
1279,Forest,Cropland,Grassland,Non_Water,Non_Wetland,Grassland
1280,Forest,Cropland,Grassland,Non_Water,Non_Wetland,Cropland
1281,Forest,Cropland,Grassland,Non_Water,Non_Wetland,Water
1282,Forest,Cropland,Grassland,Non_Water,Non_Wetland,Forest
1283,Forest,Cropland,Grassland,Water,Non_Wetland,Water
1284,Forest,Cropland,Cropland,NULL,Non_Wetland,NULL
1285,Forest,Cropland,Cropland,NULL,Non_Wetland,Grassland
1286,Forest,Cropland,Cropland,NULL,Non_Wetland,Cropland
1287,Forest,Cropland,Cropland,NULL,Non_Wetland,Bareland
1288,Forest,Cropland,Cropland,NULL,Non_Wetland,Forest
1289,Forest,Cropland,Cropland,Non_Water,Non_Wetland,NULL
1290,Forest,Cropland,Cropland,Non_Water,Non_Wetland,Grassland
1291,Forest,Cropland,Cropland,Non_Water,Non_Wetland,Cropland
1292,Forest,Cropland,Cropland,Non_Water,Non_Wetland,Water
1293,Forest,Cropland,Cropland,Non_Water,Non_Wetland,Forest
1294,Forest,Cropland,Cropland,Water,Non_Wetland,Grassland
1295,Forest,Cropland,Cropland,Water,Non_Wetland,Cropland
1296,Forest,Cropland,Cropland,Water,Non_Wetland,Bareland
1297,Forest,Cropland,Cropland,Water,Non_Wetland,Water
1298,Forest,Cropland,Wetland,Non_Water,Wetland,Cropland
1299,Forest,Cropland,Wetland,Non_Water,Wetland,Water
1300,Forest,Cropland,Wetland,Non_Water,Wetland,Forest
1301,Forest,Cropland,Wetland,Water,Wetland,Cropland
1302,Forest,Cropland,Wetland,Water,Wetland,Water
1303,Forest,Cropland,Lichens_and_Mosses,NULL,Non_Wetland,NULL
1304,Forest,Cropland,Lichens_and_Mosses,NULL,Non_Wetland,Grassland
1305,Forest,Cropland,Lichens_and_Mosses,NULL,Non_Wetland,Forest
1306,Forest,Cropland,Bareland,NULL,Non_Wetland,NULL
1307,Forest,Cropland,Bareland,NULL,Non_Wetland,Grassland
1308,Forest,Cropland,Bareland,NULL,Non_Wetland,Cropland
1309,Forest,Cropland,Bareland,NULL,Non_Wetland,Forest
1310,Forest,Cropland,Bareland,Non_Water,Non_Wetland,Grassland
1311,Forest,Cropland,Bareland,Non_Water,Non_Wetland,Cropland
1312,Forest,Cropland,Bareland,Non_Water,Non_Wetland,Forest
1313,Forest,Cropland,Bareland,Water,Non_Wetland,Water
1314,Forest,Cropland,Built-up,NULL,Non_Wetland,Forest
1315,Forest,Cropland,Built-up,Non_Water,Non_Wetland,Cropland
1316,Forest,Cropland,Built-up,Non_Water,Non_Wetland,Water
1317,Forest,Cropland,Water,Non_Water,Water,Forest
1318,Forest,Cropland,Forest,NULL,Non_Wetland,NULL
1319,Forest,Cropland,Forest,NULL,Non_Wetland,Grassland
1320,Forest,Cropland,Forest,NULL,Non_Wetland,Cropland
1321,Forest,Cropland,Forest,NULL,Non_Wetland,Forest
1322,Forest,Cropland,Forest,Non_Water,Non_Wetland,NULL
1323,Forest,Cropland,Forest,Non_Water,Non_Wetland,Grassland
1324,Forest,Cropland,Forest,Non_Water,Non_Wetland,Cropland
1325,Forest,Cropland,Forest,Non_Water,Non_Wetland,Forest
1326,Forest,Bareland,Grassland,NULL,Non_Wetland,Grassland
1327,Forest,Bareland,Grassland,NULL,Non_Wetland,Forest
1328,Forest,Bareland,Cropland,NULL,Non_Wetland,Forest
1329,Forest,Bareland,Bareland,NULL,Non_Wetland,Cropland
1330,Forest,Built-up,NULL,NULL,Non_Wetland,NULL
1331,Forest,Built-up,NULL,NULL,Non_Wetland,Grassland
1332,Forest,Built-up,NULL,NULL,Non_Wetland,Forest
1333,Forest,Built-up,Shrubland,NULL,Non_Wetland,NULL
1334,Forest,Built-up,Shrubland,NULL,Non_Wetland,Grassland
1335,Forest,Built-up,Shrubland,NULL,Non_Wetland,Forest
1336,Forest,Built-up,Grassland,NULL,Non_Wetland,NULL
1337,Forest,Built-up,Grassland,NULL,Non_Wetland,Grassland
1338,Forest,Built-up,Grassland,NULL,Non_Wetland,Cropland
1339,Forest,Built-up,Grassland,NULL,Non_Wetland,Bareland
1340,Forest,Built-up,Grassland,NULL,Non_Wetland,Forest
1341,Forest,Built-up,Cropland,NULL,Non_Wetland,NULL
1342,Forest,Built-up,Cropland,NULL,Non_Wetland,Grassland
1343,Forest,Built-up,Cropland,NULL,Non_Wetland,Forest
1344,Forest,Built-up,Bareland,NULL,Non_Wetland,Grassland
1345,Forest,Built-up,Built-up,NULL,Non_Wetland,Grassland
1346,Forest,Built-up,Built-up,NULL,Non_Wetland,Cropland
1347,Forest,Built-up,Forest,NULL,Non_Wetland,NULL
1348,Forest,Built-up,Forest,NULL,Non_Wetland,Grassland
1349,Forest,Built-up,Forest,NULL,Non_Wetland,Forest
1350,Forest,Water,NULL,NULL,Non_Wetland,Forest
1351,Forest,Water,Grassland,NULL,Non_Wetland,Grassland
1352,Forest,Water,Grassland,NULL,Non_Wetland,Cropland
1353,Forest,Water,Grassland,NULL,Non_Wetland,Bareland
1354,Forest,Water,Grassland,NULL,Non_Wetland,Forest
1355,Forest,Water,Cropland,NULL,Non_Wetland,Grassland
1356,Forest,Water,Cropland,NULL,Non_Wetland,Cropland
1357,Forest,Water,Cropland,NULL,Non_Wetland,Forest
1358,Forest,Water,Bareland,NULL,Non_Wetland,Cropland
1359,Forest,Water,Forest,NULL,Non_Wetland,Forest
1360,Forest,Forest,NULL,NULL,Non_Wetland,NULL
1361,Forest,Forest,NULL,NULL,Non_Wetland,Grassland
1362,Forest,Forest,NULL,NULL,Non_Wetland,Cropland
1363,Forest,Forest,NULL,NULL,Non_Wetland,Bareland
1364,Forest,Forest,NULL,NULL,Non_Wetland,Forest
1365,Forest,Forest,NULL,Non_Water,Non_Wetland,NULL
1366,Forest,Forest,NULL,Non_Water,Non_Wetland,Grassland
1367,Forest,Forest,NULL,Non_Water,Non_Wetland,Cropland
1368,Forest,Forest,NULL,Non_Water,Non_Wetland,Forest
1369,Forest,Forest,Shrubland,NULL,Non_Wetland,NULL
1370,Forest,Forest,Shrubland,NULL,Non_Wetland,Grassland
1371,Forest,Forest,Shrubland,NULL,Non_Wetland,Cropland
1372,Forest,Forest,Shrubland,NULL,Non_Wetland,Forest
1373,Forest,Forest,Shrubland,Non_Water,Non_Wetland,Grassland
1374,Forest,Forest,Shrubland,Non_Water,Non_Wetland,Cropland
1375,Forest,Forest,Shrubland,Non_Water,Non_Wetland,Forest
1376,Forest,Forest,Grassland,NULL,Non_Wetland,NULL
1377,Forest,Forest,Grassland,NULL,Non_Wetland,Grassland
1378,Forest,Forest,Grassland,NULL,Non_Wetland,Cropland
1379,Forest,Forest,Grassland,NULL,Non_Wetland,Bareland
1380,Forest,Forest,Grassland,NULL,Non_Wetland,Forest
1381,Forest,Forest,Grassland,Non_Water,Non_Wetland,Grassland
1382,Forest,Forest,Grassland,Non_Water,Non_Wetland,Cropland
1383,Forest,Forest,Grassland,Non_Water,Non_Wetland,Water
1384,Forest,Forest,Grassland,Non_Water,Non_Wetland,Forest
1385,Forest,Forest,Grassland,Water,Non_Wetland,Water
1386,Forest,Forest,Cropland,NULL,Non_Wetland,NULL
1387,Forest,Forest,Cropland,NULL,Non_Wetland,Grassland
1388,Forest,Forest,Cropland,NULL,Non_Wetland,Cropland
1389,Forest,Forest,Cropland,NULL,Non_Wetland,Bareland
1390,Forest,Forest,Cropland,NULL,Non_Wetland,Forest
1391,Forest,Forest,Cropland,Non_Water,Non_Wetland,NULL
1392,Forest,Forest,Cropland,Non_Water,Non_Wetland,Grassland
1393,Forest,Forest,Cropland,Non_Water,Non_Wetland,Cropland
1394,Forest,Forest,Cropland,Non_Water,Non_Wetland,Water
1395,Forest,Forest,Cropland,Non_Water,Non_Wetland,Forest
1396,Forest,Forest,Cropland,Water,Non_Wetland,Water
1397,Forest,Forest,Wetland,NULL,Wetland,Forest
1398,Forest,Forest,Lichens_and_Mosses,NULL,Non_Wetland,NULL
1399,Forest,Forest,Lichens_and_Mosses,NULL,Non_Wetland,Grassland
1400,Forest,Forest,Lichens_and_Mosses,NULL,Non_Wetland,Forest
1401,Forest,Forest,Bareland,NULL,Non_Wetland,NULL
1402,Forest,Forest,Bareland,NULL,Non_Wetland,Grassland
1403,Forest,Forest,Bareland,NULL,Non_Wetland,Cropland
1404,Forest,Forest,Bareland,NULL,Non_Wetland,Forest
1405,Forest,Forest,Bareland,Non_Water,Non_Wetland,Grassland
1406,Forest,Forest,Bareland,Non_Water,Non_Wetland,Cropland
1407,Forest,Forest,Bareland,Non_Water,Non_Wetland,Forest
1408,Forest,Forest,Built-up,NULL,Non_Wetland,Forest
1409,Forest,Forest,Water,Non_Water,Water,Grassland
1410,Forest,Forest,Water,Non_Water,Water,Cropland
1411,Forest,Forest,Forest,NULL,Non_Wetland,NULL
1412,Forest,Forest,Forest,NULL,Non_Wetland,Grassland
1413,Forest,Forest,Forest,NULL,Non_Wetland,Cropland
1414,Forest,Forest,Forest,NULL,Non_Wetland,Forest
1415,Forest,Forest,Forest,Non_Water,Non_Wetland,NULL
1416,Forest,Forest,Forest,Non_Water,Non_Wetland,Grassland
1417,Forest,Forest,Forest,Non_Water,Non_Wetland,Cropland
1418,Forest,Forest,Forest,Non_Water,Non_Wetland,Forest
