Value,AMAZON_EXTENSION_2024_DynamicWorld_2024_22MEE_M_R,AMAZON_EXTENSION_2024_ESRI_Annual_LULC_2024_22MEE_M_R,AMAZON_EXTENSION_2024_GLC_FCS30D_2022_22MEE_M_R,AMAZON_EXTENSION_2024_GSW_Yearly_2021_22MEE_M_R,AMAZON_EXTENSION_2024_GWL_FCS30D_2022_22MEE_M_R,AMAZON_EXTENSION_2024_MapBiomas_10mbeta_2023_22MEE_M_R,AMAZON_EXTENSION_2024_MapBiomas_Collection10_2024_22MEE_M_R,AMAZON_EXTENSION_2024_WorldCover_2021_22MEE_M_R
0,NULL,NULL,NULL,NULL,Non_Wetland,NULL,Grassland,NULL
1,NULL,NULL,NULL,NULL,Non_Wetland,Grassland,Grassland,NULL
2,NULL,NULL,NULL,NULL,Non_Wetland,Grassland,Wetland,NULL
3,NULL,NULL,NULL,NULL,Non_Wetland,Grassland,Forest,NULL
4,NULL,NULL,NULL,NULL,Non_Wetland,Wetland,Grassland,NULL
5,NULL,NULL,NULL,NULL,Non_Wetland,Wetland,Wetland,NULL
6,NULL,NULL,NULL,NULL,Non_Wetland,Wetland,Bareland,NULL
7,NULL,NULL,NULL,NULL,Non_Wetland,Wetland,Water,NULL
8,NULL,NULL,NULL,NULL,Non_Wetland,Wetland,Forest,NULL
9,NULL,NULL,NULL,NULL,Non_Wetland,Bareland,Grassland,NULL
10,NULL,NULL,NULL,NULL,Non_Wetland,Bareland,Wetland,NULL
11,NULL,NULL,NULL,NULL,Non_Wetland,Bareland,Forest,NULL
12,NULL,NULL,Shrubland,NULL,Non_Wetland,Grassland,Grassland,NULL
13,NULL,NULL,Shrubland,NULL,Non_Wetland,Grassland,Wetland,NULL
14,NULL,NULL,Shrubland,NULL,Non_Wetland,Grassland,Bareland,NULL
15,NULL,NULL,Shrubland,NULL,Non_Wetland,Grassland,Forest,NULL
16,NULL,NULL,Shrubland,NULL,Non_Wetland,Wetland,Grassland,NULL
17,NULL,NULL,Shrubland,NULL,Non_Wetland,Wetland,Wetland,NULL
18,NULL,NULL,Shrubland,NULL,Non_Wetland,Wetland,Bareland,NULL
19,NULL,NULL,Shrubland,NULL,Non_Wetland,Wetland,Built-up,NULL
20,NULL,NULL,Shrubland,NULL,Non_Wetland,Wetland,Water,NULL
21,NULL,NULL,Shrubland,NULL,Non_Wetland,Wetland,Forest,NULL
22,NULL,NULL,Shrubland,NULL,Non_Wetland,Bareland,Grassland,NULL
23,NULL,NULL,Shrubland,NULL,Non_Wetland,Bareland,Wetland,NULL
24,NULL,NULL,Shrubland,NULL,Non_Wetland,Bareland,Bareland,NULL
25,NULL,NULL,Grassland,NULL,Non_Wetland,NULL,Grassland,NULL
26,NULL,NULL,Grassland,NULL,Non_Wetland,NULL,Wetland,NULL
27,NULL,NULL,Grassland,NULL,Non_Wetland,Grassland,Grassland,NULL
28,NULL,NULL,Grassland,NULL,Non_Wetland,Grassland,Wetland,NULL
29,NULL,NULL,Grassland,NULL,Non_Wetland,Grassland,Bareland,NULL
30,NULL,NULL,Grassland,NULL,Non_Wetland,Grassland,Water,NULL
31,NULL,NULL,Grassland,NULL,Non_Wetland,Grassland,Forest,NULL
32,NULL,NULL,Grassland,NULL,Non_Wetland,Wetland,NULL,NULL
33,NULL,NULL,Grassland,NULL,Non_Wetland,Wetland,Shrubland,NULL
34,NULL,NULL,Grassland,NULL,Non_Wetland,Wetland,Grassland,NULL
35,NULL,NULL,Grassland,NULL,Non_Wetland,Wetland,Wetland,NULL
36,NULL,NULL,Grassland,NULL,Non_Wetland,Wetland,Bareland,NULL
37,NULL,NULL,Grassland,NULL,Non_Wetland,Wetland,Water,NULL
38,NULL,NULL,Grassland,NULL,Non_Wetland,Wetland,Forest,NULL
39,NULL,NULL,Grassland,NULL,Non_Wetland,Bareland,NULL,NULL
40,NULL,NULL,Grassland,NULL,Non_Wetland,Bareland,Grassland,NULL
41,NULL,NULL,Grassland,NULL,Non_Wetland,Bareland,Wetland,NULL
42,NULL,NULL,Grassland,NULL,Non_Wetland,Bareland,Bareland,NULL
43,NULL,NULL,Grassland,NULL,Non_Wetland,Bareland,Forest,NULL
44,NULL,NULL,Grassland,NULL,Non_Wetland,Forest,Grassland,NULL
45,NULL,NULL,Grassland,NULL,Non_Wetland,Forest,Forest,NULL
46,NULL,NULL,Wetland,NULL,NULL,Wetland,Wetland,NULL
47,NULL,NULL,Wetland,NULL,NULL,Wetland,Water,NULL
48,NULL,NULL,Wetland,NULL,Wetland,NULL,Grassland,NULL
49,NULL,NULL,Wetland,NULL,Wetland,NULL,Wetland,NULL
50,NULL,NULL,Wetland,NULL,Wetland,NULL,Water,NULL
51,NULL,NULL,Wetland,NULL,Wetland,NULL,Forest,NULL
52,NULL,NULL,Wetland,NULL,Wetland,Grassland,NULL,NULL
53,NULL,NULL,Wetland,NULL,Wetland,Grassland,Grassland,NULL
54,NULL,NULL,Wetland,NULL,Wetland,Grassland,Wetland,NULL
55,NULL,NULL,Wetland,NULL,Wetland,Grassland,Water,NULL
56,NULL,NULL,Wetland,NULL,Wetland,Grassland,Forest,NULL
57,NULL,NULL,Wetland,NULL,Wetland,Wetland,NULL,NULL
58,NULL,NULL,Wetland,NULL,Wetland,Wetland,Shrubland,NULL
59,NULL,NULL,Wetland,NULL,Wetland,Wetland,Grassland,NULL
60,NULL,NULL,Wetland,NULL,Wetland,Wetland,Wetland,NULL
61,NULL,NULL,Wetland,NULL,Wetland,Wetland,Bareland,NULL
62,NULL,NULL,Wetland,NULL,Wetland,Wetland,Water,NULL
63,NULL,NULL,Wetland,NULL,Wetland,Wetland,Forest,NULL
64,NULL,NULL,Wetland,NULL,Wetland,Bareland,NULL,NULL
65,NULL,NULL,Wetland,NULL,Wetland,Bareland,Grassland,NULL
66,NULL,NULL,Wetland,NULL,Wetland,Bareland,Wetland,NULL
67,NULL,NULL,Wetland,NULL,Wetland,Bareland,Bareland,NULL
68,NULL,NULL,Wetland,NULL,Wetland,Bareland,Water,NULL
69,NULL,NULL,Wetland,NULL,Wetland,Bareland,Forest,NULL
70,NULL,NULL,Wetland,NULL,Wetland,Water,Wetland,NULL
71,NULL,NULL,Wetland,NULL,Wetland,Water,Water,NULL
72,NULL,NULL,Wetland,NULL,Wetland,Forest,Grassland,NULL
73,NULL,NULL,Wetland,NULL,Wetland,Forest,Wetland,NULL
74,NULL,NULL,Wetland,NULL,Wetland,Forest,Forest,NULL
75,NULL,NULL,Bareland,NULL,Non_Wetland,NULL,Wetland,NULL
76,NULL,NULL,Bareland,NULL,Non_Wetland,Grassland,Wetland,NULL
77,NULL,NULL,Bareland,NULL,Non_Wetland,Wetland,Grassland,NULL
78,NULL,NULL,Bareland,NULL,Non_Wetland,Wetland,Wetland,NULL
79,NULL,NULL,Bareland,NULL,Non_Wetland,Wetland,Water,NULL
80,NULL,NULL,Bareland,NULL,Non_Wetland,Wetland,Forest,NULL
81,NULL,NULL,Bareland,NULL,Non_Wetland,Bareland,Wetland,NULL
82,NULL,NULL,Bareland,NULL,Non_Wetland,Forest,Forest,NULL
83,NULL,NULL,Built-up,NULL,Non_Wetland,Grassland,Bareland,NULL
84,NULL,NULL,Built-up,NULL,Non_Wetland,Wetland,Grassland,NULL
85,NULL,NULL,Built-up,NULL,Non_Wetland,Wetland,Wetland,NULL
86,NULL,NULL,Built-up,NULL,Non_Wetland,Wetland,Bareland,NULL
87,NULL,NULL,Built-up,NULL,Non_Wetland,Wetland,Built-up,NULL
88,NULL,NULL,Built-up,NULL,Non_Wetland,Bareland,Wetland,NULL
89,NULL,NULL,Built-up,NULL,Non_Wetland,Bareland,Bareland,NULL
90,NULL,NULL,Built-up,NULL,Non_Wetland,Bareland,Water,NULL
91,NULL,NULL,Water,NULL,Water,Bareland,Wetland,NULL
92,NULL,NULL,Forest,NULL,Non_Wetland,NULL,Shrubland,NULL
93,NULL,NULL,Forest,NULL,Non_Wetland,NULL,Wetland,NULL
94,NULL,NULL,Forest,NULL,Non_Wetland,NULL,Forest,NULL
95,NULL,NULL,Forest,NULL,Non_Wetland,Grassland,Grassland,NULL
96,NULL,NULL,Forest,NULL,Non_Wetland,Grassland,Wetland,NULL
97,NULL,NULL,Forest,NULL,Non_Wetland,Grassland,Forest,NULL
98,NULL,NULL,Forest,NULL,Non_Wetland,Wetland,Shrubland,NULL
99,NULL,NULL,Forest,NULL,Non_Wetland,Wetland,Grassland,NULL
100,NULL,NULL,Forest,NULL,Non_Wetland,Wetland,Wetland,NULL
101,NULL,NULL,Forest,NULL,Non_Wetland,Wetland,Forest,NULL
102,NULL,NULL,Forest,NULL,Non_Wetland,Bareland,Wetland,NULL
103,NULL,NULL,Forest,NULL,Non_Wetland,Forest,Grassland,NULL
104,NULL,NULL,Forest,NULL,Non_Wetland,Forest,Forest,NULL
105,NULL,Cropland,Shrubland,NULL,Non_Wetland,Wetland,Wetland,NULL
106,NULL,Cropland,Grassland,NULL,Non_Wetland,Wetland,Wetland,NULL
107,NULL,Cropland,Grassland,NULL,Non_Wetland,Wetland,Bareland,NULL
108,NULL,Cropland,Wetland,NULL,Wetland,Wetland,Wetland,NULL
109,NULL,Wetland,Wetland,NULL,Wetland,Wetland,Wetland,NULL
110,NULL,Wetland,Wetland,NULL,Wetland,Wetland,Water,NULL
111,NULL,Bareland,Grassland,NULL,Non_Wetland,Bareland,Bareland,NULL
112,NULL,Bareland,Built-up,NULL,Non_Wetland,Bareland,Wetland,NULL
113,NULL,Built-up,NULL,NULL,Non_Wetland,Wetland,Bareland,NULL
114,NULL,Built-up,NULL,NULL,Non_Wetland,Bareland,Bareland,NULL
115,NULL,Built-up,NULL,NULL,Non_Wetland,Built-up,Built-up,NULL
116,NULL,Built-up,Shrubland,NULL,Non_Wetland,Grassland,Built-up,NULL
117,NULL,Built-up,Shrubland,NULL,Non_Wetland,Grassland,Forest,NULL
118,NULL,Built-up,Shrubland,NULL,Non_Wetland,Wetland,Bareland,NULL
119,NULL,Built-up,Shrubland,NULL,Non_Wetland,Wetland,Built-up,NULL
120,NULL,Built-up,Shrubland,NULL,Non_Wetland,Wetland,Forest,NULL
121,NULL,Built-up,Shrubland,NULL,Non_Wetland,Bareland,Wetland,NULL
122,NULL,Built-up,Shrubland,NULL,Non_Wetland,Bareland,Bareland,NULL
123,NULL,Built-up,Shrubland,NULL,Non_Wetland,Bareland,Built-up,NULL
124,NULL,Built-up,Shrubland,NULL,Non_Wetland,Bareland,Water,NULL
125,NULL,Built-up,Shrubland,NULL,Non_Wetland,Built-up,Grassland,NULL
126,NULL,Built-up,Shrubland,NULL,Non_Wetland,Built-up,Bareland,NULL
127,NULL,Built-up,Shrubland,NULL,Non_Wetland,Built-up,Built-up,NULL
128,NULL,Built-up,Shrubland,NULL,Non_Wetland,Forest,Built-up,NULL
129,NULL,Built-up,Grassland,NULL,Non_Wetland,Grassland,Grassland,NULL
130,NULL,Built-up,Grassland,NULL,Non_Wetland,Grassland,Bareland,NULL
131,NULL,Built-up,Grassland,NULL,Non_Wetland,Grassland,Built-up,NULL
132,NULL,Built-up,Grassland,NULL,Non_Wetland,Grassland,Water,NULL
133,NULL,Built-up,Grassland,NULL,Non_Wetland,Grassland,Forest,NULL
134,NULL,Built-up,Grassland,NULL,Non_Wetland,Wetland,Wetland,NULL
135,NULL,Built-up,Grassland,NULL,Non_Wetland,Wetland,Bareland,NULL
136,NULL,Built-up,Grassland,NULL,Non_Wetland,Wetland,Built-up,NULL
137,NULL,Built-up,Grassland,NULL,Non_Wetland,Wetland,Water,NULL
138,NULL,Built-up,Grassland,NULL,Non_Wetland,Bareland,Grassland,NULL
139,NULL,Built-up,Grassland,NULL,Non_Wetland,Bareland,Wetland,NULL
140,NULL,Built-up,Grassland,NULL,Non_Wetland,Bareland,Bareland,NULL
141,NULL,Built-up,Grassland,NULL,Non_Wetland,Bareland,Built-up,NULL
142,NULL,Built-up,Grassland,NULL,Non_Wetland,Bareland,Forest,NULL
143,NULL,Built-up,Grassland,NULL,Non_Wetland,Built-up,Grassland,NULL
144,NULL,Built-up,Grassland,NULL,Non_Wetland,Built-up,Wetland,NULL
145,NULL,Built-up,Grassland,NULL,Non_Wetland,Built-up,Bareland,NULL
146,NULL,Built-up,Grassland,NULL,Non_Wetland,Built-up,Built-up,NULL
147,NULL,Built-up,Grassland,NULL,Non_Wetland,Built-up,Forest,NULL
148,NULL,Built-up,Wetland,NULL,Wetland,Grassland,Grassland,NULL
149,NULL,Built-up,Wetland,NULL,Wetland,Grassland,Wetland,NULL
150,NULL,Built-up,Wetland,NULL,Wetland,Grassland,Bareland,NULL
151,NULL,Built-up,Wetland,NULL,Wetland,Grassland,Built-up,NULL
152,NULL,Built-up,Wetland,NULL,Wetland,Grassland,Water,NULL
153,NULL,Built-up,Wetland,NULL,Wetland,Grassland,Forest,NULL
154,NULL,Built-up,Wetland,NULL,Wetland,Wetland,Shrubland,NULL
155,NULL,Built-up,Wetland,NULL,Wetland,Wetland,Grassland,NULL
156,NULL,Built-up,Wetland,NULL,Wetland,Wetland,Wetland,NULL
157,NULL,Built-up,Wetland,NULL,Wetland,Wetland,Bareland,NULL
158,NULL,Built-up,Wetland,NULL,Wetland,Wetland,Built-up,NULL
159,NULL,Built-up,Wetland,NULL,Wetland,Wetland,Water,NULL
160,NULL,Built-up,Wetland,NULL,Wetland,Wetland,Forest,NULL
161,NULL,Built-up,Wetland,NULL,Wetland,Bareland,Wetland,NULL
162,NULL,Built-up,Wetland,NULL,Wetland,Bareland,Bareland,NULL
163,NULL,Built-up,Wetland,NULL,Wetland,Bareland,Built-up,NULL
164,NULL,Built-up,Wetland,NULL,Wetland,Bareland,Water,NULL
165,NULL,Built-up,Wetland,NULL,Wetland,Bareland,Forest,NULL
166,NULL,Built-up,Wetland,NULL,Wetland,Built-up,Shrubland,NULL
167,NULL,Built-up,Wetland,NULL,Wetland,Built-up,Grassland,NULL
168,NULL,Built-up,Wetland,NULL,Wetland,Built-up,Wetland,NULL
169,NULL,Built-up,Wetland,NULL,Wetland,Built-up,Bareland,NULL
170,NULL,Built-up,Wetland,NULL,Wetland,Built-up,Built-up,NULL
171,NULL,Built-up,Wetland,NULL,Wetland,Built-up,Water,NULL
172,NULL,Built-up,Wetland,NULL,Wetland,Built-up,Forest,NULL
173,NULL,Built-up,Wetland,NULL,Wetland,Water,Water,NULL
174,NULL,Built-up,Wetland,NULL,Wetland,Forest,Wetland,NULL
175,NULL,Built-up,Wetland,NULL,Wetland,Forest,Built-up,NULL
176,NULL,Built-up,Wetland,NULL,Wetland,Forest,Forest,NULL
177,NULL,Built-up,Bareland,NULL,Non_Wetland,Wetland,Wetland,NULL
178,NULL,Built-up,Bareland,NULL,Non_Wetland,Bareland,Wetland,NULL
179,NULL,Built-up,Built-up,NULL,Non_Wetland,Grassland,Built-up,NULL
180,NULL,Built-up,Built-up,NULL,Non_Wetland,Grassland,Forest,NULL
181,NULL,Built-up,Built-up,NULL,Non_Wetland,Wetland,Wetland,NULL
182,NULL,Built-up,Built-up,NULL,Non_Wetland,Wetland,Built-up,NULL
183,NULL,Built-up,Built-up,NULL,Non_Wetland,Wetland,Forest,NULL
184,NULL,Built-up,Built-up,NULL,Non_Wetland,Bareland,Grassland,NULL
185,NULL,Built-up,Built-up,NULL,Non_Wetland,Bareland,Wetland,NULL
186,NULL,Built-up,Built-up,NULL,Non_Wetland,Bareland,Bareland,NULL
187,NULL,Built-up,Built-up,NULL,Non_Wetland,Bareland,Built-up,NULL
188,NULL,Built-up,Built-up,NULL,Non_Wetland,Bareland,Water,NULL
189,NULL,Built-up,Built-up,NULL,Non_Wetland,Bareland,Forest,NULL
190,NULL,Built-up,Built-up,NULL,Non_Wetland,Built-up,Shrubland,NULL
191,NULL,Built-up,Built-up,NULL,Non_Wetland,Built-up,Grassland,NULL
192,NULL,Built-up,Built-up,NULL,Non_Wetland,Built-up,Bareland,NULL
193,NULL,Built-up,Built-up,NULL,Non_Wetland,Built-up,Built-up,NULL
194,NULL,Built-up,Built-up,NULL,Non_Wetland,Built-up,Water,NULL
195,NULL,Built-up,Built-up,NULL,Non_Wetland,Built-up,Forest,NULL
196,NULL,Built-up,Water,NULL,Water,Wetland,Water,NULL
197,NULL,Built-up,Water,NULL,Water,Bareland,Water,NULL
198,NULL,Built-up,Water,NULL,Water,Built-up,Water,NULL
199,NULL,Built-up,Water,NULL,Water,Water,Water,NULL
200,NULL,Built-up,Forest,NULL,Non_Wetland,Grassland,Forest,NULL
201,NULL,Built-up,Forest,NULL,Non_Wetland,Wetland,Forest,NULL
202,NULL,Built-up,Forest,NULL,Non_Wetland,Bareland,Water,NULL
203,NULL,Built-up,Forest,NULL,Non_Wetland,Built-up,Bareland,NULL
204,NULL,Built-up,Forest,NULL,Non_Wetland,Built-up,Built-up,NULL
205,NULL,Built-up,Forest,NULL,Non_Wetland,Built-up,Forest,NULL
206,NULL,Built-up,Forest,NULL,Non_Wetland,Forest,Forest,NULL
207,NULL,Water,NULL,NULL,Non_Wetland,Wetland,Wetland,NULL
208,NULL,Water,NULL,NULL,Non_Wetland,Wetland,Water,NULL
209,NULL,Water,NULL,NULL,Non_Wetland,Wetland,Forest,NULL
210,NULL,Water,NULL,NULL,Non_Wetland,Bareland,Wetland,NULL
211,NULL,Water,NULL,NULL,Non_Wetland,Bareland,Water,NULL
212,NULL,Water,NULL,NULL,Non_Wetland,Bareland,Forest,NULL
213,NULL,Water,Shrubland,NULL,Non_Wetland,Wetland,Wetland,NULL
214,NULL,Water,Shrubland,NULL,Non_Wetland,Wetland,Bareland,NULL
215,NULL,Water,Shrubland,NULL,Non_Wetland,Wetland,Water,NULL
216,NULL,Water,Shrubland,NULL,Non_Wetland,Bareland,Wetland,NULL
217,NULL,Water,Shrubland,NULL,Non_Wetland,Bareland,Bareland,NULL
218,NULL,Water,Shrubland,NULL,Non_Wetland,Bareland,Water,NULL
219,NULL,Water,Shrubland,NULL,Non_Wetland,Bareland,Forest,NULL
220,NULL,Water,Shrubland,NULL,Non_Wetland,Water,Water,NULL
221,NULL,Water,Grassland,NULL,Non_Wetland,Grassland,Forest,NULL
222,NULL,Water,Grassland,NULL,Non_Wetland,Wetland,Wetland,NULL
223,NULL,Water,Grassland,NULL,Non_Wetland,Wetland,Bareland,NULL
224,NULL,Water,Grassland,NULL,Non_Wetland,Wetland,Water,NULL
225,NULL,Water,Grassland,NULL,Non_Wetland,Wetland,Forest,NULL
226,NULL,Water,Grassland,NULL,Non_Wetland,Bareland,Wetland,NULL
227,NULL,Water,Grassland,NULL,Non_Wetland,Bareland,Bareland,NULL
228,NULL,Water,Grassland,NULL,Non_Wetland,Bareland,Water,NULL
229,NULL,Water,Grassland,NULL,Non_Wetland,Bareland,Forest,NULL
230,NULL,Water,Wetland,NULL,Wetland,NULL,Wetland,NULL
231,NULL,Water,Wetland,NULL,Wetland,Grassland,Wetland,NULL
232,NULL,Water,Wetland,NULL,Wetland,Grassland,Water,NULL
233,NULL,Water,Wetland,NULL,Wetland,Wetland,Grassland,NULL
234,NULL,Water,Wetland,NULL,Wetland,Wetland,Wetland,NULL
235,NULL,Water,Wetland,NULL,Wetland,Wetland,Bareland,NULL
236,NULL,Water,Wetland,NULL,Wetland,Wetland,Water,NULL
237,NULL,Water,Wetland,NULL,Wetland,Wetland,Forest,NULL
238,NULL,Water,Wetland,NULL,Wetland,Bareland,Wetland,NULL
239,NULL,Water,Wetland,NULL,Wetland,Bareland,Water,NULL
240,NULL,Water,Wetland,NULL,Wetland,Bareland,Forest,NULL
241,NULL,Water,Wetland,NULL,Wetland,Built-up,Water,NULL
242,NULL,Water,Wetland,NULL,Wetland,Water,Wetland,NULL
243,NULL,Water,Wetland,NULL,Wetland,Water,Water,NULL
244,NULL,Water,Bareland,NULL,Non_Wetland,Wetland,Water,NULL
245,NULL,Water,Bareland,NULL,Non_Wetland,Bareland,Wetland,NULL
246,NULL,Water,Bareland,NULL,Non_Wetland,Bareland,Forest,NULL
247,NULL,Water,Built-up,NULL,Non_Wetland,Wetland,Wetland,NULL
248,NULL,Water,Built-up,NULL,Non_Wetland,Wetland,Bareland,NULL
249,NULL,Water,Built-up,NULL,Non_Wetland,Wetland,Water,NULL
250,NULL,Water,Built-up,NULL,Non_Wetland,Wetland,Forest,NULL
251,NULL,Water,Built-up,NULL,Non_Wetland,Bareland,Wetland,NULL
252,NULL,Water,Built-up,NULL,Non_Wetland,Bareland,Bareland,NULL
253,NULL,Water,Built-up,NULL,Non_Wetland,Bareland,Water,NULL
254,NULL,Water,Built-up,NULL,Non_Wetland,Water,Water,NULL
255,NULL,Water,Water,NULL,Water,Wetland,Water,NULL
256,NULL,Water,Water,NULL,Water,Bareland,Wetland,NULL
257,NULL,Water,Water,NULL,Water,Bareland,Water,NULL
258,NULL,Water,Water,NULL,Water,Built-up,Water,NULL
259,NULL,Water,Water,NULL,Water,Water,Water,NULL
260,NULL,Water,Forest,NULL,Non_Wetland,Wetland,Water,NULL
261,NULL,Water,Forest,NULL,Non_Wetland,Bareland,Water,NULL
262,NULL,Forest,NULL,NULL,Non_Wetland,Wetland,Wetland,NULL
263,NULL,Forest,NULL,NULL,Non_Wetland,Wetland,Forest,NULL
264,NULL,Forest,NULL,NULL,Non_Wetland,Bareland,Wetland,NULL
265,NULL,Forest,NULL,NULL,Non_Wetland,Bareland,Forest,NULL
266,NULL,Forest,Shrubland,NULL,Non_Wetland,Grassland,Wetland,NULL
267,NULL,Forest,Shrubland,NULL,Non_Wetland,Wetland,Wetland,NULL
268,NULL,Forest,Shrubland,NULL,Non_Wetland,Wetland,Bareland,NULL
269,NULL,Forest,Shrubland,NULL,Non_Wetland,Wetland,Water,NULL
270,NULL,Forest,Shrubland,NULL,Non_Wetland,Wetland,Forest,NULL
271,NULL,Forest,Shrubland,NULL,Non_Wetland,Bareland,Wetland,NULL
272,NULL,Forest,Shrubland,NULL,Non_Wetland,Bareland,Water,NULL
273,NULL,Forest,Shrubland,NULL,Non_Wetland,Bareland,Forest,NULL
274,NULL,Forest,Grassland,NULL,Non_Wetland,Grassland,Grassland,NULL
275,NULL,Forest,Grassland,NULL,Non_Wetland,Grassland,Wetland,NULL
276,NULL,Forest,Grassland,NULL,Non_Wetland,Grassland,Water,NULL
277,NULL,Forest,Grassland,NULL,Non_Wetland,Grassland,Forest,NULL
278,NULL,Forest,Grassland,NULL,Non_Wetland,Wetland,Grassland,NULL
279,NULL,Forest,Grassland,NULL,Non_Wetland,Wetland,Wetland,NULL
280,NULL,Forest,Grassland,NULL,Non_Wetland,Wetland,Bareland,NULL
281,NULL,Forest,Grassland,NULL,Non_Wetland,Wetland,Water,NULL
282,NULL,Forest,Grassland,NULL,Non_Wetland,Wetland,Forest,NULL
283,NULL,Forest,Grassland,NULL,Non_Wetland,Bareland,Wetland,NULL
284,NULL,Forest,Grassland,NULL,Non_Wetland,Bareland,Bareland,NULL
285,NULL,Forest,Grassland,NULL,Non_Wetland,Bareland,Water,NULL
286,NULL,Forest,Grassland,NULL,Non_Wetland,Bareland,Forest,NULL
287,NULL,Forest,Grassland,NULL,Non_Wetland,Forest,Forest,NULL
288,NULL,Forest,Wetland,NULL,Wetland,NULL,Grassland,NULL
289,NULL,Forest,Wetland,NULL,Wetland,NULL,Wetland,NULL
290,NULL,Forest,Wetland,NULL,Wetland,NULL,Forest,NULL
291,NULL,Forest,Wetland,NULL,Wetland,Grassland,Grassland,NULL
292,NULL,Forest,Wetland,NULL,Wetland,Grassland,Wetland,NULL
293,NULL,Forest,Wetland,NULL,Wetland,Grassland,Water,NULL
294,NULL,Forest,Wetland,NULL,Wetland,Grassland,Forest,NULL
295,NULL,Forest,Wetland,NULL,Wetland,Wetland,Grassland,NULL
296,NULL,Forest,Wetland,NULL,Wetland,Wetland,Wetland,NULL
297,NULL,Forest,Wetland,NULL,Wetland,Wetland,Bareland,NULL
298,NULL,Forest,Wetland,NULL,Wetland,Wetland,Water,NULL
299,NULL,Forest,Wetland,NULL,Wetland,Wetland,Forest,NULL
300,NULL,Forest,Wetland,NULL,Wetland,Bareland,Wetland,NULL
301,NULL,Forest,Wetland,NULL,Wetland,Bareland,Water,NULL
302,NULL,Forest,Wetland,NULL,Wetland,Bareland,Forest,NULL
303,NULL,Forest,Wetland,NULL,Wetland,Water,Water,NULL
304,NULL,Forest,Wetland,NULL,Wetland,Forest,Forest,NULL
305,NULL,Forest,Bareland,NULL,Non_Wetland,NULL,Wetland,NULL
306,NULL,Forest,Bareland,NULL,Non_Wetland,Wetland,Wetland,NULL
307,NULL,Forest,Bareland,NULL,Non_Wetland,Bareland,Wetland,NULL
308,NULL,Forest,Bareland,NULL,Non_Wetland,Bareland,Water,NULL
309,NULL,Forest,Built-up,NULL,Non_Wetland,Wetland,Wetland,NULL
310,NULL,Forest,Built-up,NULL,Non_Wetland,Bareland,Wetland,NULL
311,NULL,Forest,Forest,NULL,Non_Wetland,NULL,Wetland,NULL
312,NULL,Forest,Forest,NULL,Non_Wetland,NULL,Forest,NULL
313,NULL,Forest,Forest,NULL,Non_Wetland,Wetland,Wetland,NULL
314,NULL,Forest,Forest,NULL,Non_Wetland,Wetland,Water,NULL
315,NULL,Forest,Forest,NULL,Non_Wetland,Wetland,Forest,NULL
316,NULL,Forest,Forest,NULL,Non_Wetland,Bareland,Wetland,NULL
317,NULL,Forest,Forest,NULL,Non_Wetland,Bareland,Forest,NULL
318,NULL,Forest,Forest,NULL,Non_Wetland,Forest,Wetland,NULL
319,NULL,Forest,Forest,NULL,Non_Wetland,Forest,Forest,NULL
320,Grassland,NULL,NULL,NULL,Non_Wetland,Grassland,Grassland,NULL
321,Grassland,NULL,NULL,NULL,Non_Wetland,Grassland,Wetland,NULL
322,Grassland,NULL,NULL,NULL,Non_Wetland,Wetland,Grassland,NULL
323,Grassland,NULL,NULL,NULL,Non_Wetland,Wetland,Wetland,NULL
324,Grassland,NULL,NULL,NULL,Non_Wetland,Wetland,Bareland,NULL
325,Grassland,NULL,NULL,NULL,Non_Wetland,Wetland,Water,NULL
326,Grassland,NULL,NULL,NULL,Non_Wetland,Wetland,Forest,NULL
327,Grassland,NULL,NULL,NULL,Non_Wetland,Bareland,Wetland,NULL
328,Grassland,NULL,Shrubland,NULL,Non_Wetland,Grassland,Grassland,NULL
329,Grassland,NULL,Shrubland,NULL,Non_Wetland,Grassland,Wetland,NULL
330,Grassland,NULL,Shrubland,NULL,Non_Wetland,Wetland,Shrubland,NULL
331,Grassland,NULL,Shrubland,NULL,Non_Wetland,Wetland,Grassland,NULL
332,Grassland,NULL,Shrubland,NULL,Non_Wetland,Wetland,Wetland,NULL
333,Grassland,NULL,Shrubland,NULL,Non_Wetland,Wetland,Bareland,NULL
334,Grassland,NULL,Shrubland,NULL,Non_Wetland,Wetland,Water,NULL
335,Grassland,NULL,Shrubland,NULL,Non_Wetland,Wetland,Forest,NULL
336,Grassland,NULL,Shrubland,NULL,Non_Wetland,Bareland,Grassland,NULL
337,Grassland,NULL,Shrubland,NULL,Non_Wetland,Bareland,Wetland,NULL
338,Grassland,NULL,Grassland,NULL,Non_Wetland,NULL,Grassland,NULL
339,Grassland,NULL,Grassland,NULL,Non_Wetland,NULL,Wetland,NULL
340,Grassland,NULL,Grassland,NULL,Non_Wetland,Grassland,Shrubland,NULL
341,Grassland,NULL,Grassland,NULL,Non_Wetland,Grassland,Grassland,NULL
342,Grassland,NULL,Grassland,NULL,Non_Wetland,Grassland,Wetland,NULL
343,Grassland,NULL,Grassland,NULL,Non_Wetland,Grassland,Bareland,NULL
344,Grassland,NULL,Grassland,NULL,Non_Wetland,Grassland,Forest,NULL
345,Grassland,NULL,Grassland,NULL,Non_Wetland,Wetland,NULL,NULL
346,Grassland,NULL,Grassland,NULL,Non_Wetland,Wetland,Shrubland,NULL
347,Grassland,NULL,Grassland,NULL,Non_Wetland,Wetland,Grassland,NULL
348,Grassland,NULL,Grassland,NULL,Non_Wetland,Wetland,Wetland,NULL
349,Grassland,NULL,Grassland,NULL,Non_Wetland,Wetland,Bareland,NULL
350,Grassland,NULL,Grassland,NULL,Non_Wetland,Wetland,Water,NULL
351,Grassland,NULL,Grassland,NULL,Non_Wetland,Wetland,Forest,NULL
352,Grassland,NULL,Grassland,NULL,Non_Wetland,Bareland,NULL,NULL
353,Grassland,NULL,Grassland,NULL,Non_Wetland,Bareland,Shrubland,NULL
354,Grassland,NULL,Grassland,NULL,Non_Wetland,Bareland,Grassland,NULL
355,Grassland,NULL,Grassland,NULL,Non_Wetland,Bareland,Wetland,NULL
356,Grassland,NULL,Grassland,NULL,Non_Wetland,Bareland,Bareland,NULL
357,Grassland,NULL,Grassland,NULL,Non_Wetland,Bareland,Forest,NULL
358,Grassland,NULL,Wetland,NULL,NULL,Wetland,Grassland,NULL
359,Grassland,NULL,Wetland,NULL,NULL,Wetland,Wetland,NULL
360,Grassland,NULL,Wetland,NULL,Wetland,NULL,Grassland,NULL
361,Grassland,NULL,Wetland,NULL,Wetland,NULL,Wetland,NULL
362,Grassland,NULL,Wetland,NULL,Wetland,NULL,Forest,NULL
363,Grassland,NULL,Wetland,NULL,Wetland,Grassland,Grassland,NULL
364,Grassland,NULL,Wetland,NULL,Wetland,Grassland,Wetland,NULL
365,Grassland,NULL,Wetland,NULL,Wetland,Grassland,Bareland,NULL
366,Grassland,NULL,Wetland,NULL,Wetland,Grassland,Water,NULL
367,Grassland,NULL,Wetland,NULL,Wetland,Grassland,Forest,NULL
368,Grassland,NULL,Wetland,NULL,Wetland,Wetland,NULL,NULL
369,Grassland,NULL,Wetland,NULL,Wetland,Wetland,Shrubland,NULL
370,Grassland,NULL,Wetland,NULL,Wetland,Wetland,Grassland,NULL
371,Grassland,NULL,Wetland,NULL,Wetland,Wetland,Wetland,NULL
372,Grassland,NULL,Wetland,NULL,Wetland,Wetland,Bareland,NULL
373,Grassland,NULL,Wetland,NULL,Wetland,Wetland,Water,NULL
374,Grassland,NULL,Wetland,NULL,Wetland,Wetland,Forest,NULL
375,Grassland,NULL,Wetland,NULL,Wetland,Bareland,NULL,NULL
376,Grassland,NULL,Wetland,NULL,Wetland,Bareland,Grassland,NULL
377,Grassland,NULL,Wetland,NULL,Wetland,Bareland,Wetland,NULL
378,Grassland,NULL,Wetland,NULL,Wetland,Bareland,Bareland,NULL
379,Grassland,NULL,Wetland,NULL,Wetland,Bareland,Forest,NULL
380,Grassland,NULL,Wetland,NULL,Wetland,Built-up,Grassland,NULL
381,Grassland,NULL,Wetland,NULL,Wetland,Built-up,Water,NULL
382,Grassland,NULL,Wetland,NULL,Wetland,Water,Wetland,NULL
383,Grassland,NULL,Wetland,NULL,Wetland,Water,Water,NULL
384,Grassland,NULL,Wetland,NULL,Wetland,Forest,Wetland,NULL
385,Grassland,NULL,Wetland,NULL,Wetland,Forest,Forest,NULL
386,Grassland,NULL,Bareland,NULL,Non_Wetland,NULL,Grassland,NULL
387,Grassland,NULL,Bareland,NULL,Non_Wetland,NULL,Wetland,NULL
388,Grassland,NULL,Bareland,NULL,Non_Wetland,Grassland,Grassland,NULL
389,Grassland,NULL,Bareland,NULL,Non_Wetland,Grassland,Wetland,NULL
390,Grassland,NULL,Bareland,NULL,Non_Wetland,Wetland,Grassland,NULL
391,Grassland,NULL,Bareland,NULL,Non_Wetland,Wetland,Wetland,NULL
392,Grassland,NULL,Bareland,NULL,Non_Wetland,Bareland,Wetland,NULL
393,Grassland,NULL,Built-up,NULL,Non_Wetland,Grassland,Wetland,NULL
394,Grassland,NULL,Built-up,NULL,Non_Wetland,Wetland,Wetland,NULL
395,Grassland,NULL,Water,NULL,Water,Grassland,Wetland,NULL
396,Grassland,NULL,Water,NULL,Water,Wetland,Wetland,NULL
397,Grassland,NULL,Water,NULL,Water,Wetland,Water,NULL
398,Grassland,NULL,Forest,NULL,Non_Wetland,NULL,Wetland,NULL
399,Grassland,NULL,Forest,NULL,Non_Wetland,Grassland,Grassland,NULL
400,Grassland,NULL,Forest,NULL,Non_Wetland,Grassland,Wetland,NULL
401,Grassland,NULL,Forest,NULL,Non_Wetland,Grassland,Forest,NULL
402,Grassland,NULL,Forest,NULL,Non_Wetland,Wetland,Shrubland,NULL
403,Grassland,NULL,Forest,NULL,Non_Wetland,Wetland,Grassland,NULL
404,Grassland,NULL,Forest,NULL,Non_Wetland,Wetland,Wetland,NULL
405,Grassland,NULL,Forest,NULL,Non_Wetland,Wetland,Forest,NULL
406,Grassland,Cropland,NULL,NULL,Non_Wetland,Wetland,Wetland,NULL
407,Grassland,Cropland,Shrubland,NULL,Non_Wetland,Wetland,Grassland,NULL
408,Grassland,Cropland,Shrubland,NULL,Non_Wetland,Wetland,Wetland,NULL
409,Grassland,Cropland,Shrubland,NULL,Non_Wetland,Wetland,Water,NULL
410,Grassland,Cropland,Grassland,NULL,Non_Wetland,Wetland,Grassland,NULL
411,Grassland,Cropland,Grassland,NULL,Non_Wetland,Wetland,Wetland,NULL
412,Grassland,Cropland,Grassland,NULL,Non_Wetland,Wetland,Bareland,NULL
413,Grassland,Cropland,Grassland,NULL,Non_Wetland,Wetland,Water,NULL
414,Grassland,Cropland,Grassland,NULL,Non_Wetland,Wetland,Forest,NULL
415,Grassland,Cropland,Wetland,NULL,Wetland,Grassland,Grassland,NULL
416,Grassland,Cropland,Wetland,NULL,Wetland,Grassland,Wetland,NULL
417,Grassland,Cropland,Wetland,NULL,Wetland,Wetland,Grassland,NULL
418,Grassland,Cropland,Wetland,NULL,Wetland,Wetland,Wetland,NULL
419,Grassland,Cropland,Wetland,NULL,Wetland,Wetland,Bareland,NULL
420,Grassland,Cropland,Wetland,NULL,Wetland,Wetland,Water,NULL
421,Grassland,Cropland,Wetland,NULL,Wetland,Wetland,Forest,NULL
422,Grassland,Cropland,Wetland,NULL,Wetland,Bareland,Wetland,NULL
423,Grassland,Wetland,Grassland,NULL,Non_Wetland,Wetland,Wetland,NULL
424,Grassland,Wetland,Wetland,NULL,Wetland,Grassland,Grassland,NULL
425,Grassland,Wetland,Wetland,NULL,Wetland,Grassland,Wetland,NULL
426,Grassland,Wetland,Wetland,NULL,Wetland,Grassland,Forest,NULL
427,Grassland,Wetland,Wetland,NULL,Wetland,Wetland,Wetland,NULL
428,Grassland,Wetland,Wetland,NULL,Wetland,Wetland,Water,NULL
429,Grassland,Wetland,Wetland,NULL,Wetland,Wetland,Forest,NULL
430,Grassland,Wetland,Wetland,NULL,Wetland,Forest,Forest,NULL
431,Grassland,Bareland,Wetland,NULL,Wetland,Wetland,Wetland,NULL
432,Grassland,Bareland,Wetland,NULL,Wetland,Wetland,Water,NULL
433,Grassland,Built-up,Shrubland,NULL,Non_Wetland,Wetland,Bareland,NULL
434,Grassland,Built-up,Shrubland,NULL,Non_Wetland,Bareland,Bareland,NULL
435,Grassland,Built-up,Shrubland,NULL,Non_Wetland,Bareland,Water,NULL
436,Grassland,Built-up,Wetland,NULL,Wetland,Built-up,Grassland,NULL
437,Grassland,Built-up,Wetland,NULL,Wetland,Built-up,Water,NULL
438,Grassland,Water,Grassland,NULL,Non_Wetland,Wetland,Wetland,NULL
439,Grassland,Water,Wetland,NULL,Wetland,Grassland,Grassland,NULL
440,Grassland,Water,Wetland,NULL,Wetland,Wetland,Grassland,NULL
441,Grassland,Water,Wetland,NULL,Wetland,Wetland,Wetland,NULL
442,Grassland,Water,Wetland,NULL,Wetland,Wetland,Water,NULL
443,Grassland,Water,Wetland,NULL,Wetland,Wetland,Forest,NULL
444,Grassland,Water,Wetland,NULL,Wetland,Forest,Forest,NULL
445,Grassland,Forest,NULL,NULL,Non_Wetland,Wetland,Wetland,NULL
446,Grassland,Forest,NULL,NULL,Non_Wetland,Wetland,Forest,NULL
447,Grassland,Forest,Shrubland,NULL,Non_Wetland,Grassland,Wetland,NULL
448,Grassland,Forest,Shrubland,NULL,Non_Wetland,Wetland,Wetland,NULL
449,Grassland,Forest,Grassland,NULL,Non_Wetland,Grassland,Wetland,NULL
450,Grassland,Forest,Grassland,NULL,Non_Wetland,Grassland,Forest,NULL
451,Grassland,Forest,Grassland,NULL,Non_Wetland,Wetland,NULL,NULL
452,Grassland,Forest,Grassland,NULL,Non_Wetland,Wetland,Grassland,NULL
453,Grassland,Forest,Grassland,NULL,Non_Wetland,Wetland,Wetland,NULL
454,Grassland,Forest,Grassland,NULL,Non_Wetland,Wetland,Bareland,NULL
455,Grassland,Forest,Grassland,NULL,Non_Wetland,Wetland,Forest,NULL
456,Grassland,Forest,Grassland,NULL,Non_Wetland,Bareland,Wetland,NULL
457,Grassland,Forest,Grassland,NULL,Non_Wetland,Bareland,Forest,NULL
458,Grassland,Forest,Wetland,NULL,Wetland,NULL,Wetland,NULL
459,Grassland,Forest,Wetland,NULL,Wetland,NULL,Water,NULL
460,Grassland,Forest,Wetland,NULL,Wetland,Grassland,Grassland,NULL
461,Grassland,Forest,Wetland,NULL,Wetland,Grassland,Wetland,NULL
462,Grassland,Forest,Wetland,NULL,Wetland,Grassland,Water,NULL
463,Grassland,Forest,Wetland,NULL,Wetland,Grassland,Forest,NULL
464,Grassland,Forest,Wetland,NULL,Wetland,Wetland,Shrubland,NULL
465,Grassland,Forest,Wetland,NULL,Wetland,Wetland,Grassland,NULL
466,Grassland,Forest,Wetland,NULL,Wetland,Wetland,Wetland,NULL
467,Grassland,Forest,Wetland,NULL,Wetland,Wetland,Water,NULL
468,Grassland,Forest,Wetland,NULL,Wetland,Wetland,Forest,NULL
469,Grassland,Forest,Wetland,NULL,Wetland,Bareland,Grassland,NULL
470,Grassland,Forest,Wetland,NULL,Wetland,Bareland,Wetland,NULL
471,Grassland,Forest,Wetland,NULL,Wetland,Bareland,Forest,NULL
472,Grassland,Forest,Wetland,NULL,Wetland,Forest,Forest,NULL
473,Grassland,Forest,Water,NULL,Water,NULL,Water,NULL
474,Grassland,Forest,Forest,NULL,Non_Wetland,Wetland,Wetland,NULL
475,Grassland,Forest,Forest,NULL,Non_Wetland,Wetland,Forest,NULL
476,Grassland,Forest,Forest,NULL,Non_Wetland,Forest,Forest,NULL
477,Cropland,NULL,NULL,NULL,Non_Wetland,Wetland,Wetland,NULL
478,Cropland,NULL,Shrubland,NULL,Non_Wetland,Grassland,Wetland,NULL
479,Cropland,NULL,Shrubland,NULL,Non_Wetland,Wetland,Grassland,NULL
480,Cropland,NULL,Shrubland,NULL,Non_Wetland,Wetland,Wetland,NULL
481,Cropland,NULL,Shrubland,NULL,Non_Wetland,Wetland,Water,NULL
482,Cropland,NULL,Shrubland,NULL,Non_Wetland,Bareland,Wetland,NULL
483,Cropland,NULL,Shrubland,NULL,Non_Wetland,Bareland,Bareland,NULL
484,Cropland,NULL,Grassland,NULL,Non_Wetland,Grassland,Grassland,NULL
485,Cropland,NULL,Grassland,NULL,Non_Wetland,Grassland,Wetland,NULL
486,Cropland,NULL,Grassland,NULL,Non_Wetland,Wetland,Shrubland,NULL
487,Cropland,NULL,Grassland,NULL,Non_Wetland,Wetland,Grassland,NULL
488,Cropland,NULL,Grassland,NULL,Non_Wetland,Wetland,Wetland,NULL
489,Cropland,NULL,Grassland,NULL,Non_Wetland,Wetland,Forest,NULL
490,Cropland,NULL,Grassland,NULL,Non_Wetland,Bareland,Wetland,NULL
491,Cropland,NULL,Grassland,NULL,Non_Wetland,Bareland,Bareland,NULL
492,Cropland,NULL,Wetland,NULL,NULL,Wetland,Wetland,NULL
493,Cropland,NULL,Wetland,NULL,NULL,Wetland,Water,NULL
494,Cropland,NULL,Wetland,NULL,Wetland,Grassland,Shrubland,NULL
495,Cropland,NULL,Wetland,NULL,Wetland,Grassland,Grassland,NULL
496,Cropland,NULL,Wetland,NULL,Wetland,Grassland,Wetland,NULL
497,Cropland,NULL,Wetland,NULL,Wetland,Grassland,Bareland,NULL
498,Cropland,NULL,Wetland,NULL,Wetland,Grassland,Forest,NULL
499,Cropland,NULL,Wetland,NULL,Wetland,Wetland,Shrubland,NULL
500,Cropland,NULL,Wetland,NULL,Wetland,Wetland,Grassland,NULL
501,Cropland,NULL,Wetland,NULL,Wetland,Wetland,Wetland,NULL
502,Cropland,NULL,Wetland,NULL,Wetland,Wetland,Water,NULL
503,Cropland,NULL,Wetland,NULL,Wetland,Wetland,Forest,NULL
504,Cropland,NULL,Wetland,NULL,Wetland,Bareland,Wetland,NULL
505,Cropland,NULL,Wetland,NULL,Wetland,Bareland,Water,NULL
506,Cropland,NULL,Bareland,NULL,Non_Wetland,Wetland,Wetland,NULL
507,Cropland,NULL,Forest,NULL,Non_Wetland,Grassland,Wetland,NULL
508,Cropland,NULL,Forest,NULL,Non_Wetland,Wetland,Wetland,NULL
509,Cropland,Cropland,Shrubland,NULL,Non_Wetland,Wetland,Grassland,NULL
510,Cropland,Cropland,Grassland,NULL,Non_Wetland,Wetland,Grassland,NULL
511,Cropland,Cropland,Grassland,NULL,Non_Wetland,Wetland,Bareland,NULL
512,Cropland,Cropland,Wetland,NULL,Wetland,Grassland,Grassland,NULL
513,Cropland,Cropland,Wetland,NULL,Wetland,Grassland,Wetland,NULL
514,Cropland,Cropland,Wetland,NULL,Wetland,Wetland,Grassland,NULL
515,Cropland,Cropland,Wetland,NULL,Wetland,Wetland,Wetland,NULL
516,Cropland,Cropland,Wetland,NULL,Wetland,Wetland,Forest,NULL
517,Cropland,Built-up,Shrubland,NULL,Non_Wetland,Wetland,Bareland,NULL
518,Cropland,Built-up,Shrubland,NULL,Non_Wetland,Wetland,Water,NULL
519,Cropland,Built-up,Shrubland,NULL,Non_Wetland,Bareland,Forest,NULL
520,Cropland,Built-up,Grassland,NULL,Non_Wetland,Bareland,Forest,NULL
521,Cropland,Water,Grassland,NULL,Non_Wetland,Bareland,Wetland,NULL
522,Cropland,Water,Grassland,NULL,Non_Wetland,Bareland,Forest,NULL
523,Cropland,Water,Wetland,NULL,NULL,Wetland,Wetland,NULL
524,Cropland,Forest,Grassland,NULL,Non_Wetland,Grassland,Wetland,NULL
525,Cropland,Forest,Grassland,NULL,Non_Wetland,Wetland,Wetland,NULL
526,Cropland,Forest,Grassland,NULL,Non_Wetland,Wetland,Forest,NULL
527,Cropland,Forest,Grassland,NULL,Non_Wetland,Bareland,Wetland,NULL
528,Cropland,Forest,Grassland,NULL,Non_Wetland,Bareland,Water,NULL
529,Cropland,Forest,Grassland,NULL,Non_Wetland,Bareland,Forest,NULL
530,Cropland,Forest,Wetland,NULL,Wetland,NULL,Wetland,NULL
531,Cropland,Forest,Wetland,NULL,Wetland,Wetland,Wetland,NULL
532,Cropland,Forest,Wetland,NULL,Wetland,Wetland,Water,NULL
533,Cropland,Forest,Wetland,NULL,Wetland,Bareland,Water,NULL
534,Cropland,Forest,Forest,NULL,Non_Wetland,Wetland,Wetland,NULL
535,Cropland,Forest,Forest,NULL,Non_Wetland,Wetland,Forest,NULL
536,Cropland,Forest,Forest,NULL,Non_Wetland,Forest,Forest,NULL
537,Wetland,NULL,NULL,NULL,Non_Wetland,Wetland,Bareland,NULL
538,Wetland,NULL,Shrubland,NULL,Non_Wetland,Wetland,Shrubland,NULL
539,Wetland,NULL,Shrubland,NULL,Non_Wetland,Wetland,Wetland,NULL
540,Wetland,NULL,Shrubland,NULL,Non_Wetland,Wetland,Water,NULL
541,Wetland,NULL,Shrubland,NULL,Non_Wetland,Bareland,Water,NULL
542,Wetland,NULL,Grassland,NULL,Non_Wetland,Wetland,Grassland,NULL
543,Wetland,NULL,Grassland,NULL,Non_Wetland,Wetland,Wetland,NULL
544,Wetland,NULL,Grassland,NULL,Non_Wetland,Wetland,Water,NULL
545,Wetland,NULL,Wetland,NULL,NULL,Wetland,Shrubland,NULL
546,Wetland,NULL,Wetland,NULL,NULL,Wetland,Wetland,NULL
547,Wetland,NULL,Wetland,NULL,NULL,Wetland,Water,NULL
548,Wetland,NULL,Wetland,NULL,NULL,Bareland,Wetland,NULL
549,Wetland,NULL,Wetland,NULL,NULL,Water,Water,NULL
550,Wetland,NULL,Wetland,NULL,Wetland,NULL,Wetland,NULL
551,Wetland,NULL,Wetland,NULL,Wetland,NULL,Water,NULL
552,Wetland,NULL,Wetland,NULL,Wetland,Grassland,Wetland,NULL
553,Wetland,NULL,Wetland,NULL,Wetland,Grassland,Water,NULL
554,Wetland,NULL,Wetland,NULL,Wetland,Wetland,Shrubland,NULL
555,Wetland,NULL,Wetland,NULL,Wetland,Wetland,Grassland,NULL
556,Wetland,NULL,Wetland,NULL,Wetland,Wetland,Wetland,NULL
557,Wetland,NULL,Wetland,NULL,Wetland,Wetland,Water,NULL
558,Wetland,NULL,Wetland,NULL,Wetland,Wetland,Forest,NULL
559,Wetland,NULL,Wetland,NULL,Wetland,Bareland,Wetland,NULL
560,Wetland,NULL,Wetland,NULL,Wetland,Bareland,Water,NULL
561,Wetland,NULL,Wetland,NULL,Wetland,Water,Wetland,NULL
562,Wetland,NULL,Wetland,NULL,Wetland,Water,Water,NULL
563,Wetland,NULL,Wetland,NULL,Wetland,Forest,Wetland,NULL
564,Wetland,NULL,Wetland,NULL,Wetland,Forest,Water,NULL
565,Wetland,NULL,Bareland,NULL,Non_Wetland,Wetland,Water,NULL
566,Wetland,NULL,Built-up,NULL,Non_Wetland,Wetland,Wetland,NULL
567,Wetland,NULL,Water,NULL,NULL,Water,Water,NULL
568,Wetland,NULL,Water,NULL,Water,NULL,Water,NULL
569,Wetland,NULL,Water,NULL,Water,Wetland,Wetland,NULL
570,Wetland,NULL,Water,NULL,Water,Wetland,Water,NULL
571,Wetland,NULL,Water,NULL,Water,Water,Water,NULL
572,Wetland,NULL,Forest,NULL,Non_Wetland,NULL,Wetland,NULL
573,Wetland,NULL,Forest,NULL,Non_Wetland,Wetland,Wetland,NULL
574,Wetland,Cropland,Wetland,NULL,Wetland,Wetland,Wetland,NULL
575,Wetland,Cropland,Wetland,NULL,Wetland,Wetland,Water,NULL
576,Wetland,Wetland,Wetland,NULL,Wetland,NULL,Water,NULL
577,Wetland,Wetland,Wetland,NULL,Wetland,Grassland,Wetland,NULL
578,Wetland,Wetland,Wetland,NULL,Wetland,Wetland,Wetland,NULL
579,Wetland,Wetland,Wetland,NULL,Wetland,Wetland,Water,NULL
580,Wetland,Wetland,Wetland,NULL,Wetland,Wetland,Forest,NULL
581,Wetland,Wetland,Wetland,NULL,Wetland,Water,Wetland,NULL
582,Wetland,Wetland,Wetland,NULL,Wetland,Water,Water,NULL
583,Wetland,Wetland,Water,NULL,NULL,Water,Water,NULL
584,Wetland,Wetland,Water,NULL,Water,Wetland,Wetland,NULL
585,Wetland,Wetland,Water,NULL,Water,Wetland,Water,NULL
586,Wetland,Built-up,Wetland,NULL,Wetland,Wetland,Wetland,NULL
587,Wetland,Built-up,Wetland,NULL,Wetland,Wetland,Water,NULL
588,Wetland,Built-up,Wetland,NULL,Wetland,Built-up,Wetland,NULL
589,Wetland,Water,Shrubland,NULL,Non_Wetland,Wetland,Wetland,NULL
590,Wetland,Water,Wetland,NULL,NULL,Wetland,Water,NULL
591,Wetland,Water,Wetland,NULL,NULL,Water,Water,NULL
592,Wetland,Water,Wetland,NULL,Wetland,NULL,Wetland,NULL
593,Wetland,Water,Wetland,NULL,Wetland,NULL,Water,NULL
594,Wetland,Water,Wetland,NULL,Wetland,Grassland,Water,NULL
595,Wetland,Water,Wetland,NULL,Wetland,Wetland,Wetland,NULL
596,Wetland,Water,Wetland,NULL,Wetland,Wetland,Water,NULL
597,Wetland,Water,Wetland,NULL,Wetland,Bareland,Water,NULL
598,Wetland,Water,Wetland,NULL,Wetland,Water,Wetland,NULL
599,Wetland,Water,Wetland,NULL,Wetland,Water,Water,NULL
600,Wetland,Water,Wetland,NULL,Wetland,Forest,Water,NULL
601,Wetland,Water,Water,NULL,NULL,Water,Water,NULL
602,Wetland,Water,Water,NULL,Water,NULL,Water,NULL
603,Wetland,Water,Water,NULL,Water,Grassland,Water,NULL
604,Wetland,Water,Water,NULL,Water,Wetland,Water,NULL
605,Wetland,Water,Water,NULL,Water,Water,Water,NULL
606,Wetland,Water,Water,NULL,Water,Forest,Water,NULL
607,Wetland,Forest,Wetland,NULL,NULL,Wetland,Water,NULL
608,Wetland,Forest,Wetland,NULL,Wetland,NULL,Wetland,NULL
609,Wetland,Forest,Wetland,NULL,Wetland,NULL,Water,NULL
610,Wetland,Forest,Wetland,NULL,Wetland,Grassland,Wetland,NULL
611,Wetland,Forest,Wetland,NULL,Wetland,Grassland,Water,NULL
612,Wetland,Forest,Wetland,NULL,Wetland,Wetland,Grassland,NULL
613,Wetland,Forest,Wetland,NULL,Wetland,Wetland,Wetland,NULL
614,Wetland,Forest,Wetland,NULL,Wetland,Wetland,Water,NULL
615,Wetland,Forest,Wetland,NULL,Wetland,Wetland,Forest,NULL
616,Wetland,Forest,Wetland,NULL,Wetland,Water,Water,NULL
617,Wetland,Forest,Wetland,NULL,Wetland,Forest,Water,NULL
618,Wetland,Forest,Bareland,NULL,Non_Wetland,Wetland,Wetland,NULL
619,Wetland,Forest,Water,NULL,NULL,Wetland,Water,NULL
620,Wetland,Forest,Water,NULL,NULL,Water,Water,NULL
621,Wetland,Forest,Water,NULL,Water,NULL,Water,NULL
622,Wetland,Forest,Water,NULL,Water,Grassland,Water,NULL
623,Wetland,Forest,Water,NULL,Water,Wetland,Water,NULL
624,Wetland,Forest,Water,NULL,Water,Water,Water,NULL
625,Bareland,NULL,Shrubland,NULL,Non_Wetland,Grassland,Wetland,NULL
626,Bareland,NULL,Shrubland,NULL,Non_Wetland,Bareland,Wetland,NULL
627,Bareland,NULL,Grassland,NULL,Non_Wetland,Bareland,Wetland,NULL
628,Bareland,NULL,Wetland,NULL,Wetland,Wetland,Wetland,NULL
629,Bareland,NULL,Wetland,NULL,Wetland,Wetland,Water,NULL
630,Bareland,NULL,Wetland,NULL,Wetland,Water,Wetland,NULL
631,Bareland,NULL,Built-up,NULL,Non_Wetland,Bareland,Wetland,NULL
632,Bareland,NULL,Water,NULL,Water,Wetland,Wetland,NULL
633,Bareland,Wetland,Wetland,NULL,Wetland,Wetland,Water,NULL
634,Bareland,Bareland,Wetland,NULL,Wetland,Wetland,Wetland,NULL
635,Bareland,Bareland,Wetland,NULL,Wetland,Wetland,Water,NULL
636,Bareland,Bareland,Wetland,NULL,Wetland,Water,Water,NULL
637,Bareland,Bareland,Built-up,NULL,Non_Wetland,Bareland,Wetland,NULL
638,Bareland,Water,NULL,NULL,Non_Wetland,Bareland,Wetland,NULL
639,Bareland,Water,NULL,NULL,Non_Wetland,Bareland,Water,NULL
640,Bareland,Water,Shrubland,NULL,Non_Wetland,Wetland,Water,NULL
641,Bareland,Water,Shrubland,NULL,Non_Wetland,Bareland,Wetland,NULL
642,Bareland,Water,Shrubland,NULL,Non_Wetland,Bareland,Water,NULL
643,Bareland,Water,Shrubland,NULL,Non_Wetland,Bareland,Forest,NULL
644,Bareland,Water,Grassland,NULL,Non_Wetland,Grassland,Wetland,NULL
645,Bareland,Water,Grassland,NULL,Non_Wetland,Grassland,Forest,NULL
646,Bareland,Water,Grassland,NULL,Non_Wetland,Bareland,Wetland,NULL
647,Bareland,Water,Grassland,NULL,Non_Wetland,Bareland,Bareland,NULL
648,Bareland,Water,Grassland,NULL,Non_Wetland,Bareland,Water,NULL
649,Bareland,Water,Grassland,NULL,Non_Wetland,Bareland,Forest,NULL
650,Bareland,Water,Wetland,NULL,NULL,Wetland,Water,NULL
651,Bareland,Water,Wetland,NULL,Wetland,NULL,Wetland,NULL
652,Bareland,Water,Wetland,NULL,Wetland,Wetland,Wetland,NULL
653,Bareland,Water,Wetland,NULL,Wetland,Wetland,Water,NULL
654,Bareland,Water,Wetland,NULL,Wetland,Bareland,Wetland,NULL
655,Bareland,Water,Wetland,NULL,Wetland,Bareland,Water,NULL
656,Bareland,Water,Wetland,NULL,Wetland,Water,Water,NULL
657,Bareland,Water,Wetland,NULL,Wetland,Forest,Water,NULL
658,Bareland,Water,Bareland,NULL,Non_Wetland,Bareland,Water,NULL
659,Bareland,Water,Built-up,NULL,Non_Wetland,Bareland,Wetland,NULL
660,Bareland,Water,Built-up,NULL,Non_Wetland,Bareland,Water,NULL
661,Bareland,Water,Built-up,NULL,Non_Wetland,Bareland,Forest,NULL
662,Bareland,Water,Water,NULL,Water,Wetland,Water,NULL
663,Bareland,Water,Water,NULL,Water,Water,Water,NULL
664,Bareland,Water,Forest,NULL,Non_Wetland,Bareland,Water,NULL
665,Bareland,Forest,Grassland,NULL,Non_Wetland,Bareland,Water,NULL
666,Bareland,Forest,Wetland,NULL,Wetland,NULL,Wetland,NULL
667,Water,NULL,NULL,NULL,Non_Wetland,Wetland,Wetland,NULL
668,Water,NULL,NULL,NULL,Non_Wetland,Wetland,Water,NULL
669,Water,NULL,NULL,NULL,Non_Wetland,Wetland,Forest,NULL
670,Water,NULL,Shrubland,NULL,Non_Wetland,Wetland,Grassland,NULL
671,Water,NULL,Shrubland,NULL,Non_Wetland,Wetland,Wetland,NULL
672,Water,NULL,Shrubland,NULL,Non_Wetland,Wetland,Water,NULL
673,Water,NULL,Shrubland,NULL,Non_Wetland,Bareland,Wetland,NULL
674,Water,NULL,Shrubland,NULL,Non_Wetland,Water,Water,NULL
675,Water,NULL,Grassland,NULL,Non_Wetland,Wetland,Grassland,NULL
676,Water,NULL,Grassland,NULL,Non_Wetland,Wetland,Wetland,NULL
677,Water,NULL,Grassland,NULL,Non_Wetland,Wetland,Bareland,NULL
678,Water,NULL,Grassland,NULL,Non_Wetland,Wetland,Water,NULL
679,Water,NULL,Grassland,NULL,Non_Wetland,Bareland,Wetland,NULL
680,Water,NULL,Grassland,NULL,Non_Wetland,Bareland,Bareland,NULL
681,Water,NULL,Grassland,NULL,Non_Wetland,Bareland,Water,NULL
682,Water,NULL,Wetland,NULL,NULL,Wetland,Wetland,NULL
683,Water,NULL,Wetland,NULL,NULL,Bareland,Water,NULL
684,Water,NULL,Wetland,NULL,NULL,Water,Water,NULL
685,Water,NULL,Wetland,NULL,Wetland,NULL,Wetland,NULL
686,Water,NULL,Wetland,NULL,Wetland,Wetland,Grassland,NULL
687,Water,NULL,Wetland,NULL,Wetland,Wetland,Wetland,NULL
688,Water,NULL,Wetland,NULL,Wetland,Wetland,Water,NULL
689,Water,NULL,Wetland,NULL,Wetland,Wetland,Forest,NULL
690,Water,NULL,Wetland,NULL,Wetland,Bareland,Wetland,NULL
691,Water,NULL,Wetland,NULL,Wetland,Bareland,Water,NULL
692,Water,NULL,Wetland,NULL,Wetland,Bareland,Forest,NULL
693,Water,NULL,Wetland,NULL,Wetland,Water,Wetland,NULL
694,Water,NULL,Wetland,NULL,Wetland,Water,Water,NULL
695,Water,NULL,Built-up,NULL,Non_Wetland,Bareland,Wetland,NULL
696,Water,NULL,Built-up,NULL,Non_Wetland,Bareland,Water,NULL
697,Water,NULL,Water,NULL,NULL,Water,Water,NULL
698,Water,NULL,Water,NULL,Water,NULL,Water,NULL
699,Water,NULL,Water,NULL,Water,Wetland,Wetland,NULL
700,Water,NULL,Water,NULL,Water,Wetland,Water,NULL
701,Water,NULL,Water,NULL,Water,Water,Water,NULL
702,Water,Cropland,Wetland,NULL,Wetland,Wetland,Wetland,NULL
703,Water,Cropland,Wetland,NULL,Wetland,Wetland,Water,NULL
704,Water,Cropland,Water,NULL,Water,Water,Water,NULL
705,Water,Wetland,Wetland,NULL,Wetland,NULL,Wetland,NULL
706,Water,Wetland,Wetland,NULL,Wetland,Wetland,Wetland,NULL
707,Water,Wetland,Wetland,NULL,Wetland,Wetland,Water,NULL
708,Water,Wetland,Wetland,NULL,Wetland,Wetland,Forest,NULL
709,Water,Wetland,Wetland,NULL,Wetland,Water,Water,NULL
710,Water,Wetland,Wetland,NULL,Wetland,Water,Forest,NULL
711,Water,Wetland,Wetland,NULL,Wetland,Forest,Forest,NULL
712,Water,Wetland,Bareland,NULL,Non_Wetland,Water,Water,NULL
713,Water,Wetland,Water,NULL,Water,Wetland,Water,NULL
714,Water,Bareland,Wetland,NULL,NULL,Water,Water,NULL
715,Water,Bareland,Wetland,NULL,Wetland,Wetland,Water,NULL
716,Water,Bareland,Wetland,NULL,Wetland,Water,Water,NULL
717,Water,Bareland,Water,NULL,NULL,Water,Water,NULL
718,Water,Bareland,Water,NULL,Water,Wetland,Water,NULL
719,Water,Bareland,Water,NULL,Water,Water,Water,NULL
720,Water,Built-up,Shrubland,NULL,Non_Wetland,Wetland,Forest,NULL
721,Water,Built-up,Shrubland,NULL,Non_Wetland,Bareland,Water,NULL
722,Water,Built-up,Wetland,NULL,Wetland,Wetland,Water,NULL
723,Water,Built-up,Wetland,NULL,Wetland,Bareland,Water,NULL
724,Water,Built-up,Wetland,NULL,Wetland,Built-up,Water,NULL
725,Water,Built-up,Wetland,NULL,Wetland,Water,Built-up,NULL
726,Water,Built-up,Wetland,NULL,Wetland,Water,Water,NULL
727,Water,Built-up,Built-up,NULL,Non_Wetland,Bareland,Bareland,NULL
728,Water,Built-up,Built-up,NULL,Non_Wetland,Built-up,Water,NULL
729,Water,Built-up,Built-up,NULL,Non_Wetland,Water,Built-up,NULL
730,Water,Built-up,Water,NULL,Water,Wetland,Water,NULL
731,Water,Built-up,Water,NULL,Water,Bareland,Water,NULL
732,Water,Built-up,Water,NULL,Water,Built-up,Water,NULL
733,Water,Built-up,Water,NULL,Water,Water,Water,NULL
734,Water,Water,NULL,NULL,Non_Wetland,NULL,Wetland,NULL
735,Water,Water,NULL,NULL,Non_Wetland,NULL,Water,NULL
736,Water,Water,NULL,NULL,Non_Wetland,NULL,Forest,NULL
737,Water,Water,NULL,NULL,Non_Wetland,Wetland,Wetland,NULL
738,Water,Water,NULL,NULL,Non_Wetland,Wetland,Water,NULL
739,Water,Water,NULL,NULL,Non_Wetland,Wetland,Forest,NULL
740,Water,Water,NULL,NULL,Non_Wetland,Bareland,Wetland,NULL
741,Water,Water,NULL,NULL,Non_Wetland,Bareland,Water,NULL
742,Water,Water,NULL,NULL,Non_Wetland,Water,Wetland,NULL
743,Water,Water,NULL,NULL,Non_Wetland,Water,Water,NULL
744,Water,Water,NULL,NULL,Non_Wetland,Water,Forest,NULL
745,Water,Water,NULL,NULL,Non_Wetland,Forest,Wetland,NULL
746,Water,Water,NULL,NULL,Non_Wetland,Forest,Water,NULL
747,Water,Water,NULL,NULL,Non_Wetland,Forest,Forest,NULL
748,Water,Water,Shrubland,NULL,Non_Wetland,NULL,Wetland,NULL
749,Water,Water,Shrubland,NULL,Non_Wetland,NULL,Water,NULL
750,Water,Water,Shrubland,NULL,Non_Wetland,NULL,Forest,NULL
751,Water,Water,Shrubland,NULL,Non_Wetland,Wetland,Wetland,NULL
752,Water,Water,Shrubland,NULL,Non_Wetland,Wetland,Water,NULL
753,Water,Water,Shrubland,NULL,Non_Wetland,Wetland,Forest,NULL
754,Water,Water,Shrubland,NULL,Non_Wetland,Bareland,Grassland,NULL
755,Water,Water,Shrubland,NULL,Non_Wetland,Bareland,Wetland,NULL
756,Water,Water,Shrubland,NULL,Non_Wetland,Bareland,Bareland,NULL
757,Water,Water,Shrubland,NULL,Non_Wetland,Bareland,Water,NULL
758,Water,Water,Shrubland,NULL,Non_Wetland,Bareland,Forest,NULL
759,Water,Water,Shrubland,NULL,Non_Wetland,Water,Wetland,NULL
760,Water,Water,Shrubland,NULL,Non_Wetland,Water,Bareland,NULL
761,Water,Water,Shrubland,NULL,Non_Wetland,Water,Water,NULL
762,Water,Water,Shrubland,NULL,Non_Wetland,Water,Forest,NULL
763,Water,Water,Shrubland,NULL,Non_Wetland,Forest,Wetland,NULL
764,Water,Water,Shrubland,NULL,Non_Wetland,Forest,Water,NULL
765,Water,Water,Shrubland,NULL,Non_Wetland,Forest,Forest,NULL
766,Water,Water,Grassland,NULL,Non_Wetland,NULL,Wetland,NULL
767,Water,Water,Grassland,NULL,Non_Wetland,NULL,Water,NULL
768,Water,Water,Grassland,NULL,Non_Wetland,NULL,Forest,NULL
769,Water,Water,Grassland,NULL,Non_Wetland,Grassland,Water,NULL
770,Water,Water,Grassland,NULL,Non_Wetland,Grassland,Forest,NULL
771,Water,Water,Grassland,NULL,Non_Wetland,Wetland,Wetland,NULL
772,Water,Water,Grassland,NULL,Non_Wetland,Wetland,Bareland,NULL
773,Water,Water,Grassland,NULL,Non_Wetland,Wetland,Water,NULL
774,Water,Water,Grassland,NULL,Non_Wetland,Wetland,Forest,NULL
775,Water,Water,Grassland,NULL,Non_Wetland,Bareland,Grassland,NULL
776,Water,Water,Grassland,NULL,Non_Wetland,Bareland,Wetland,NULL
777,Water,Water,Grassland,NULL,Non_Wetland,Bareland,Bareland,NULL
778,Water,Water,Grassland,NULL,Non_Wetland,Bareland,Water,NULL
779,Water,Water,Grassland,NULL,Non_Wetland,Bareland,Forest,NULL
780,Water,Water,Grassland,NULL,Non_Wetland,Water,Wetland,NULL
781,Water,Water,Grassland,NULL,Non_Wetland,Water,Water,NULL
782,Water,Water,Grassland,NULL,Non_Wetland,Water,Forest,NULL
783,Water,Water,Grassland,NULL,Non_Wetland,Forest,Water,NULL
784,Water,Water,Wetland,NULL,NULL,NULL,Wetland,NULL
785,Water,Water,Wetland,NULL,NULL,NULL,Water,NULL
786,Water,Water,Wetland,NULL,NULL,Grassland,Water,NULL
787,Water,Water,Wetland,NULL,NULL,Wetland,Wetland,NULL
788,Water,Water,Wetland,NULL,NULL,Wetland,Water,NULL
789,Water,Water,Wetland,NULL,NULL,Wetland,Forest,NULL
790,Water,Water,Wetland,NULL,NULL,Bareland,Wetland,NULL
791,Water,Water,Wetland,NULL,NULL,Bareland,Water,NULL
792,Water,Water,Wetland,NULL,NULL,Bareland,Forest,NULL
793,Water,Water,Wetland,NULL,NULL,Water,Wetland,NULL
794,Water,Water,Wetland,NULL,NULL,Water,Water,NULL
795,Water,Water,Wetland,NULL,NULL,Water,Forest,NULL
796,Water,Water,Wetland,NULL,NULL,Forest,Wetland,NULL
797,Water,Water,Wetland,NULL,NULL,Forest,Water,NULL
798,Water,Water,Wetland,NULL,NULL,Forest,Forest,NULL
799,Water,Water,Wetland,NULL,Wetland,NULL,Grassland,NULL
800,Water,Water,Wetland,NULL,Wetland,NULL,Wetland,NULL
801,Water,Water,Wetland,NULL,Wetland,NULL,Water,NULL
802,Water,Water,Wetland,NULL,Wetland,NULL,Forest,NULL
803,Water,Water,Wetland,NULL,Wetland,Grassland,Grassland,NULL
804,Water,Water,Wetland,NULL,Wetland,Grassland,Wetland,NULL
805,Water,Water,Wetland,NULL,Wetland,Grassland,Water,NULL
806,Water,Water,Wetland,NULL,Wetland,Grassland,Forest,NULL
807,Water,Water,Wetland,NULL,Wetland,Wetland,Grassland,NULL
808,Water,Water,Wetland,NULL,Wetland,Wetland,Wetland,NULL
809,Water,Water,Wetland,NULL,Wetland,Wetland,Bareland,NULL
810,Water,Water,Wetland,NULL,Wetland,Wetland,Water,NULL
811,Water,Water,Wetland,NULL,Wetland,Wetland,Forest,NULL
812,Water,Water,Wetland,NULL,Wetland,Bareland,Wetland,NULL
813,Water,Water,Wetland,NULL,Wetland,Bareland,Bareland,NULL
814,Water,Water,Wetland,NULL,Wetland,Bareland,Water,NULL
815,Water,Water,Wetland,NULL,Wetland,Bareland,Forest,NULL
816,Water,Water,Wetland,NULL,Wetland,Built-up,Water,NULL
817,Water,Water,Wetland,NULL,Wetland,Water,Grassland,NULL
818,Water,Water,Wetland,NULL,Wetland,Water,Wetland,NULL
819,Water,Water,Wetland,NULL,Wetland,Water,Bareland,NULL
820,Water,Water,Wetland,NULL,Wetland,Water,Water,NULL
821,Water,Water,Wetland,NULL,Wetland,Water,Forest,NULL
822,Water,Water,Wetland,NULL,Wetland,Forest,Wetland,NULL
823,Water,Water,Wetland,NULL,Wetland,Forest,Water,NULL
824,Water,Water,Wetland,NULL,Wetland,Forest,Forest,NULL
825,Water,Water,Lichens_and_Mosses,NULL,Non_Wetland,Wetland,Water,NULL
826,Water,Water,Lichens_and_Mosses,NULL,Non_Wetland,Water,Forest,NULL
827,Water,Water,Bareland,NULL,Non_Wetland,NULL,Wetland,NULL
828,Water,Water,Bareland,NULL,Non_Wetland,NULL,Water,NULL
829,Water,Water,Bareland,NULL,Non_Wetland,Wetland,Wetland,NULL
830,Water,Water,Bareland,NULL,Non_Wetland,Wetland,Water,NULL
831,Water,Water,Bareland,NULL,Non_Wetland,Wetland,Forest,NULL
832,Water,Water,Bareland,NULL,Non_Wetland,Bareland,Wetland,NULL
833,Water,Water,Bareland,NULL,Non_Wetland,Bareland,Water,NULL
834,Water,Water,Bareland,NULL,Non_Wetland,Water,Wetland,NULL
835,Water,Water,Bareland,NULL,Non_Wetland,Water,Water,NULL
836,Water,Water,Bareland,NULL,Non_Wetland,Water,Forest,NULL
837,Water,Water,Bareland,NULL,Non_Wetland,Forest,Wetland,NULL
838,Water,Water,Bareland,NULL,Non_Wetland,Forest,Water,NULL
839,Water,Water,Bareland,NULL,Non_Wetland,Forest,Forest,NULL
840,Water,Water,Built-up,NULL,Non_Wetland,NULL,Wetland,NULL
841,Water,Water,Built-up,NULL,Non_Wetland,NULL,Water,NULL
842,Water,Water,Built-up,NULL,Non_Wetland,Grassland,Wetland,NULL
843,Water,Water,Built-up,NULL,Non_Wetland,Wetland,Grassland,NULL
844,Water,Water,Built-up,NULL,Non_Wetland,Wetland,Wetland,NULL
845,Water,Water,Built-up,NULL,Non_Wetland,Wetland,Bareland,NULL
846,Water,Water,Built-up,NULL,Non_Wetland,Wetland,Water,NULL
847,Water,Water,Built-up,NULL,Non_Wetland,Wetland,Forest,NULL
848,Water,Water,Built-up,NULL,Non_Wetland,Bareland,Wetland,NULL
849,Water,Water,Built-up,NULL,Non_Wetland,Bareland,Bareland,NULL
850,Water,Water,Built-up,NULL,Non_Wetland,Bareland,Water,NULL
851,Water,Water,Built-up,NULL,Non_Wetland,Bareland,Forest,NULL
852,Water,Water,Built-up,NULL,Non_Wetland,Water,Wetland,NULL
853,Water,Water,Built-up,NULL,Non_Wetland,Water,Bareland,NULL
854,Water,Water,Built-up,NULL,Non_Wetland,Water,Water,NULL
855,Water,Water,Built-up,NULL,Non_Wetland,Water,Forest,NULL
856,Water,Water,Water,NULL,NULL,NULL,Wetland,NULL
857,Water,Water,Water,NULL,NULL,NULL,Water,NULL
858,Water,Water,Water,NULL,NULL,NULL,Forest,NULL
859,Water,Water,Water,NULL,NULL,Grassland,Wetland,NULL
860,Water,Water,Water,NULL,NULL,Grassland,Water,NULL
861,Water,Water,Water,NULL,NULL,Wetland,Grassland,NULL
862,Water,Water,Water,NULL,NULL,Wetland,Wetland,NULL
863,Water,Water,Water,NULL,NULL,Wetland,Water,NULL
864,Water,Water,Water,NULL,NULL,Wetland,Forest,NULL
865,Water,Water,Water,NULL,NULL,Bareland,Water,NULL
866,Water,Water,Water,NULL,NULL,Water,Wetland,NULL
867,Water,Water,Water,NULL,NULL,Water,Water,NULL
868,Water,Water,Water,NULL,NULL,Water,Forest,NULL
869,Water,Water,Water,NULL,NULL,Forest,Wetland,NULL
870,Water,Water,Water,NULL,NULL,Forest,Water,NULL
871,Water,Water,Water,NULL,NULL,Forest,Forest,NULL
872,Water,Water,Water,NULL,Water,NULL,Wetland,NULL
873,Water,Water,Water,NULL,Water,NULL,Water,NULL
874,Water,Water,Water,NULL,Water,NULL,Forest,NULL
875,Water,Water,Water,NULL,Water,Grassland,Wetland,NULL
876,Water,Water,Water,NULL,Water,Grassland,Water,NULL
877,Water,Water,Water,NULL,Water,Grassland,Forest,NULL
878,Water,Water,Water,NULL,Water,Wetland,Grassland,NULL
879,Water,Water,Water,NULL,Water,Wetland,Wetland,NULL
880,Water,Water,Water,NULL,Water,Wetland,Bareland,NULL
881,Water,Water,Water,NULL,Water,Wetland,Water,NULL
882,Water,Water,Water,NULL,Water,Wetland,Forest,NULL
883,Water,Water,Water,NULL,Water,Bareland,Wetland,NULL
884,Water,Water,Water,NULL,Water,Bareland,Water,NULL
885,Water,Water,Water,NULL,Water,Built-up,Water,NULL
886,Water,Water,Water,NULL,Water,Water,Grassland,NULL
887,Water,Water,Water,NULL,Water,Water,Wetland,NULL
888,Water,Water,Water,NULL,Water,Water,Water,NULL
889,Water,Water,Water,NULL,Water,Water,Forest,NULL
890,Water,Water,Water,NULL,Water,Forest,Wetland,NULL
891,Water,Water,Water,NULL,Water,Forest,Water,NULL
892,Water,Water,Water,NULL,Water,Forest,Forest,NULL
893,Water,Water,Forest,NULL,Non_Wetland,NULL,Wetland,NULL
894,Water,Water,Forest,NULL,Non_Wetland,NULL,Water,NULL
895,Water,Water,Forest,NULL,Non_Wetland,NULL,Forest,NULL
896,Water,Water,Forest,NULL,Non_Wetland,Grassland,Water,NULL
897,Water,Water,Forest,NULL,Non_Wetland,Wetland,Wetland,NULL
898,Water,Water,Forest,NULL,Non_Wetland,Wetland,Water,NULL
899,Water,Water,Forest,NULL,Non_Wetland,Wetland,Forest,NULL
900,Water,Water,Forest,NULL,Non_Wetland,Bareland,Wetland,NULL
901,Water,Water,Forest,NULL,Non_Wetland,Bareland,Water,NULL
902,Water,Water,Forest,NULL,Non_Wetland,Bareland,Forest,NULL
903,Water,Water,Forest,NULL,Non_Wetland,Water,Grassland,NULL
904,Water,Water,Forest,NULL,Non_Wetland,Water,Wetland,NULL
905,Water,Water,Forest,NULL,Non_Wetland,Water,Water,NULL
906,Water,Water,Forest,NULL,Non_Wetland,Water,Forest,NULL
907,Water,Water,Forest,NULL,Non_Wetland,Forest,Wetland,NULL
908,Water,Water,Forest,NULL,Non_Wetland,Forest,Water,NULL
909,Water,Water,Forest,NULL,Non_Wetland,Forest,Forest,NULL
910,Water,Forest,Shrubland,NULL,Non_Wetland,Wetland,Water,NULL
911,Water,Forest,Grassland,NULL,Non_Wetland,Bareland,Water,NULL
912,Water,Forest,Wetland,NULL,NULL,Grassland,Water,NULL
913,Water,Forest,Wetland,NULL,NULL,Wetland,Water,NULL
914,Water,Forest,Wetland,NULL,Wetland,NULL,Wetland,NULL
915,Water,Forest,Wetland,NULL,Wetland,NULL,Water,NULL
916,Water,Forest,Wetland,NULL,Wetland,NULL,Forest,NULL
917,Water,Forest,Wetland,NULL,Wetland,Grassland,Wetland,NULL
918,Water,Forest,Wetland,NULL,Wetland,Grassland,Water,NULL
919,Water,Forest,Wetland,NULL,Wetland,Wetland,Wetland,NULL
920,Water,Forest,Wetland,NULL,Wetland,Wetland,Water,NULL
921,Water,Forest,Wetland,NULL,Wetland,Wetland,Forest,NULL
922,Water,Forest,Wetland,NULL,Wetland,Bareland,Wetland,NULL
923,Water,Forest,Wetland,NULL,Wetland,Bareland,Water,NULL
924,Water,Forest,Wetland,NULL,Wetland,Water,Wetland,NULL
925,Water,Forest,Wetland,NULL,Wetland,Water,Water,NULL
926,Water,Forest,Wetland,NULL,Wetland,Water,Forest,NULL
927,Water,Forest,Wetland,NULL,Wetland,Forest,Wetland,NULL
928,Water,Forest,Wetland,NULL,Wetland,Forest,Water,NULL
929,Water,Forest,Wetland,NULL,Wetland,Forest,Forest,NULL
930,Water,Forest,Bareland,NULL,Non_Wetland,NULL,Wetland,NULL
931,Water,Forest,Bareland,NULL,Non_Wetland,Water,Water,NULL
932,Water,Forest,Built-up,NULL,Non_Wetland,Water,Water,NULL
933,Water,Forest,Water,NULL,NULL,Wetland,Water,NULL
934,Water,Forest,Water,NULL,Water,NULL,Wetland,NULL
935,Water,Forest,Water,NULL,Water,Grassland,Wetland,NULL
936,Water,Forest,Water,NULL,Water,Wetland,Water,NULL
937,Water,Forest,Water,NULL,Water,Water,Forest,NULL
938,Water,Forest,Water,NULL,Water,Forest,Wetland,NULL
939,Water,Forest,Forest,NULL,Non_Wetland,NULL,Wetland,NULL
940,Water,Forest,Forest,NULL,Non_Wetland,Grassland,Wetland,NULL
941,Water,Forest,Forest,NULL,Non_Wetland,Forest,Forest,NULL
942,Permanent_ice_and_snow,NULL,Wetland,NULL,Wetland,NULL,Wetland,NULL
943,Permanent_ice_and_snow,NULL,Wetland,NULL,Wetland,Grassland,Wetland,NULL
944,Permanent_ice_and_snow,NULL,Wetland,NULL,Wetland,Wetland,Wetland,NULL
945,Permanent_ice_and_snow,Water,Wetland,NULL,Wetland,NULL,Wetland,NULL
946,Permanent_ice_and_snow,Forest,Wetland,NULL,Wetland,NULL,Wetland,NULL
947,Permanent_ice_and_snow,Forest,Wetland,NULL,Wetland,NULL,Forest,NULL
948,Permanent_ice_and_snow,Forest,Wetland,NULL,Wetland,Grassland,Forest,NULL
949,Permanent_ice_and_snow,Forest,Wetland,NULL,Wetland,Wetland,Wetland,NULL
950,Permanent_ice_and_snow,Forest,Wetland,NULL,Wetland,Forest,Forest,NULL
951,Permanent_ice_and_snow,Forest,Bareland,NULL,Non_Wetland,Forest,Forest,NULL
952,Permanent_ice_and_snow,Forest,Forest,NULL,Non_Wetland,NULL,Wetland,NULL
953,Permanent_ice_and_snow,Forest,Forest,NULL,Non_Wetland,Forest,Forest,NULL
954,Forest,NULL,NULL,NULL,Non_Wetland,NULL,Grassland,NULL
955,Forest,NULL,NULL,NULL,Non_Wetland,NULL,Wetland,NULL
956,Forest,NULL,NULL,NULL,Non_Wetland,NULL,Forest,NULL
957,Forest,NULL,NULL,NULL,Non_Wetland,Grassland,Grassland,NULL
958,Forest,NULL,NULL,NULL,Non_Wetland,Grassland,Wetland,NULL
959,Forest,NULL,NULL,NULL,Non_Wetland,Grassland,Forest,NULL
960,Forest,NULL,NULL,NULL,Non_Wetland,Wetland,Shrubland,NULL
961,Forest,NULL,NULL,NULL,Non_Wetland,Wetland,Grassland,NULL
962,Forest,NULL,NULL,NULL,Non_Wetland,Wetland,Wetland,NULL
963,Forest,NULL,NULL,NULL,Non_Wetland,Wetland,Forest,NULL
964,Forest,NULL,NULL,NULL,Non_Wetland,Bareland,Wetland,NULL
965,Forest,NULL,NULL,NULL,Non_Wetland,Forest,Shrubland,NULL
966,Forest,NULL,NULL,NULL,Non_Wetland,Forest,Grassland,NULL
967,Forest,NULL,NULL,NULL,Non_Wetland,Forest,Forest,NULL
968,Forest,NULL,Shrubland,NULL,Non_Wetland,NULL,Wetland,NULL
969,Forest,NULL,Shrubland,NULL,Non_Wetland,Grassland,Wetland,NULL
970,Forest,NULL,Shrubland,NULL,Non_Wetland,Grassland,Bareland,NULL
971,Forest,NULL,Shrubland,NULL,Non_Wetland,Grassland,Built-up,NULL
972,Forest,NULL,Shrubland,NULL,Non_Wetland,Wetland,Shrubland,NULL
973,Forest,NULL,Shrubland,NULL,Non_Wetland,Wetland,Grassland,NULL
974,Forest,NULL,Shrubland,NULL,Non_Wetland,Wetland,Wetland,NULL
975,Forest,NULL,Shrubland,NULL,Non_Wetland,Wetland,Bareland,NULL
976,Forest,NULL,Shrubland,NULL,Non_Wetland,Wetland,Forest,NULL
977,Forest,NULL,Shrubland,NULL,Non_Wetland,Bareland,Grassland,NULL
978,Forest,NULL,Shrubland,NULL,Non_Wetland,Bareland,Wetland,NULL
979,Forest,NULL,Shrubland,NULL,Non_Wetland,Bareland,Built-up,NULL
980,Forest,NULL,Shrubland,NULL,Non_Wetland,Bareland,Forest,NULL
981,Forest,NULL,Grassland,NULL,Non_Wetland,NULL,Shrubland,NULL
982,Forest,NULL,Grassland,NULL,Non_Wetland,NULL,Grassland,NULL
983,Forest,NULL,Grassland,NULL,Non_Wetland,NULL,Wetland,NULL
984,Forest,NULL,Grassland,NULL,Non_Wetland,NULL,Forest,NULL
985,Forest,NULL,Grassland,NULL,Non_Wetland,Grassland,Shrubland,NULL
986,Forest,NULL,Grassland,NULL,Non_Wetland,Grassland,Grassland,NULL
987,Forest,NULL,Grassland,NULL,Non_Wetland,Grassland,Wetland,NULL
988,Forest,NULL,Grassland,NULL,Non_Wetland,Grassland,Bareland,NULL
989,Forest,NULL,Grassland,NULL,Non_Wetland,Grassland,Built-up,NULL
990,Forest,NULL,Grassland,NULL,Non_Wetland,Grassland,Forest,NULL
991,Forest,NULL,Grassland,NULL,Non_Wetland,Wetland,NULL,NULL
992,Forest,NULL,Grassland,NULL,Non_Wetland,Wetland,Shrubland,NULL
993,Forest,NULL,Grassland,NULL,Non_Wetland,Wetland,Grassland,NULL
994,Forest,NULL,Grassland,NULL,Non_Wetland,Wetland,Wetland,NULL
995,Forest,NULL,Grassland,NULL,Non_Wetland,Wetland,Bareland,NULL
996,Forest,NULL,Grassland,NULL,Non_Wetland,Wetland,Water,NULL
997,Forest,NULL,Grassland,NULL,Non_Wetland,Wetland,Forest,NULL
998,Forest,NULL,Grassland,NULL,Non_Wetland,Bareland,Shrubland,NULL
999,Forest,NULL,Grassland,NULL,Non_Wetland,Bareland,Grassland,NULL
1000,Forest,NULL,Grassland,NULL,Non_Wetland,Bareland,Wetland,NULL
1001,Forest,NULL,Grassland,NULL,Non_Wetland,Bareland,Bareland,NULL
1002,Forest,NULL,Grassland,NULL,Non_Wetland,Bareland,Forest,NULL
1003,Forest,NULL,Grassland,NULL,Non_Wetland,Forest,Shrubland,NULL
1004,Forest,NULL,Grassland,NULL,Non_Wetland,Forest,Wetland,NULL
1005,Forest,NULL,Grassland,NULL,Non_Wetland,Forest,Forest,NULL
1006,Forest,NULL,Wetland,NULL,NULL,Wetland,Wetland,NULL
1007,Forest,NULL,Wetland,NULL,NULL,Bareland,Wetland,NULL
1008,Forest,NULL,Wetland,NULL,Wetland,NULL,Shrubland,NULL
1009,Forest,NULL,Wetland,NULL,Wetland,NULL,Grassland,NULL
1010,Forest,NULL,Wetland,NULL,Wetland,NULL,Wetland,NULL
1011,Forest,NULL,Wetland,NULL,Wetland,NULL,Water,NULL
1012,Forest,NULL,Wetland,NULL,Wetland,NULL,Forest,NULL
1013,Forest,NULL,Wetland,NULL,Wetland,Grassland,NULL,NULL
1014,Forest,NULL,Wetland,NULL,Wetland,Grassland,Shrubland,NULL
1015,Forest,NULL,Wetland,NULL,Wetland,Grassland,Grassland,NULL
1016,Forest,NULL,Wetland,NULL,Wetland,Grassland,Wetland,NULL
1017,Forest,NULL,Wetland,NULL,Wetland,Grassland,Bareland,NULL
1018,Forest,NULL,Wetland,NULL,Wetland,Grassland,Water,NULL
1019,Forest,NULL,Wetland,NULL,Wetland,Grassland,Forest,NULL
1020,Forest,NULL,Wetland,NULL,Wetland,Wetland,NULL,NULL
1021,Forest,NULL,Wetland,NULL,Wetland,Wetland,Shrubland,NULL
1022,Forest,NULL,Wetland,NULL,Wetland,Wetland,Grassland,NULL
1023,Forest,NULL,Wetland,NULL,Wetland,Wetland,Wetland,NULL
1024,Forest,NULL,Wetland,NULL,Wetland,Wetland,Bareland,NULL
1025,Forest,NULL,Wetland,NULL,Wetland,Wetland,Water,NULL
1026,Forest,NULL,Wetland,NULL,Wetland,Wetland,Forest,NULL
1027,Forest,NULL,Wetland,NULL,Wetland,Bareland,Grassland,NULL
1028,Forest,NULL,Wetland,NULL,Wetland,Bareland,Wetland,NULL
1029,Forest,NULL,Wetland,NULL,Wetland,Bareland,Bareland,NULL
1030,Forest,NULL,Wetland,NULL,Wetland,Bareland,Water,NULL
1031,Forest,NULL,Wetland,NULL,Wetland,Bareland,Forest,NULL
1032,Forest,NULL,Wetland,NULL,Wetland,Water,Grassland,NULL
1033,Forest,NULL,Wetland,NULL,Wetland,Water,Wetland,NULL
1034,Forest,NULL,Wetland,NULL,Wetland,Water,Water,NULL
1035,Forest,NULL,Wetland,NULL,Wetland,Forest,Shrubland,NULL
1036,Forest,NULL,Wetland,NULL,Wetland,Forest,Grassland,NULL
1037,Forest,NULL,Wetland,NULL,Wetland,Forest,Wetland,NULL
1038,Forest,NULL,Wetland,NULL,Wetland,Forest,Forest,NULL
1039,Forest,NULL,Lichens_and_Mosses,NULL,Non_Wetland,Wetland,Water,NULL
1040,Forest,NULL,Bareland,NULL,Non_Wetland,NULL,Shrubland,NULL
1041,Forest,NULL,Bareland,NULL,Non_Wetland,NULL,Grassland,NULL
1042,Forest,NULL,Bareland,NULL,Non_Wetland,NULL,Wetland,NULL
1043,Forest,NULL,Bareland,NULL,Non_Wetland,NULL,Forest,NULL
1044,Forest,NULL,Bareland,NULL,Non_Wetland,Grassland,Shrubland,NULL
1045,Forest,NULL,Bareland,NULL,Non_Wetland,Grassland,Grassland,NULL
1046,Forest,NULL,Bareland,NULL,Non_Wetland,Grassland,Wetland,NULL
1047,Forest,NULL,Bareland,NULL,Non_Wetland,Grassland,Forest,NULL
1048,Forest,NULL,Bareland,NULL,Non_Wetland,Wetland,NULL,NULL
1049,Forest,NULL,Bareland,NULL,Non_Wetland,Wetland,Shrubland,NULL
1050,Forest,NULL,Bareland,NULL,Non_Wetland,Wetland,Grassland,NULL
1051,Forest,NULL,Bareland,NULL,Non_Wetland,Wetland,Wetland,NULL
1052,Forest,NULL,Bareland,NULL,Non_Wetland,Wetland,Forest,NULL
1053,Forest,NULL,Bareland,NULL,Non_Wetland,Bareland,Wetland,NULL
1054,Forest,NULL,Bareland,NULL,Non_Wetland,Forest,Shrubland,NULL
1055,Forest,NULL,Bareland,NULL,Non_Wetland,Forest,Forest,NULL
1056,Forest,NULL,Built-up,NULL,Non_Wetland,NULL,Wetland,NULL
1057,Forest,NULL,Built-up,NULL,Non_Wetland,Grassland,Wetland,NULL
1058,Forest,NULL,Built-up,NULL,Non_Wetland,Grassland,Bareland,NULL
1059,Forest,NULL,Built-up,NULL,Non_Wetland,Wetland,Wetland,NULL
1060,Forest,NULL,Built-up,NULL,Non_Wetland,Wetland,Bareland,NULL
1061,Forest,NULL,Built-up,NULL,Non_Wetland,Wetland,Built-up,NULL
1062,Forest,NULL,Built-up,NULL,Non_Wetland,Wetland,Water,NULL
1063,Forest,NULL,Built-up,NULL,Non_Wetland,Bareland,Grassland,NULL
1064,Forest,NULL,Built-up,NULL,Non_Wetland,Bareland,Wetland,NULL
1065,Forest,NULL,Water,NULL,Water,NULL,Water,NULL
1066,Forest,NULL,Water,NULL,Water,Grassland,Wetland,NULL
1067,Forest,NULL,Water,NULL,Water,Grassland,Water,NULL
1068,Forest,NULL,Water,NULL,Water,Wetland,Water,NULL
1069,Forest,NULL,Water,NULL,Water,Forest,Water,NULL
1070,Forest,NULL,Water,NULL,Water,Forest,Forest,NULL
1071,Forest,NULL,Forest,NULL,Non_Wetland,NULL,Shrubland,NULL
1072,Forest,NULL,Forest,NULL,Non_Wetland,NULL,Grassland,NULL
1073,Forest,NULL,Forest,NULL,Non_Wetland,NULL,Wetland,NULL
1074,Forest,NULL,Forest,NULL,Non_Wetland,NULL,Forest,NULL
1075,Forest,NULL,Forest,NULL,Non_Wetland,Grassland,Shrubland,NULL
1076,Forest,NULL,Forest,NULL,Non_Wetland,Grassland,Grassland,NULL
1077,Forest,NULL,Forest,NULL,Non_Wetland,Grassland,Wetland,NULL
1078,Forest,NULL,Forest,NULL,Non_Wetland,Grassland,Forest,NULL
1079,Forest,NULL,Forest,NULL,Non_Wetland,Wetland,Shrubland,NULL
1080,Forest,NULL,Forest,NULL,Non_Wetland,Wetland,Grassland,NULL
1081,Forest,NULL,Forest,NULL,Non_Wetland,Wetland,Wetland,NULL
1082,Forest,NULL,Forest,NULL,Non_Wetland,Wetland,Forest,NULL
1083,Forest,NULL,Forest,NULL,Non_Wetland,Forest,Shrubland,NULL
1084,Forest,NULL,Forest,NULL,Non_Wetland,Forest,Grassland,NULL
1085,Forest,NULL,Forest,NULL,Non_Wetland,Forest,Wetland,NULL
1086,Forest,NULL,Forest,NULL,Non_Wetland,Forest,Forest,NULL
1087,Forest,Cropland,Shrubland,NULL,Non_Wetland,Wetland,Grassland,NULL
1088,Forest,Cropland,Grassland,NULL,Non_Wetland,Wetland,Grassland,NULL
1089,Forest,Cropland,Grassland,NULL,Non_Wetland,Wetland,Wetland,NULL
1090,Forest,Cropland,Grassland,NULL,Non_Wetland,Wetland,Bareland,NULL
1091,Forest,Cropland,Grassland,NULL,Non_Wetland,Wetland,Forest,NULL
1092,Forest,Cropland,Wetland,NULL,Wetland,Grassland,Wetland,NULL
1093,Forest,Cropland,Wetland,NULL,Wetland,Wetland,Grassland,NULL
1094,Forest,Cropland,Wetland,NULL,Wetland,Wetland,Wetland,NULL
1095,Forest,Cropland,Wetland,NULL,Wetland,Wetland,Water,NULL
1096,Forest,Cropland,Wetland,NULL,Wetland,Wetland,Forest,NULL
1097,Forest,Cropland,Wetland,NULL,Wetland,Bareland,Wetland,NULL
1098,Forest,Cropland,Forest,NULL,Non_Wetland,Wetland,Forest,NULL
1099,Forest,Wetland,Grassland,NULL,Non_Wetland,Water,Wetland,NULL
1100,Forest,Wetland,Wetland,NULL,Wetland,NULL,Wetland,NULL
1101,Forest,Wetland,Wetland,NULL,Wetland,NULL,Water,NULL
1102,Forest,Wetland,Wetland,NULL,Wetland,Grassland,Wetland,NULL
1103,Forest,Wetland,Wetland,NULL,Wetland,Wetland,Grassland,NULL
1104,Forest,Wetland,Wetland,NULL,Wetland,Wetland,Wetland,NULL
1105,Forest,Wetland,Wetland,NULL,Wetland,Wetland,Water,NULL
1106,Forest,Wetland,Wetland,NULL,Wetland,Wetland,Forest,NULL
1107,Forest,Wetland,Wetland,NULL,Wetland,Water,Wetland,NULL
1108,Forest,Wetland,Wetland,NULL,Wetland,Forest,Water,NULL
1109,Forest,Wetland,Water,NULL,Water,NULL,Wetland,NULL
1110,Forest,Wetland,Water,NULL,Water,NULL,Water,NULL
1111,Forest,Wetland,Water,NULL,Water,Grassland,Wetland,NULL
1112,Forest,Wetland,Water,NULL,Water,Grassland,Water,NULL
1113,Forest,Wetland,Forest,NULL,Non_Wetland,Wetland,Wetland,NULL
1114,Forest,Bareland,Wetland,NULL,Wetland,Wetland,Water,NULL
1115,Forest,Bareland,Wetland,NULL,Wetland,Wetland,Forest,NULL
1116,Forest,Built-up,NULL,NULL,Non_Wetland,Bareland,Forest,NULL
1117,Forest,Built-up,Shrubland,NULL,Non_Wetland,Bareland,Forest,NULL
1118,Forest,Built-up,Grassland,NULL,Non_Wetland,Grassland,Wetland,NULL
1119,Forest,Built-up,Grassland,NULL,Non_Wetland,Grassland,Bareland,NULL
1120,Forest,Built-up,Grassland,NULL,Non_Wetland,Grassland,Forest,NULL
1121,Forest,Built-up,Grassland,NULL,Non_Wetland,Wetland,Wetland,NULL
1122,Forest,Built-up,Grassland,NULL,Non_Wetland,Wetland,Forest,NULL
1123,Forest,Built-up,Grassland,NULL,Non_Wetland,Bareland,Wetland,NULL
1124,Forest,Built-up,Grassland,NULL,Non_Wetland,Bareland,Bareland,NULL
1125,Forest,Built-up,Grassland,NULL,Non_Wetland,Built-up,Built-up,NULL
1126,Forest,Built-up,Grassland,NULL,Non_Wetland,Forest,Forest,NULL
1127,Forest,Built-up,Wetland,NULL,Wetland,NULL,Water,NULL
1128,Forest,Built-up,Wetland,NULL,Wetland,NULL,Forest,NULL
1129,Forest,Built-up,Wetland,NULL,Wetland,Grassland,Grassland,NULL
1130,Forest,Built-up,Wetland,NULL,Wetland,Grassland,Built-up,NULL
1131,Forest,Built-up,Wetland,NULL,Wetland,Grassland,Water,NULL
1132,Forest,Built-up,Wetland,NULL,Wetland,Grassland,Forest,NULL
1133,Forest,Built-up,Wetland,NULL,Wetland,Wetland,Wetland,NULL
1134,Forest,Built-up,Wetland,NULL,Wetland,Wetland,Bareland,NULL
1135,Forest,Built-up,Wetland,NULL,Wetland,Wetland,Built-up,NULL
1136,Forest,Built-up,Wetland,NULL,Wetland,Wetland,Water,NULL
1137,Forest,Built-up,Wetland,NULL,Wetland,Wetland,Forest,NULL
1138,Forest,Built-up,Wetland,NULL,Wetland,Bareland,Bareland,NULL
1139,Forest,Built-up,Wetland,NULL,Wetland,Bareland,Water,NULL
1140,Forest,Built-up,Wetland,NULL,Wetland,Bareland,Forest,NULL
1141,Forest,Built-up,Wetland,NULL,Wetland,Built-up,Grassland,NULL
1142,Forest,Built-up,Wetland,NULL,Wetland,Built-up,Wetland,NULL
1143,Forest,Built-up,Wetland,NULL,Wetland,Built-up,Built-up,NULL
1144,Forest,Built-up,Wetland,NULL,Wetland,Built-up,Forest,NULL
1145,Forest,Built-up,Wetland,NULL,Wetland,Forest,Forest,NULL
1146,Forest,Built-up,Built-up,NULL,Non_Wetland,Wetland,Bareland,NULL
1147,Forest,Built-up,Built-up,NULL,Non_Wetland,Wetland,Built-up,NULL
1148,Forest,Built-up,Built-up,NULL,Non_Wetland,Wetland,Water,NULL
1149,Forest,Built-up,Built-up,NULL,Non_Wetland,Wetland,Forest,NULL
1150,Forest,Built-up,Built-up,NULL,Non_Wetland,Bareland,Bareland,NULL
1151,Forest,Built-up,Built-up,NULL,Non_Wetland,Built-up,Built-up,NULL
1152,Forest,Built-up,Forest,NULL,Non_Wetland,NULL,Water,NULL
1153,Forest,Built-up,Forest,NULL,Non_Wetland,Grassland,Bareland,NULL
1154,Forest,Built-up,Forest,NULL,Non_Wetland,Grassland,Forest,NULL
1155,Forest,Built-up,Forest,NULL,Non_Wetland,Wetland,Forest,NULL
1156,Forest,Built-up,Forest,NULL,Non_Wetland,Forest,Forest,NULL
1157,Forest,Water,NULL,NULL,Non_Wetland,NULL,Wetland,NULL
1158,Forest,Water,NULL,NULL,Non_Wetland,NULL,Water,NULL
1159,Forest,Water,NULL,NULL,Non_Wetland,NULL,Forest,NULL
1160,Forest,Water,NULL,NULL,Non_Wetland,Grassland,Wetland,NULL
1161,Forest,Water,NULL,NULL,Non_Wetland,Wetland,Wetland,NULL
1162,Forest,Water,NULL,NULL,Non_Wetland,Wetland,Water,NULL
1163,Forest,Water,NULL,NULL,Non_Wetland,Wetland,Forest,NULL
1164,Forest,Water,NULL,NULL,Non_Wetland,Bareland,Wetland,NULL
1165,Forest,Water,NULL,NULL,Non_Wetland,Bareland,Water,NULL
1166,Forest,Water,NULL,NULL,Non_Wetland,Bareland,Forest,NULL
1167,Forest,Water,NULL,NULL,Non_Wetland,Water,Wetland,NULL
1168,Forest,Water,NULL,NULL,Non_Wetland,Water,Water,NULL
1169,Forest,Water,NULL,NULL,Non_Wetland,Water,Forest,NULL
1170,Forest,Water,NULL,NULL,Non_Wetland,Forest,Wetland,NULL
1171,Forest,Water,NULL,NULL,Non_Wetland,Forest,Water,NULL
1172,Forest,Water,NULL,NULL,Non_Wetland,Forest,Forest,NULL
1173,Forest,Water,Shrubland,NULL,Non_Wetland,NULL,Wetland,NULL
1174,Forest,Water,Shrubland,NULL,Non_Wetland,NULL,Water,NULL
1175,Forest,Water,Shrubland,NULL,Non_Wetland,NULL,Forest,NULL
1176,Forest,Water,Shrubland,NULL,Non_Wetland,Grassland,Wetland,NULL
1177,Forest,Water,Shrubland,NULL,Non_Wetland,Grassland,Water,NULL
1178,Forest,Water,Shrubland,NULL,Non_Wetland,Wetland,Wetland,NULL
1179,Forest,Water,Shrubland,NULL,Non_Wetland,Wetland,Bareland,NULL
1180,Forest,Water,Shrubland,NULL,Non_Wetland,Wetland,Water,NULL
1181,Forest,Water,Shrubland,NULL,Non_Wetland,Wetland,Forest,NULL
1182,Forest,Water,Shrubland,NULL,Non_Wetland,Bareland,Wetland,NULL
1183,Forest,Water,Shrubland,NULL,Non_Wetland,Bareland,Water,NULL
1184,Forest,Water,Shrubland,NULL,Non_Wetland,Bareland,Forest,NULL
1185,Forest,Water,Shrubland,NULL,Non_Wetland,Water,Wetland,NULL
1186,Forest,Water,Shrubland,NULL,Non_Wetland,Water,Water,NULL
1187,Forest,Water,Shrubland,NULL,Non_Wetland,Forest,Wetland,NULL
1188,Forest,Water,Shrubland,NULL,Non_Wetland,Forest,Water,NULL
1189,Forest,Water,Shrubland,NULL,Non_Wetland,Forest,Forest,NULL
1190,Forest,Water,Grassland,NULL,Non_Wetland,NULL,Wetland,NULL
1191,Forest,Water,Grassland,NULL,Non_Wetland,NULL,Water,NULL
1192,Forest,Water,Grassland,NULL,Non_Wetland,Grassland,Wetland,NULL
1193,Forest,Water,Grassland,NULL,Non_Wetland,Grassland,Forest,NULL
1194,Forest,Water,Grassland,NULL,Non_Wetland,Wetland,Wetland,NULL
1195,Forest,Water,Grassland,NULL,Non_Wetland,Wetland,Water,NULL
1196,Forest,Water,Grassland,NULL,Non_Wetland,Wetland,Forest,NULL
1197,Forest,Water,Grassland,NULL,Non_Wetland,Bareland,Wetland,NULL
1198,Forest,Water,Grassland,NULL,Non_Wetland,Bareland,Bareland,NULL
1199,Forest,Water,Grassland,NULL,Non_Wetland,Bareland,Water,NULL
1200,Forest,Water,Grassland,NULL,Non_Wetland,Bareland,Forest,NULL
1201,Forest,Water,Grassland,NULL,Non_Wetland,Water,Wetland,NULL
1202,Forest,Water,Grassland,NULL,Non_Wetland,Water,Water,NULL
1203,Forest,Water,Grassland,NULL,Non_Wetland,Forest,Wetland,NULL
1204,Forest,Water,Grassland,NULL,Non_Wetland,Forest,Water,NULL
1205,Forest,Water,Grassland,NULL,Non_Wetland,Forest,Forest,NULL
1206,Forest,Water,Wetland,NULL,NULL,NULL,Wetland,NULL
1207,Forest,Water,Wetland,NULL,NULL,NULL,Water,NULL
1208,Forest,Water,Wetland,NULL,NULL,NULL,Forest,NULL
1209,Forest,Water,Wetland,NULL,NULL,Grassland,Water,NULL
1210,Forest,Water,Wetland,NULL,NULL,Grassland,Forest,NULL
1211,Forest,Water,Wetland,NULL,NULL,Wetland,Wetland,NULL
1212,Forest,Water,Wetland,NULL,NULL,Wetland,Water,NULL
1213,Forest,Water,Wetland,NULL,NULL,Wetland,Forest,NULL
1214,Forest,Water,Wetland,NULL,NULL,Bareland,Water,NULL
1215,Forest,Water,Wetland,NULL,NULL,Water,Water,NULL
1216,Forest,Water,Wetland,NULL,NULL,Forest,Wetland,NULL
1217,Forest,Water,Wetland,NULL,NULL,Forest,Water,NULL
1218,Forest,Water,Wetland,NULL,NULL,Forest,Forest,NULL
1219,Forest,Water,Wetland,NULL,Wetland,NULL,NULL,NULL
1220,Forest,Water,Wetland,NULL,Wetland,NULL,Shrubland,NULL
1221,Forest,Water,Wetland,NULL,Wetland,NULL,Grassland,NULL
1222,Forest,Water,Wetland,NULL,Wetland,NULL,Wetland,NULL
1223,Forest,Water,Wetland,NULL,Wetland,NULL,Bareland,NULL
1224,Forest,Water,Wetland,NULL,Wetland,NULL,Water,NULL
1225,Forest,Water,Wetland,NULL,Wetland,NULL,Forest,NULL
1226,Forest,Water,Wetland,NULL,Wetland,Grassland,Grassland,NULL
1227,Forest,Water,Wetland,NULL,Wetland,Grassland,Wetland,NULL
1228,Forest,Water,Wetland,NULL,Wetland,Grassland,Water,NULL
1229,Forest,Water,Wetland,NULL,Wetland,Grassland,Forest,NULL
1230,Forest,Water,Wetland,NULL,Wetland,Wetland,NULL,NULL
1231,Forest,Water,Wetland,NULL,Wetland,Wetland,Grassland,NULL
1232,Forest,Water,Wetland,NULL,Wetland,Wetland,Wetland,NULL
1233,Forest,Water,Wetland,NULL,Wetland,Wetland,Bareland,NULL
1234,Forest,Water,Wetland,NULL,Wetland,Wetland,Water,NULL
1235,Forest,Water,Wetland,NULL,Wetland,Wetland,Forest,NULL
1236,Forest,Water,Wetland,NULL,Wetland,Bareland,Wetland,NULL
1237,Forest,Water,Wetland,NULL,Wetland,Bareland,Water,NULL
1238,Forest,Water,Wetland,NULL,Wetland,Bareland,Forest,NULL
1239,Forest,Water,Wetland,NULL,Wetland,Water,Wetland,NULL
1240,Forest,Water,Wetland,NULL,Wetland,Water,Water,NULL
1241,Forest,Water,Wetland,NULL,Wetland,Water,Forest,NULL
1242,Forest,Water,Wetland,NULL,Wetland,Forest,Grassland,NULL
1243,Forest,Water,Wetland,NULL,Wetland,Forest,Wetland,NULL
1244,Forest,Water,Wetland,NULL,Wetland,Forest,Water,NULL
1245,Forest,Water,Wetland,NULL,Wetland,Forest,Forest,NULL
1246,Forest,Water,Bareland,NULL,Non_Wetland,NULL,Wetland,NULL
1247,Forest,Water,Bareland,NULL,Non_Wetland,NULL,Water,NULL
1248,Forest,Water,Bareland,NULL,Non_Wetland,NULL,Forest,NULL
1249,Forest,Water,Bareland,NULL,Non_Wetland,Grassland,Wetland,NULL
1250,Forest,Water,Bareland,NULL,Non_Wetland,Grassland,Water,NULL
1251,Forest,Water,Bareland,NULL,Non_Wetland,Wetland,Wetland,NULL
1252,Forest,Water,Bareland,NULL,Non_Wetland,Wetland,Water,NULL
1253,Forest,Water,Bareland,NULL,Non_Wetland,Wetland,Forest,NULL
1254,Forest,Water,Bareland,NULL,Non_Wetland,Bareland,Wetland,NULL
1255,Forest,Water,Bareland,NULL,Non_Wetland,Bareland,Water,NULL
1256,Forest,Water,Bareland,NULL,Non_Wetland,Water,Wetland,NULL
1257,Forest,Water,Bareland,NULL,Non_Wetland,Water,Water,NULL
1258,Forest,Water,Bareland,NULL,Non_Wetland,Water,Forest,NULL
1259,Forest,Water,Bareland,NULL,Non_Wetland,Forest,Wetland,NULL
1260,Forest,Water,Bareland,NULL,Non_Wetland,Forest,Water,NULL
1261,Forest,Water,Bareland,NULL,Non_Wetland,Forest,Forest,NULL
1262,Forest,Water,Built-up,NULL,Non_Wetland,NULL,Wetland,NULL
1263,Forest,Water,Built-up,NULL,Non_Wetland,NULL,Water,NULL
1264,Forest,Water,Built-up,NULL,Non_Wetland,Wetland,Grassland,NULL
1265,Forest,Water,Built-up,NULL,Non_Wetland,Wetland,Wetland,NULL
1266,Forest,Water,Built-up,NULL,Non_Wetland,Wetland,Water,NULL
1267,Forest,Water,Built-up,NULL,Non_Wetland,Wetland,Forest,NULL
1268,Forest,Water,Built-up,NULL,Non_Wetland,Bareland,Wetland,NULL
1269,Forest,Water,Built-up,NULL,Non_Wetland,Bareland,Water,NULL
1270,Forest,Water,Built-up,NULL,Non_Wetland,Water,Wetland,NULL
1271,Forest,Water,Built-up,NULL,Non_Wetland,Water,Water,NULL
1272,Forest,Water,Built-up,NULL,Non_Wetland,Forest,Forest,NULL
1273,Forest,Water,Water,NULL,NULL,NULL,Wetland,NULL
1274,Forest,Water,Water,NULL,NULL,NULL,Water,NULL
1275,Forest,Water,Water,NULL,NULL,NULL,Forest,NULL
1276,Forest,Water,Water,NULL,NULL,Grassland,Water,NULL
1277,Forest,Water,Water,NULL,NULL,Wetland,Wetland,NULL
1278,Forest,Water,Water,NULL,NULL,Wetland,Water,NULL
1279,Forest,Water,Water,NULL,NULL,Wetland,Forest,NULL
1280,Forest,Water,Water,NULL,NULL,Water,Wetland,NULL
1281,Forest,Water,Water,NULL,NULL,Water,Water,NULL
1282,Forest,Water,Water,NULL,NULL,Water,Forest,NULL
1283,Forest,Water,Water,NULL,NULL,Forest,Wetland,NULL
1284,Forest,Water,Water,NULL,NULL,Forest,Water,NULL
1285,Forest,Water,Water,NULL,NULL,Forest,Forest,NULL
1286,Forest,Water,Water,NULL,Water,NULL,Wetland,NULL
1287,Forest,Water,Water,NULL,Water,NULL,Water,NULL
1288,Forest,Water,Water,NULL,Water,NULL,Forest,NULL
1289,Forest,Water,Water,NULL,Water,Grassland,Wetland,NULL
1290,Forest,Water,Water,NULL,Water,Grassland,Water,NULL
1291,Forest,Water,Water,NULL,Water,Grassland,Forest,NULL
1292,Forest,Water,Water,NULL,Water,Wetland,Wetland,NULL
1293,Forest,Water,Water,NULL,Water,Wetland,Water,NULL
1294,Forest,Water,Water,NULL,Water,Wetland,Forest,NULL
1295,Forest,Water,Water,NULL,Water,Bareland,Wetland,NULL
1296,Forest,Water,Water,NULL,Water,Bareland,Water,NULL
1297,Forest,Water,Water,NULL,Water,Water,NULL,NULL
1298,Forest,Water,Water,NULL,Water,Water,Wetland,NULL
1299,Forest,Water,Water,NULL,Water,Water,Water,NULL
1300,Forest,Water,Water,NULL,Water,Water,Forest,NULL
1301,Forest,Water,Water,NULL,Water,Forest,Wetland,NULL
1302,Forest,Water,Water,NULL,Water,Forest,Water,NULL
1303,Forest,Water,Water,NULL,Water,Forest,Forest,NULL
1304,Forest,Water,Forest,NULL,Non_Wetland,NULL,Grassland,NULL
1305,Forest,Water,Forest,NULL,Non_Wetland,NULL,Wetland,NULL
1306,Forest,Water,Forest,NULL,Non_Wetland,NULL,Water,NULL
1307,Forest,Water,Forest,NULL,Non_Wetland,NULL,Forest,NULL
1308,Forest,Water,Forest,NULL,Non_Wetland,Grassland,Wetland,NULL
1309,Forest,Water,Forest,NULL,Non_Wetland,Grassland,Water,NULL
1310,Forest,Water,Forest,NULL,Non_Wetland,Grassland,Forest,NULL
1311,Forest,Water,Forest,NULL,Non_Wetland,Wetland,Wetland,NULL
1312,Forest,Water,Forest,NULL,Non_Wetland,Wetland,Water,NULL
1313,Forest,Water,Forest,NULL,Non_Wetland,Wetland,Forest,NULL
1314,Forest,Water,Forest,NULL,Non_Wetland,Bareland,Wetland,NULL
1315,Forest,Water,Forest,NULL,Non_Wetland,Bareland,Water,NULL
1316,Forest,Water,Forest,NULL,Non_Wetland,Bareland,Forest,NULL
1317,Forest,Water,Forest,NULL,Non_Wetland,Water,Wetland,NULL
1318,Forest,Water,Forest,NULL,Non_Wetland,Water,Water,NULL
1319,Forest,Water,Forest,NULL,Non_Wetland,Water,Forest,NULL
1320,Forest,Water,Forest,NULL,Non_Wetland,Forest,Wetland,NULL
1321,Forest,Water,Forest,NULL,Non_Wetland,Forest,Water,NULL
1322,Forest,Water,Forest,NULL,Non_Wetland,Forest,Forest,NULL
1323,Forest,Forest,NULL,NULL,Non_Wetland,NULL,Shrubland,NULL
1324,Forest,Forest,NULL,NULL,Non_Wetland,NULL,Grassland,NULL
1325,Forest,Forest,NULL,NULL,Non_Wetland,NULL,Wetland,NULL
1326,Forest,Forest,NULL,NULL,Non_Wetland,NULL,Water,NULL
1327,Forest,Forest,NULL,NULL,Non_Wetland,NULL,Forest,NULL
1328,Forest,Forest,NULL,NULL,Non_Wetland,Grassland,Grassland,NULL
1329,Forest,Forest,NULL,NULL,Non_Wetland,Grassland,Wetland,NULL
1330,Forest,Forest,NULL,NULL,Non_Wetland,Grassland,Water,NULL
1331,Forest,Forest,NULL,NULL,Non_Wetland,Grassland,Forest,NULL
1332,Forest,Forest,NULL,NULL,Non_Wetland,Wetland,Shrubland,NULL
1333,Forest,Forest,NULL,NULL,Non_Wetland,Wetland,Grassland,NULL
1334,Forest,Forest,NULL,NULL,Non_Wetland,Wetland,Wetland,NULL
1335,Forest,Forest,NULL,NULL,Non_Wetland,Wetland,Water,NULL
1336,Forest,Forest,NULL,NULL,Non_Wetland,Wetland,Forest,NULL
1337,Forest,Forest,NULL,NULL,Non_Wetland,Bareland,Wetland,NULL
1338,Forest,Forest,NULL,NULL,Non_Wetland,Bareland,Water,NULL
1339,Forest,Forest,NULL,NULL,Non_Wetland,Bareland,Forest,NULL
1340,Forest,Forest,NULL,NULL,Non_Wetland,Water,Water,NULL
1341,Forest,Forest,NULL,NULL,Non_Wetland,Water,Forest,NULL
1342,Forest,Forest,NULL,NULL,Non_Wetland,Forest,Grassland,NULL
1343,Forest,Forest,NULL,NULL,Non_Wetland,Forest,Wetland,NULL
1344,Forest,Forest,NULL,NULL,Non_Wetland,Forest,Water,NULL
1345,Forest,Forest,NULL,NULL,Non_Wetland,Forest,Forest,NULL
1346,Forest,Forest,Shrubland,NULL,Non_Wetland,NULL,Grassland,NULL
1347,Forest,Forest,Shrubland,NULL,Non_Wetland,NULL,Wetland,NULL
1348,Forest,Forest,Shrubland,NULL,Non_Wetland,NULL,Water,NULL
1349,Forest,Forest,Shrubland,NULL,Non_Wetland,NULL,Forest,NULL
1350,Forest,Forest,Shrubland,NULL,Non_Wetland,Grassland,Grassland,NULL
1351,Forest,Forest,Shrubland,NULL,Non_Wetland,Grassland,Wetland,NULL
1352,Forest,Forest,Shrubland,NULL,Non_Wetland,Grassland,Forest,NULL
1353,Forest,Forest,Shrubland,NULL,Non_Wetland,Wetland,Shrubland,NULL
1354,Forest,Forest,Shrubland,NULL,Non_Wetland,Wetland,Grassland,NULL
1355,Forest,Forest,Shrubland,NULL,Non_Wetland,Wetland,Wetland,NULL
1356,Forest,Forest,Shrubland,NULL,Non_Wetland,Wetland,Bareland,NULL
1357,Forest,Forest,Shrubland,NULL,Non_Wetland,Wetland,Water,NULL
1358,Forest,Forest,Shrubland,NULL,Non_Wetland,Wetland,Forest,NULL
1359,Forest,Forest,Shrubland,NULL,Non_Wetland,Bareland,Grassland,NULL
1360,Forest,Forest,Shrubland,NULL,Non_Wetland,Bareland,Wetland,NULL
1361,Forest,Forest,Shrubland,NULL,Non_Wetland,Bareland,Bareland,NULL
1362,Forest,Forest,Shrubland,NULL,Non_Wetland,Bareland,Built-up,NULL
1363,Forest,Forest,Shrubland,NULL,Non_Wetland,Bareland,Water,NULL
1364,Forest,Forest,Shrubland,NULL,Non_Wetland,Bareland,Forest,NULL
1365,Forest,Forest,Shrubland,NULL,Non_Wetland,Forest,Grassland,NULL
1366,Forest,Forest,Shrubland,NULL,Non_Wetland,Forest,Wetland,NULL
1367,Forest,Forest,Shrubland,NULL,Non_Wetland,Forest,Bareland,NULL
1368,Forest,Forest,Shrubland,NULL,Non_Wetland,Forest,Water,NULL
1369,Forest,Forest,Shrubland,NULL,Non_Wetland,Forest,Forest,NULL
1370,Forest,Forest,Grassland,NULL,Non_Wetland,NULL,Grassland,NULL
1371,Forest,Forest,Grassland,NULL,Non_Wetland,NULL,Wetland,NULL
1372,Forest,Forest,Grassland,NULL,Non_Wetland,NULL,Bareland,NULL
1373,Forest,Forest,Grassland,NULL,Non_Wetland,NULL,Water,NULL
1374,Forest,Forest,Grassland,NULL,Non_Wetland,NULL,Forest,NULL
1375,Forest,Forest,Grassland,NULL,Non_Wetland,Grassland,Shrubland,NULL
1376,Forest,Forest,Grassland,NULL,Non_Wetland,Grassland,Grassland,NULL
1377,Forest,Forest,Grassland,NULL,Non_Wetland,Grassland,Wetland,NULL
1378,Forest,Forest,Grassland,NULL,Non_Wetland,Grassland,Bareland,NULL
1379,Forest,Forest,Grassland,NULL,Non_Wetland,Grassland,Water,NULL
1380,Forest,Forest,Grassland,NULL,Non_Wetland,Grassland,Forest,NULL
1381,Forest,Forest,Grassland,NULL,Non_Wetland,Wetland,NULL,NULL
1382,Forest,Forest,Grassland,NULL,Non_Wetland,Wetland,Shrubland,NULL
1383,Forest,Forest,Grassland,NULL,Non_Wetland,Wetland,Grassland,NULL
1384,Forest,Forest,Grassland,NULL,Non_Wetland,Wetland,Wetland,NULL
1385,Forest,Forest,Grassland,NULL,Non_Wetland,Wetland,Bareland,NULL
1386,Forest,Forest,Grassland,NULL,Non_Wetland,Wetland,Water,NULL
1387,Forest,Forest,Grassland,NULL,Non_Wetland,Wetland,Forest,NULL
1388,Forest,Forest,Grassland,NULL,Non_Wetland,Bareland,Grassland,NULL
1389,Forest,Forest,Grassland,NULL,Non_Wetland,Bareland,Wetland,NULL
1390,Forest,Forest,Grassland,NULL,Non_Wetland,Bareland,Bareland,NULL
1391,Forest,Forest,Grassland,NULL,Non_Wetland,Bareland,Water,NULL
1392,Forest,Forest,Grassland,NULL,Non_Wetland,Bareland,Forest,NULL
1393,Forest,Forest,Grassland,NULL,Non_Wetland,Forest,Grassland,NULL
1394,Forest,Forest,Grassland,NULL,Non_Wetland,Forest,Wetland,NULL
1395,Forest,Forest,Grassland,NULL,Non_Wetland,Forest,Water,NULL
1396,Forest,Forest,Grassland,NULL,Non_Wetland,Forest,Forest,NULL
1397,Forest,Forest,Cropland,NULL,Non_Wetland,NULL,Wetland,NULL
1398,Forest,Forest,Cropland,NULL,Non_Wetland,NULL,Forest,NULL
1399,Forest,Forest,Cropland,NULL,Non_Wetland,Grassland,Wetland,NULL
1400,Forest,Forest,Cropland,NULL,Non_Wetland,Wetland,Wetland,NULL
1401,Forest,Forest,Cropland,NULL,Non_Wetland,Forest,Forest,NULL
1402,Forest,Forest,Wetland,NULL,NULL,NULL,Grassland,NULL
1403,Forest,Forest,Wetland,NULL,NULL,NULL,Wetland,NULL
1404,Forest,Forest,Wetland,NULL,NULL,NULL,Water,NULL
1405,Forest,Forest,Wetland,NULL,NULL,NULL,Forest,NULL
1406,Forest,Forest,Wetland,NULL,NULL,Grassland,Grassland,NULL
1407,Forest,Forest,Wetland,NULL,NULL,Grassland,Wetland,NULL
1408,Forest,Forest,Wetland,NULL,NULL,Grassland,Water,NULL
1409,Forest,Forest,Wetland,NULL,NULL,Grassland,Forest,NULL
1410,Forest,Forest,Wetland,NULL,NULL,Wetland,Shrubland,NULL
1411,Forest,Forest,Wetland,NULL,NULL,Wetland,Grassland,NULL
1412,Forest,Forest,Wetland,NULL,NULL,Wetland,Wetland,NULL
1413,Forest,Forest,Wetland,NULL,NULL,Wetland,Bareland,NULL
1414,Forest,Forest,Wetland,NULL,NULL,Wetland,Water,NULL
1415,Forest,Forest,Wetland,NULL,NULL,Wetland,Forest,NULL
1416,Forest,Forest,Wetland,NULL,NULL,Water,Wetland,NULL
1417,Forest,Forest,Wetland,NULL,NULL,Water,Water,NULL
1418,Forest,Forest,Wetland,NULL,NULL,Forest,Wetland,NULL
1419,Forest,Forest,Wetland,NULL,NULL,Forest,Water,NULL
1420,Forest,Forest,Wetland,NULL,NULL,Forest,Forest,NULL
1421,Forest,Forest,Wetland,NULL,Wetland,NULL,NULL,NULL
1422,Forest,Forest,Wetland,NULL,Wetland,NULL,Shrubland,NULL
1423,Forest,Forest,Wetland,NULL,Wetland,NULL,Grassland,NULL
1424,Forest,Forest,Wetland,NULL,Wetland,NULL,Wetland,NULL
1425,Forest,Forest,Wetland,NULL,Wetland,NULL,Bareland,NULL
1426,Forest,Forest,Wetland,NULL,Wetland,NULL,Water,NULL
1427,Forest,Forest,Wetland,NULL,Wetland,NULL,Forest,NULL
1428,Forest,Forest,Wetland,NULL,Wetland,Grassland,NULL,NULL
1429,Forest,Forest,Wetland,NULL,Wetland,Grassland,Shrubland,NULL
1430,Forest,Forest,Wetland,NULL,Wetland,Grassland,Grassland,NULL
1431,Forest,Forest,Wetland,NULL,Wetland,Grassland,Wetland,NULL
1432,Forest,Forest,Wetland,NULL,Wetland,Grassland,Bareland,NULL
1433,Forest,Forest,Wetland,NULL,Wetland,Grassland,Water,NULL
1434,Forest,Forest,Wetland,NULL,Wetland,Grassland,Forest,NULL
1435,Forest,Forest,Wetland,NULL,Wetland,Wetland,NULL,NULL
1436,Forest,Forest,Wetland,NULL,Wetland,Wetland,Shrubland,NULL
1437,Forest,Forest,Wetland,NULL,Wetland,Wetland,Grassland,NULL
1438,Forest,Forest,Wetland,NULL,Wetland,Wetland,Wetland,NULL
1439,Forest,Forest,Wetland,NULL,Wetland,Wetland,Bareland,NULL
1440,Forest,Forest,Wetland,NULL,Wetland,Wetland,Water,NULL
1441,Forest,Forest,Wetland,NULL,Wetland,Wetland,Forest,NULL
1442,Forest,Forest,Wetland,NULL,Wetland,Bareland,NULL,NULL
1443,Forest,Forest,Wetland,NULL,Wetland,Bareland,Grassland,NULL
1444,Forest,Forest,Wetland,NULL,Wetland,Bareland,Wetland,NULL
1445,Forest,Forest,Wetland,NULL,Wetland,Bareland,Bareland,NULL
1446,Forest,Forest,Wetland,NULL,Wetland,Bareland,Water,NULL
1447,Forest,Forest,Wetland,NULL,Wetland,Bareland,Forest,NULL
1448,Forest,Forest,Wetland,NULL,Wetland,Water,Grassland,NULL
1449,Forest,Forest,Wetland,NULL,Wetland,Water,Wetland,NULL
1450,Forest,Forest,Wetland,NULL,Wetland,Water,Water,NULL
1451,Forest,Forest,Wetland,NULL,Wetland,Water,Forest,NULL
1452,Forest,Forest,Wetland,NULL,Wetland,Forest,NULL,NULL
1453,Forest,Forest,Wetland,NULL,Wetland,Forest,Shrubland,NULL
1454,Forest,Forest,Wetland,NULL,Wetland,Forest,Grassland,NULL
1455,Forest,Forest,Wetland,NULL,Wetland,Forest,Wetland,NULL
1456,Forest,Forest,Wetland,NULL,Wetland,Forest,Water,NULL
1457,Forest,Forest,Wetland,NULL,Wetland,Forest,Forest,NULL
1458,Forest,Forest,Lichens_and_Mosses,NULL,Non_Wetland,NULL,Wetland,NULL
1459,Forest,Forest,Lichens_and_Mosses,NULL,Non_Wetland,Grassland,Wetland,NULL
1460,Forest,Forest,Lichens_and_Mosses,NULL,Non_Wetland,Grassland,Water,NULL
1461,Forest,Forest,Lichens_and_Mosses,NULL,Non_Wetland,Grassland,Forest,NULL
1462,Forest,Forest,Lichens_and_Mosses,NULL,Non_Wetland,Wetland,Wetland,NULL
1463,Forest,Forest,Lichens_and_Mosses,NULL,Non_Wetland,Wetland,Forest,NULL
1464,Forest,Forest,Lichens_and_Mosses,NULL,Non_Wetland,Forest,Forest,NULL
1465,Forest,Forest,Bareland,NULL,Non_Wetland,NULL,Grassland,NULL
1466,Forest,Forest,Bareland,NULL,Non_Wetland,NULL,Wetland,NULL
1467,Forest,Forest,Bareland,NULL,Non_Wetland,NULL,Water,NULL
1468,Forest,Forest,Bareland,NULL,Non_Wetland,NULL,Forest,NULL
1469,Forest,Forest,Bareland,NULL,Non_Wetland,Grassland,NULL,NULL
1470,Forest,Forest,Bareland,NULL,Non_Wetland,Grassland,Grassland,NULL
1471,Forest,Forest,Bareland,NULL,Non_Wetland,Grassland,Wetland,NULL
1472,Forest,Forest,Bareland,NULL,Non_Wetland,Grassland,Water,NULL
1473,Forest,Forest,Bareland,NULL,Non_Wetland,Grassland,Forest,NULL
1474,Forest,Forest,Bareland,NULL,Non_Wetland,Wetland,Grassland,NULL
1475,Forest,Forest,Bareland,NULL,Non_Wetland,Wetland,Wetland,NULL
1476,Forest,Forest,Bareland,NULL,Non_Wetland,Wetland,Water,NULL
1477,Forest,Forest,Bareland,NULL,Non_Wetland,Wetland,Forest,NULL
1478,Forest,Forest,Bareland,NULL,Non_Wetland,Bareland,Wetland,NULL
1479,Forest,Forest,Bareland,NULL,Non_Wetland,Bareland,Bareland,NULL
1480,Forest,Forest,Bareland,NULL,Non_Wetland,Bareland,Forest,NULL
1481,Forest,Forest,Bareland,NULL,Non_Wetland,Water,Wetland,NULL
1482,Forest,Forest,Bareland,NULL,Non_Wetland,Water,Water,NULL
1483,Forest,Forest,Bareland,NULL,Non_Wetland,Forest,NULL,NULL
1484,Forest,Forest,Bareland,NULL,Non_Wetland,Forest,Grassland,NULL
1485,Forest,Forest,Bareland,NULL,Non_Wetland,Forest,Wetland,NULL
1486,Forest,Forest,Bareland,NULL,Non_Wetland,Forest,Water,NULL
1487,Forest,Forest,Bareland,NULL,Non_Wetland,Forest,Forest,NULL
1488,Forest,Forest,Built-up,NULL,Non_Wetland,NULL,Wetland,NULL
1489,Forest,Forest,Built-up,NULL,Non_Wetland,NULL,Water,NULL
1490,Forest,Forest,Built-up,NULL,Non_Wetland,NULL,Forest,NULL
1491,Forest,Forest,Built-up,NULL,Non_Wetland,Grassland,Grassland,NULL
1492,Forest,Forest,Built-up,NULL,Non_Wetland,Grassland,Wetland,NULL
1493,Forest,Forest,Built-up,NULL,Non_Wetland,Grassland,Water,NULL
1494,Forest,Forest,Built-up,NULL,Non_Wetland,Grassland,Forest,NULL
1495,Forest,Forest,Built-up,NULL,Non_Wetland,Wetland,Grassland,NULL
1496,Forest,Forest,Built-up,NULL,Non_Wetland,Wetland,Wetland,NULL
1497,Forest,Forest,Built-up,NULL,Non_Wetland,Wetland,Bareland,NULL
1498,Forest,Forest,Built-up,NULL,Non_Wetland,Wetland,Water,NULL
1499,Forest,Forest,Built-up,NULL,Non_Wetland,Wetland,Forest,NULL
1500,Forest,Forest,Built-up,NULL,Non_Wetland,Bareland,Wetland,NULL
1501,Forest,Forest,Built-up,NULL,Non_Wetland,Bareland,Bareland,NULL
1502,Forest,Forest,Built-up,NULL,Non_Wetland,Bareland,Forest,NULL
1503,Forest,Forest,Built-up,NULL,Non_Wetland,Water,Wetland,NULL
1504,Forest,Forest,Built-up,NULL,Non_Wetland,Water,Water,NULL
1505,Forest,Forest,Built-up,NULL,Non_Wetland,Forest,Wetland,NULL
1506,Forest,Forest,Built-up,NULL,Non_Wetland,Forest,Water,NULL
1507,Forest,Forest,Built-up,NULL,Non_Wetland,Forest,Forest,NULL
1508,Forest,Forest,Water,NULL,NULL,NULL,Grassland,NULL
1509,Forest,Forest,Water,NULL,NULL,NULL,Wetland,NULL
1510,Forest,Forest,Water,NULL,NULL,NULL,Water,NULL
1511,Forest,Forest,Water,NULL,NULL,NULL,Forest,NULL
1512,Forest,Forest,Water,NULL,NULL,Grassland,Wetland,NULL
1513,Forest,Forest,Water,NULL,NULL,Grassland,Water,NULL
1514,Forest,Forest,Water,NULL,NULL,Grassland,Forest,NULL
1515,Forest,Forest,Water,NULL,NULL,Wetland,Wetland,NULL
1516,Forest,Forest,Water,NULL,NULL,Wetland,Water,NULL
1517,Forest,Forest,Water,NULL,NULL,Wetland,Forest,NULL
1518,Forest,Forest,Water,NULL,NULL,Water,Water,NULL
1519,Forest,Forest,Water,NULL,NULL,Forest,Wetland,NULL
1520,Forest,Forest,Water,NULL,NULL,Forest,Water,NULL
1521,Forest,Forest,Water,NULL,NULL,Forest,Forest,NULL
1522,Forest,Forest,Water,NULL,Water,NULL,Shrubland,NULL
1523,Forest,Forest,Water,NULL,Water,NULL,Grassland,NULL
1524,Forest,Forest,Water,NULL,Water,NULL,Wetland,NULL
1525,Forest,Forest,Water,NULL,Water,NULL,Water,NULL
1526,Forest,Forest,Water,NULL,Water,NULL,Forest,NULL
1527,Forest,Forest,Water,NULL,Water,Grassland,Grassland,NULL
1528,Forest,Forest,Water,NULL,Water,Grassland,Wetland,NULL
1529,Forest,Forest,Water,NULL,Water,Grassland,Water,NULL
1530,Forest,Forest,Water,NULL,Water,Grassland,Forest,NULL
1531,Forest,Forest,Water,NULL,Water,Wetland,Grassland,NULL
1532,Forest,Forest,Water,NULL,Water,Wetland,Wetland,NULL
1533,Forest,Forest,Water,NULL,Water,Wetland,Water,NULL
1534,Forest,Forest,Water,NULL,Water,Wetland,Forest,NULL
1535,Forest,Forest,Water,NULL,Water,Bareland,Water,NULL
1536,Forest,Forest,Water,NULL,Water,Water,Wetland,NULL
1537,Forest,Forest,Water,NULL,Water,Water,Water,NULL
1538,Forest,Forest,Water,NULL,Water,Water,Forest,NULL
1539,Forest,Forest,Water,NULL,Water,Forest,Grassland,NULL
1540,Forest,Forest,Water,NULL,Water,Forest,Wetland,NULL
1541,Forest,Forest,Water,NULL,Water,Forest,Water,NULL
1542,Forest,Forest,Water,NULL,Water,Forest,Forest,NULL
1543,Forest,Forest,Forest,NULL,Non_Wetland,NULL,Shrubland,NULL
1544,Forest,Forest,Forest,NULL,Non_Wetland,NULL,Grassland,NULL
1545,Forest,Forest,Forest,NULL,Non_Wetland,NULL,Wetland,NULL
1546,Forest,Forest,Forest,NULL,Non_Wetland,NULL,Bareland,NULL
1547,Forest,Forest,Forest,NULL,Non_Wetland,NULL,Water,NULL
1548,Forest,Forest,Forest,NULL,Non_Wetland,NULL,Forest,NULL
1549,Forest,Forest,Forest,NULL,Non_Wetland,Shrubland,Wetland,NULL
1550,Forest,Forest,Forest,NULL,Non_Wetland,Grassland,NULL,NULL
1551,Forest,Forest,Forest,NULL,Non_Wetland,Grassland,Shrubland,NULL
1552,Forest,Forest,Forest,NULL,Non_Wetland,Grassland,Grassland,NULL
1553,Forest,Forest,Forest,NULL,Non_Wetland,Grassland,Wetland,NULL
1554,Forest,Forest,Forest,NULL,Non_Wetland,Grassland,Water,NULL
1555,Forest,Forest,Forest,NULL,Non_Wetland,Grassland,Forest,NULL
1556,Forest,Forest,Forest,NULL,Non_Wetland,Wetland,NULL,NULL
1557,Forest,Forest,Forest,NULL,Non_Wetland,Wetland,Shrubland,NULL
1558,Forest,Forest,Forest,NULL,Non_Wetland,Wetland,Grassland,NULL
1559,Forest,Forest,Forest,NULL,Non_Wetland,Wetland,Wetland,NULL
1560,Forest,Forest,Forest,NULL,Non_Wetland,Wetland,Bareland,NULL
1561,Forest,Forest,Forest,NULL,Non_Wetland,Wetland,Water,NULL
1562,Forest,Forest,Forest,NULL,Non_Wetland,Wetland,Forest,NULL
1563,Forest,Forest,Forest,NULL,Non_Wetland,Bareland,Wetland,NULL
1564,Forest,Forest,Forest,NULL,Non_Wetland,Bareland,Water,NULL
1565,Forest,Forest,Forest,NULL,Non_Wetland,Bareland,Forest,NULL
1566,Forest,Forest,Forest,NULL,Non_Wetland,Water,Wetland,NULL
1567,Forest,Forest,Forest,NULL,Non_Wetland,Water,Water,NULL
1568,Forest,Forest,Forest,NULL,Non_Wetland,Water,Forest,NULL
1569,Forest,Forest,Forest,NULL,Non_Wetland,Forest,Shrubland,NULL
1570,Forest,Forest,Forest,NULL,Non_Wetland,Forest,Grassland,NULL
1571,Forest,Forest,Forest,NULL,Non_Wetland,Forest,Wetland,NULL
1572,Forest,Forest,Forest,NULL,Non_Wetland,Forest,Water,NULL
1573,Forest,Forest,Forest,NULL,Non_Wetland,Forest,Forest,NULL
