Value,AMAZON_EXTENSION_2024_DynamicWorld_2024_19MFN_M_R,AMAZON_EXTENSION_2024_ESRI_Annual_LULC_2024_19MFN_M_R,AMAZON_EXTENSION_2024_GLC_FCS30D_2022_19MFN_M_R,AMAZON_EXTENSION_2024_GSW_Yearly_2021_19MFN_M_R,AMAZON_EXTENSION_2024_GWL_FCS30D_2022_19MFN_M_R,AMAZON_EXTENSION_2024_MapBiomas_10mbeta_2023_19MFN_M_R,AMAZON_EXTENSION_2024_MapBiomas_Collection10_2024_19MFN_M_R,AMAZON_EXTENSION_2024_WorldCover_2021_19MFN_M_R
0,NULL,NULL,NULL,NULL,Non_Wetland,Grassland,Grassland,Forest
1,NULL,NULL,NULL,NULL,Non_Wetland,Grassland,Wetland,Forest
2,NULL,NULL,NULL,NULL,Non_Wetland,Grassland,Forest,Forest
3,NULL,NULL,NULL,NULL,Non_Wetland,Wetland,Grassland,Forest
4,NULL,NULL,NULL,NULL,Non_Wetland,Wetland,Wetland,Grassland
5,NULL,NULL,NULL,NULL,Non_Wetland,Wetland,Wetland,Forest
6,NULL,NULL,NULL,NULL,Non_Wetland,Wetland,Forest,Forest
7,NULL,NULL,NULL,NULL,Non_Wetland,Forest,Grassland,Forest
8,NULL,NULL,NULL,NULL,Non_Wetland,Forest,Forest,Forest
9,NULL,NULL,Shrubland,NULL,Non_Wetland,Wetland,Wetland,Grassland
10,NULL,NULL,Shrubland,NULL,Non_Wetland,Wetland,Forest,Forest
11,NULL,NULL,Grassland,NULL,Non_Wetland,Grassland,Wetland,Grassland
12,NULL,NULL,Grassland,NULL,Non_Wetland,Grassland,Wetland,Forest
13,NULL,NULL,Grassland,NULL,Non_Wetland,Wetland,Grassland,Grassland
14,NULL,NULL,Grassland,NULL,Non_Wetland,Wetland,Wetland,Grassland
15,NULL,NULL,Grassland,NULL,Non_Wetland,Wetland,Wetland,Forest
16,NULL,NULL,Grassland,NULL,Non_Wetland,Wetland,Forest,Grassland
17,NULL,NULL,Grassland,NULL,Non_Wetland,Wetland,Forest,Forest
18,NULL,NULL,Cropland,NULL,Non_Wetland,Bareland,Wetland,Grassland
19,NULL,NULL,Wetland,NULL,Wetland,Grassland,Wetland,Grassland
20,NULL,NULL,Wetland,NULL,Wetland,Wetland,Wetland,Grassland
21,NULL,NULL,Wetland,NULL,Wetland,Wetland,Wetland,Forest
22,NULL,NULL,Wetland,NULL,Wetland,Wetland,Forest,Forest
23,NULL,NULL,Wetland,NULL,Wetland,Water,Wetland,Forest
24,NULL,NULL,Bareland,NULL,Non_Wetland,Grassland,Wetland,Forest
25,NULL,NULL,Bareland,NULL,Non_Wetland,Wetland,Grassland,Forest
26,NULL,NULL,Bareland,NULL,Non_Wetland,Wetland,Wetland,Grassland
27,NULL,NULL,Bareland,NULL,Non_Wetland,Wetland,Wetland,Forest
28,NULL,NULL,Bareland,NULL,Non_Wetland,Wetland,Forest,Forest
29,NULL,NULL,Built-up,NULL,Non_Wetland,Grassland,Grassland,Grassland
30,NULL,NULL,Built-up,NULL,Non_Wetland,Grassland,Grassland,Forest
31,NULL,NULL,Forest,NULL,Non_Wetland,NULL,Wetland,Forest
32,NULL,NULL,Forest,NULL,Non_Wetland,NULL,Forest,Forest
33,NULL,NULL,Forest,NULL,Non_Wetland,Grassland,Grassland,Forest
34,NULL,NULL,Forest,NULL,Non_Wetland,Grassland,Wetland,Grassland
35,NULL,NULL,Forest,NULL,Non_Wetland,Grassland,Wetland,Forest
36,NULL,NULL,Forest,NULL,Non_Wetland,Grassland,Bareland,Grassland
37,NULL,NULL,Forest,NULL,Non_Wetland,Grassland,Bareland,Forest
38,NULL,NULL,Forest,NULL,Non_Wetland,Grassland,Forest,Forest
39,NULL,NULL,Forest,NULL,Non_Wetland,Wetland,Grassland,Grassland
40,NULL,NULL,Forest,NULL,Non_Wetland,Wetland,Grassland,Forest
41,NULL,NULL,Forest,NULL,Non_Wetland,Wetland,Wetland,Grassland
42,NULL,NULL,Forest,NULL,Non_Wetland,Wetland,Wetland,Forest
43,NULL,NULL,Forest,NULL,Non_Wetland,Wetland,Forest,Forest
44,NULL,NULL,Forest,NULL,Non_Wetland,Forest,Grassland,Forest
45,NULL,NULL,Forest,NULL,Non_Wetland,Forest,Forest,Forest
46,NULL,Wetland,NULL,NULL,Non_Wetland,Grassland,Forest,Grassland
47,NULL,Wetland,NULL,NULL,Non_Wetland,Wetland,Forest,Grassland
48,NULL,Wetland,Grassland,NULL,Non_Wetland,Wetland,Forest,Forest
49,NULL,Wetland,Wetland,NULL,Wetland,Wetland,Wetland,Grassland
50,NULL,Wetland,Wetland,NULL,Wetland,Wetland,Forest,Forest
51,NULL,Wetland,Bareland,NULL,Non_Wetland,Wetland,Wetland,Forest
52,NULL,Wetland,Bareland,NULL,Non_Wetland,Wetland,Forest,Forest
53,NULL,Wetland,Forest,NULL,Non_Wetland,Wetland,Wetland,Grassland
54,NULL,Wetland,Forest,NULL,Non_Wetland,Wetland,Forest,Grassland
55,NULL,Built-up,NULL,NULL,Non_Wetland,Grassland,Bareland,Grassland
56,NULL,Built-up,NULL,NULL,Non_Wetland,Grassland,Bareland,Forest
57,NULL,Built-up,NULL,NULL,Non_Wetland,Bareland,Grassland,Grassland
58,NULL,Built-up,NULL,NULL,Non_Wetland,Bareland,Grassland,Forest
59,NULL,Built-up,NULL,NULL,Non_Wetland,Bareland,Bareland,Grassland
60,NULL,Built-up,NULL,NULL,Non_Wetland,Bareland,Bareland,Forest
61,NULL,Built-up,Grassland,NULL,Non_Wetland,Bareland,Bareland,Forest
62,NULL,Built-up,Cropland,NULL,Non_Wetland,Grassland,Grassland,Forest
63,NULL,Built-up,Cropland,NULL,Non_Wetland,Grassland,Bareland,Grassland
64,NULL,Built-up,Cropland,NULL,Non_Wetland,Grassland,Bareland,Forest
65,NULL,Built-up,Cropland,NULL,Non_Wetland,Bareland,Grassland,Grassland
66,NULL,Built-up,Cropland,NULL,Non_Wetland,Bareland,Grassland,Forest
67,NULL,Built-up,Cropland,NULL,Non_Wetland,Bareland,Bareland,Grassland
68,NULL,Built-up,Cropland,NULL,Non_Wetland,Water,Grassland,Forest
69,NULL,Built-up,Wetland,NULL,Wetland,Grassland,Wetland,Forest
70,NULL,Built-up,Bareland,NULL,Non_Wetland,Water,Bareland,Forest
71,NULL,Built-up,Built-up,NULL,Non_Wetland,Grassland,Grassland,Grassland
72,NULL,Built-up,Built-up,NULL,Non_Wetland,Grassland,Bareland,Grassland
73,NULL,Built-up,Built-up,NULL,Non_Wetland,Bareland,Grassland,Grassland
74,NULL,Built-up,Built-up,NULL,Non_Wetland,Bareland,Grassland,Built-up
75,NULL,Built-up,Built-up,NULL,Non_Wetland,Bareland,Grassland,Forest
76,NULL,Built-up,Built-up,NULL,Non_Wetland,Bareland,Bareland,Grassland
77,NULL,Built-up,Built-up,NULL,Non_Wetland,Bareland,Bareland,Built-up
78,NULL,Built-up,Built-up,NULL,Non_Wetland,Bareland,Bareland,Forest
79,NULL,Built-up,Built-up,NULL,Non_Wetland,Bareland,Water,Forest
80,NULL,Built-up,Built-up,NULL,Non_Wetland,Water,Grassland,Forest
81,NULL,Built-up,Built-up,NULL,Non_Wetland,Water,Bareland,Grassland
82,NULL,Built-up,Built-up,NULL,Non_Wetland,Water,Bareland,Forest
83,NULL,Built-up,Forest,NULL,Non_Wetland,Grassland,Wetland,Forest
84,NULL,Built-up,Forest,NULL,Non_Wetland,Grassland,Bareland,Grassland
85,NULL,Built-up,Forest,NULL,Non_Wetland,Grassland,Bareland,Built-up
86,NULL,Built-up,Forest,NULL,Non_Wetland,Grassland,Bareland,Forest
87,NULL,Built-up,Forest,NULL,Non_Wetland,Bareland,Grassland,Built-up
88,NULL,Built-up,Forest,NULL,Non_Wetland,Bareland,Bareland,Grassland
89,NULL,Built-up,Forest,NULL,Non_Wetland,Bareland,Bareland,Built-up
90,NULL,Built-up,Forest,NULL,Non_Wetland,Bareland,Bareland,Forest
91,NULL,Built-up,Forest,NULL,Non_Wetland,Water,Bareland,Grassland
92,NULL,Water,Shrubland,NULL,Non_Wetland,Water,Wetland,Water
93,NULL,Water,Cropland,NULL,Non_Wetland,Grassland,Wetland,Water
94,NULL,Water,Wetland,Non_Water,Wetland,Water,Wetland,Water
95,NULL,Water,Wetland,Water,Wetland,Water,Wetland,Water
96,NULL,Water,Wetland,Water,Wetland,Water,Water,Water
97,NULL,Water,Wetland,Water,Wetland,Water,Water,Forest
98,NULL,Water,Water,Water,Water,Water,Water,Water
99,NULL,Water,Forest,Water,Non_Wetland,Bareland,Water,Water
100,NULL,Forest,Wetland,NULL,Wetland,Water,Wetland,Water
101,NULL,Forest,Bareland,NULL,Non_Wetland,Water,Wetland,Forest
102,NULL,Forest,Water,NULL,Water,Water,Wetland,Forest
103,NULL,Forest,Forest,NULL,Non_Wetland,Water,Wetland,Water
104,NULL,Forest,Forest,NULL,Non_Wetland,Forest,Grassland,Forest
105,Grassland,NULL,Forest,NULL,Non_Wetland,Grassland,Grassland,Forest
106,Cropland,Water,Wetland,NULL,Wetland,Grassland,Forest,Forest
107,Cropland,Forest,Grassland,NULL,Non_Wetland,Grassland,Forest,Forest
108,Wetland,Wetland,Grassland,NULL,Non_Wetland,Wetland,Forest,Forest
109,Wetland,Wetland,Forest,NULL,Non_Wetland,Wetland,Wetland,Forest
110,Wetland,Wetland,Forest,NULL,Non_Wetland,Wetland,Forest,Forest
111,Bareland,Bareland,Wetland,Water,Wetland,Bareland,Water,Water
112,Bareland,Bareland,Wetland,Water,Wetland,Water,Water,Water
113,Bareland,Built-up,NULL,NULL,Non_Wetland,Water,Bareland,Grassland
114,Bareland,Built-up,Cropland,NULL,Non_Wetland,Bareland,Grassland,Built-up
115,Bareland,Built-up,Built-up,NULL,Non_Wetland,Bareland,Grassland,Grassland
116,Bareland,Built-up,Built-up,NULL,Non_Wetland,Bareland,Grassland,Forest
117,Bareland,Built-up,Built-up,NULL,Non_Wetland,Bareland,Wetland,Forest
118,Bareland,Built-up,Built-up,NULL,Non_Wetland,Bareland,Bareland,Grassland
119,Bareland,Built-up,Built-up,NULL,Non_Wetland,Water,Bareland,Grassland
120,Bareland,Built-up,Built-up,NULL,Non_Wetland,Water,Bareland,Bareland
121,Bareland,Water,Cropland,Non_Water,Non_Wetland,Water,Wetland,Grassland
122,Bareland,Water,Wetland,NULL,Wetland,Water,Wetland,Forest
123,Bareland,Water,Wetland,Non_Water,Wetland,Water,Wetland,Grassland
124,Bareland,Water,Wetland,Water,Wetland,Water,Wetland,Grassland
125,Bareland,Water,Wetland,Water,Wetland,Water,Water,Water
126,Bareland,Water,Water,NULL,Water,Water,Wetland,Forest
127,Bareland,Water,Water,Non_Water,Water,Water,Wetland,Water
128,Bareland,Water,Forest,Non_Water,Non_Wetland,Water,Wetland,Water
129,Water,NULL,Forest,NULL,Non_Wetland,Water,Wetland,Forest
130,Water,Wetland,Wetland,NULL,Wetland,Water,Wetland,Forest
131,Water,Wetland,Water,Non_Water,Water,Water,Water,Water
132,Water,Wetland,Forest,NULL,Non_Wetland,Water,Wetland,Forest
133,Water,Wetland,Forest,NULL,Non_Wetland,Water,Water,Water
134,Water,Wetland,Forest,Water,Non_Wetland,Water,Wetland,Water
135,Water,Built-up,Grassland,NULL,Non_Wetland,Grassland,Bareland,Forest
136,Water,Built-up,Wetland,NULL,Wetland,Water,Bareland,Forest
137,Water,Built-up,Forest,Water,Non_Wetland,Grassland,Water,Forest
138,Water,Water,NULL,NULL,Non_Wetland,Water,Wetland,Water
139,Water,Water,NULL,NULL,Non_Wetland,Water,Wetland,Forest
140,Water,Water,NULL,NULL,Non_Wetland,Water,Water,Water
141,Water,Water,NULL,NULL,Non_Wetland,Water,Water,Forest
142,Water,Water,NULL,NULL,Non_Wetland,Water,Forest,Forest
143,Water,Water,NULL,Non_Water,Non_Wetland,Water,Water,Water
144,Water,Water,NULL,Water,Non_Wetland,Water,Wetland,Water
145,Water,Water,Shrubland,NULL,Non_Wetland,Water,Wetland,Forest
146,Water,Water,Shrubland,NULL,Non_Wetland,Water,Water,Water
147,Water,Water,Shrubland,NULL,Non_Wetland,Water,Water,Forest
148,Water,Water,Shrubland,Water,Non_Wetland,Grassland,Water,Water
149,Water,Water,Shrubland,Water,Non_Wetland,Water,Water,Water
150,Water,Water,Grassland,NULL,Non_Wetland,Water,Wetland,Water
151,Water,Water,Grassland,NULL,Non_Wetland,Water,Wetland,Forest
152,Water,Water,Grassland,NULL,Non_Wetland,Water,Water,Water
153,Water,Water,Grassland,Non_Water,Non_Wetland,Wetland,Wetland,Water
154,Water,Water,Grassland,Non_Water,Non_Wetland,Water,Wetland,Water
155,Water,Water,Grassland,Non_Water,Non_Wetland,Water,Wetland,Forest
156,Water,Water,Grassland,Non_Water,Non_Wetland,Water,Water,Water
157,Water,Water,Grassland,Non_Water,Non_Wetland,Water,Water,Forest
158,Water,Water,Grassland,Non_Water,Non_Wetland,Water,Forest,Forest
159,Water,Water,Grassland,Water,Non_Wetland,Water,Wetland,Water
160,Water,Water,Grassland,Water,Non_Wetland,Water,Water,Water
161,Water,Water,Grassland,Water,Non_Wetland,Water,Water,Forest
162,Water,Water,Grassland,Water,Non_Wetland,Water,Forest,Water
163,Water,Water,Wetland,NULL,Wetland,NULL,Wetland,Water
164,Water,Water,Wetland,NULL,Wetland,NULL,Wetland,Forest
165,Water,Water,Wetland,NULL,Wetland,NULL,Bareland,Forest
166,Water,Water,Wetland,NULL,Wetland,NULL,Water,Water
167,Water,Water,Wetland,NULL,Wetland,Grassland,Wetland,Water
168,Water,Water,Wetland,NULL,Wetland,Grassland,Wetland,Forest
169,Water,Water,Wetland,NULL,Wetland,Grassland,Water,Water
170,Water,Water,Wetland,NULL,Wetland,Grassland,Water,Forest
171,Water,Water,Wetland,NULL,Wetland,Wetland,Wetland,Water
172,Water,Water,Wetland,NULL,Wetland,Wetland,Wetland,Forest
173,Water,Water,Wetland,NULL,Wetland,Wetland,Forest,Forest
174,Water,Water,Wetland,NULL,Wetland,Bareland,Water,Water
175,Water,Water,Wetland,NULL,Wetland,Water,Wetland,Grassland
176,Water,Water,Wetland,NULL,Wetland,Water,Wetland,Water
177,Water,Water,Wetland,NULL,Wetland,Water,Wetland,Forest
178,Water,Water,Wetland,NULL,Wetland,Water,Water,Grassland
179,Water,Water,Wetland,NULL,Wetland,Water,Water,Water
180,Water,Water,Wetland,NULL,Wetland,Water,Water,Forest
181,Water,Water,Wetland,NULL,Wetland,Water,Forest,Water
182,Water,Water,Wetland,NULL,Wetland,Water,Forest,Forest
183,Water,Water,Wetland,NULL,Wetland,Forest,Water,Water
184,Water,Water,Wetland,NULL,Wetland,Forest,Water,Forest
185,Water,Water,Wetland,Non_Water,Wetland,NULL,Wetland,Water
186,Water,Water,Wetland,Non_Water,Wetland,NULL,Wetland,Forest
187,Water,Water,Wetland,Non_Water,Wetland,Grassland,Wetland,Forest
188,Water,Water,Wetland,Non_Water,Wetland,Grassland,Water,Water
189,Water,Water,Wetland,Non_Water,Wetland,Grassland,Water,Forest
190,Water,Water,Wetland,Non_Water,Wetland,Wetland,Wetland,Water
191,Water,Water,Wetland,Non_Water,Wetland,Wetland,Wetland,Forest
192,Water,Water,Wetland,Non_Water,Wetland,Wetland,Water,Forest
193,Water,Water,Wetland,Non_Water,Wetland,Bareland,Wetland,Water
194,Water,Water,Wetland,Non_Water,Wetland,Water,Wetland,Grassland
195,Water,Water,Wetland,Non_Water,Wetland,Water,Wetland,Water
196,Water,Water,Wetland,Non_Water,Wetland,Water,Wetland,Forest
197,Water,Water,Wetland,Non_Water,Wetland,Water,Water,Grassland
198,Water,Water,Wetland,Non_Water,Wetland,Water,Water,Water
199,Water,Water,Wetland,Non_Water,Wetland,Water,Water,Forest
200,Water,Water,Wetland,Non_Water,Wetland,Water,Forest,Water
201,Water,Water,Wetland,Water,Wetland,NULL,Wetland,Water
202,Water,Water,Wetland,Water,Wetland,NULL,Wetland,Forest
203,Water,Water,Wetland,Water,Wetland,NULL,Water,Water
204,Water,Water,Wetland,Water,Wetland,Grassland,Water,Forest
205,Water,Water,Wetland,Water,Wetland,Wetland,Wetland,Forest
206,Water,Water,Wetland,Water,Wetland,Bareland,Water,Water
207,Water,Water,Wetland,Water,Wetland,Water,Wetland,Water
208,Water,Water,Wetland,Water,Wetland,Water,Wetland,Forest
209,Water,Water,Wetland,Water,Wetland,Water,Water,Grassland
210,Water,Water,Wetland,Water,Wetland,Water,Water,Water
211,Water,Water,Wetland,Water,Wetland,Water,Water,Forest
212,Water,Water,Wetland,Water,Wetland,Water,Forest,Water
213,Water,Water,Bareland,NULL,Non_Wetland,Water,Wetland,Water
214,Water,Water,Bareland,NULL,Non_Wetland,Water,Wetland,Forest
215,Water,Water,Bareland,NULL,Non_Wetland,Water,Water,Water
216,Water,Water,Bareland,NULL,Non_Wetland,Water,Water,Forest
217,Water,Water,Bareland,NULL,Non_Wetland,Water,Forest,Water
218,Water,Water,Bareland,Non_Water,Non_Wetland,NULL,Wetland,Water
219,Water,Water,Bareland,Non_Water,Non_Wetland,NULL,Wetland,Forest
220,Water,Water,Bareland,Non_Water,Non_Wetland,Grassland,Water,Water
221,Water,Water,Bareland,Non_Water,Non_Wetland,Water,Wetland,Water
222,Water,Water,Bareland,Non_Water,Non_Wetland,Water,Wetland,Forest
223,Water,Water,Bareland,Non_Water,Non_Wetland,Water,Water,Water
224,Water,Water,Bareland,Non_Water,Non_Wetland,Water,Water,Forest
225,Water,Water,Bareland,Non_Water,Non_Wetland,Water,Forest,Water
226,Water,Water,Bareland,Water,Non_Wetland,Water,Wetland,Water
227,Water,Water,Bareland,Water,Non_Wetland,Water,Wetland,Forest
228,Water,Water,Bareland,Water,Non_Wetland,Water,Water,Water
229,Water,Water,Bareland,Water,Non_Wetland,Water,Water,Forest
230,Water,Water,Water,NULL,Water,NULL,Water,Water
231,Water,Water,Water,NULL,Water,Grassland,Wetland,Water
232,Water,Water,Water,NULL,Water,Grassland,Wetland,Forest
233,Water,Water,Water,NULL,Water,Grassland,Water,Water
234,Water,Water,Water,NULL,Water,Grassland,Water,Forest
235,Water,Water,Water,NULL,Water,Wetland,Wetland,Water
236,Water,Water,Water,NULL,Water,Bareland,Wetland,Water
237,Water,Water,Water,NULL,Water,Water,Wetland,Wetland
238,Water,Water,Water,NULL,Water,Water,Wetland,Water
239,Water,Water,Water,NULL,Water,Water,Wetland,Forest
240,Water,Water,Water,NULL,Water,Water,Bareland,Water
241,Water,Water,Water,NULL,Water,Water,Water,Water
242,Water,Water,Water,NULL,Water,Water,Water,Forest
243,Water,Water,Water,NULL,Water,Water,Forest,Water
244,Water,Water,Water,NULL,Water,Water,Forest,Forest
245,Water,Water,Water,Non_Water,Water,Grassland,Water,Water
246,Water,Water,Water,Non_Water,Water,Bareland,Wetland,Water
247,Water,Water,Water,Non_Water,Water,Bareland,Water,Water
248,Water,Water,Water,Non_Water,Water,Water,Wetland,Water
249,Water,Water,Water,Non_Water,Water,Water,Wetland,Forest
250,Water,Water,Water,Non_Water,Water,Water,Water,Water
251,Water,Water,Water,Non_Water,Water,Water,Water,Forest
252,Water,Water,Water,Non_Water,Water,Water,Forest,Water
253,Water,Water,Water,Non_Water,Water,Water,Forest,Forest
254,Water,Water,Water,Water,Water,NULL,Wetland,Forest
255,Water,Water,Water,Water,Water,NULL,Water,Water
256,Water,Water,Water,Water,Water,Grassland,Wetland,Grassland
257,Water,Water,Water,Water,Water,Grassland,Water,Water
258,Water,Water,Water,Water,Water,Grassland,Water,Forest
259,Water,Water,Water,Water,Water,Wetland,Water,Water
260,Water,Water,Water,Water,Water,Bareland,Water,Water
261,Water,Water,Water,Water,Water,Water,Wetland,Water
262,Water,Water,Water,Water,Water,Water,Wetland,Forest
263,Water,Water,Water,Water,Water,Water,Bareland,Forest
264,Water,Water,Water,Water,Water,Water,Water,Grassland
265,Water,Water,Water,Water,Water,Water,Water,Wetland
266,Water,Water,Water,Water,Water,Water,Water,Water
267,Water,Water,Water,Water,Water,Water,Water,Forest
268,Water,Water,Water,Water,Water,Water,Forest,Water
269,Water,Water,Water,Water,Water,Water,Forest,Forest
270,Water,Water,Forest,NULL,Non_Wetland,NULL,Wetland,Water
271,Water,Water,Forest,NULL,Non_Wetland,NULL,Wetland,Forest
272,Water,Water,Forest,NULL,Non_Wetland,Grassland,Wetland,Water
273,Water,Water,Forest,NULL,Non_Wetland,Grassland,Wetland,Forest
274,Water,Water,Forest,NULL,Non_Wetland,Grassland,Water,Forest
275,Water,Water,Forest,NULL,Non_Wetland,Wetland,Wetland,Forest
276,Water,Water,Forest,NULL,Non_Wetland,Water,Wetland,Water
277,Water,Water,Forest,NULL,Non_Wetland,Water,Wetland,Forest
278,Water,Water,Forest,NULL,Non_Wetland,Water,Water,Water
279,Water,Water,Forest,NULL,Non_Wetland,Water,Water,Forest
280,Water,Water,Forest,NULL,Non_Wetland,Water,Forest,Water
281,Water,Water,Forest,NULL,Non_Wetland,Water,Forest,Forest
282,Water,Water,Forest,Non_Water,Non_Wetland,Grassland,Wetland,Water
283,Water,Water,Forest,Non_Water,Non_Wetland,Bareland,Water,Forest
284,Water,Water,Forest,Non_Water,Non_Wetland,Water,Wetland,Water
285,Water,Water,Forest,Non_Water,Non_Wetland,Water,Wetland,Forest
286,Water,Water,Forest,Non_Water,Non_Wetland,Water,Water,Water
287,Water,Water,Forest,Non_Water,Non_Wetland,Water,Water,Forest
288,Water,Water,Forest,Non_Water,Non_Wetland,Water,Forest,Water
289,Water,Water,Forest,Water,Non_Wetland,NULL,Water,Water
290,Water,Water,Forest,Water,Non_Wetland,Grassland,Wetland,Forest
291,Water,Water,Forest,Water,Non_Wetland,Water,Wetland,Water
292,Water,Water,Forest,Water,Non_Wetland,Water,Wetland,Forest
293,Water,Water,Forest,Water,Non_Wetland,Water,Water,Water
294,Water,Water,Forest,Water,Non_Wetland,Water,Water,Forest
295,Water,Water,Forest,Water,Non_Wetland,Water,Forest,Water
296,Water,Water,Forest,Water,Non_Wetland,Water,Forest,Forest
297,Water,Forest,Wetland,Non_Water,Wetland,Wetland,Wetland,Forest
298,Permanent_ice_and_snow,Built-up,Cropland,NULL,Non_Wetland,Bareland,Bareland,Grassland
299,Permanent_ice_and_snow,Built-up,Built-up,NULL,Non_Wetland,Bareland,Bareland,Grassland
300,Permanent_ice_and_snow,Built-up,Built-up,NULL,Non_Wetland,Water,Bareland,Grassland
301,Permanent_ice_and_snow,Water,Wetland,Non_Water,Wetland,Water,Wetland,Water
302,Permanent_ice_and_snow,Water,Water,NULL,Water,Grassland,Wetland,Water
303,Forest,NULL,NULL,NULL,Non_Wetland,NULL,Forest,Forest
304,Forest,NULL,NULL,NULL,Non_Wetland,Grassland,Grassland,Forest
305,Forest,NULL,NULL,NULL,Non_Wetland,Grassland,Wetland,NULL
306,Forest,NULL,NULL,NULL,Non_Wetland,Grassland,Wetland,Grassland
307,Forest,NULL,NULL,NULL,Non_Wetland,Grassland,Forest,NULL
308,Forest,NULL,NULL,NULL,Non_Wetland,Grassland,Forest,Grassland
309,Forest,NULL,NULL,NULL,Non_Wetland,Grassland,Forest,Forest
310,Forest,NULL,NULL,NULL,Non_Wetland,Wetland,Grassland,NULL
311,Forest,NULL,NULL,NULL,Non_Wetland,Wetland,Grassland,Forest
312,Forest,NULL,NULL,NULL,Non_Wetland,Wetland,Wetland,NULL
313,Forest,NULL,NULL,NULL,Non_Wetland,Wetland,Wetland,Grassland
314,Forest,NULL,NULL,NULL,Non_Wetland,Wetland,Wetland,Forest
315,Forest,NULL,NULL,NULL,Non_Wetland,Wetland,Forest,NULL
316,Forest,NULL,NULL,NULL,Non_Wetland,Wetland,Forest,Grassland
317,Forest,NULL,NULL,NULL,Non_Wetland,Wetland,Forest,Forest
318,Forest,NULL,NULL,NULL,Non_Wetland,Water,Wetland,Forest
319,Forest,NULL,NULL,NULL,Non_Wetland,Forest,Grassland,Forest
320,Forest,NULL,NULL,NULL,Non_Wetland,Forest,Forest,Forest
321,Forest,NULL,Grassland,NULL,Non_Wetland,Grassland,Grassland,Grassland
322,Forest,NULL,Grassland,NULL,Non_Wetland,Grassland,Grassland,Forest
323,Forest,NULL,Grassland,NULL,Non_Wetland,Grassland,Wetland,NULL
324,Forest,NULL,Grassland,NULL,Non_Wetland,Grassland,Wetland,Grassland
325,Forest,NULL,Grassland,NULL,Non_Wetland,Grassland,Wetland,Forest
326,Forest,NULL,Grassland,NULL,Non_Wetland,Grassland,Forest,NULL
327,Forest,NULL,Grassland,NULL,Non_Wetland,Grassland,Forest,Forest
328,Forest,NULL,Grassland,NULL,Non_Wetland,Wetland,Grassland,Grassland
329,Forest,NULL,Grassland,NULL,Non_Wetland,Wetland,Grassland,Forest
330,Forest,NULL,Grassland,NULL,Non_Wetland,Wetland,Wetland,NULL
331,Forest,NULL,Grassland,NULL,Non_Wetland,Wetland,Wetland,Grassland
332,Forest,NULL,Grassland,NULL,Non_Wetland,Wetland,Wetland,Forest
333,Forest,NULL,Grassland,NULL,Non_Wetland,Wetland,Forest,Grassland
334,Forest,NULL,Grassland,NULL,Non_Wetland,Wetland,Forest,Forest
335,Forest,NULL,Cropland,NULL,Non_Wetland,Grassland,Grassland,Forest
336,Forest,NULL,Cropland,NULL,Non_Wetland,Wetland,Forest,Forest
337,Forest,NULL,Wetland,NULL,Wetland,NULL,Wetland,Forest
338,Forest,NULL,Wetland,NULL,Wetland,NULL,Forest,Forest
339,Forest,NULL,Wetland,NULL,Wetland,Grassland,Wetland,NULL
340,Forest,NULL,Wetland,NULL,Wetland,Grassland,Wetland,Grassland
341,Forest,NULL,Wetland,NULL,Wetland,Grassland,Wetland,Forest
342,Forest,NULL,Wetland,NULL,Wetland,Grassland,Bareland,Forest
343,Forest,NULL,Wetland,NULL,Wetland,Grassland,Forest,NULL
344,Forest,NULL,Wetland,NULL,Wetland,Grassland,Forest,Grassland
345,Forest,NULL,Wetland,NULL,Wetland,Grassland,Forest,Forest
346,Forest,NULL,Wetland,NULL,Wetland,Wetland,Grassland,NULL
347,Forest,NULL,Wetland,NULL,Wetland,Wetland,Grassland,Forest
348,Forest,NULL,Wetland,NULL,Wetland,Wetland,Wetland,NULL
349,Forest,NULL,Wetland,NULL,Wetland,Wetland,Wetland,Grassland
350,Forest,NULL,Wetland,NULL,Wetland,Wetland,Wetland,Forest
351,Forest,NULL,Wetland,NULL,Wetland,Wetland,Forest,NULL
352,Forest,NULL,Wetland,NULL,Wetland,Wetland,Forest,Grassland
353,Forest,NULL,Wetland,NULL,Wetland,Wetland,Forest,Forest
354,Forest,NULL,Wetland,NULL,Wetland,Water,Wetland,Forest
355,Forest,NULL,Wetland,NULL,Wetland,Water,Forest,Forest
356,Forest,NULL,Bareland,NULL,Non_Wetland,NULL,Forest,Forest
357,Forest,NULL,Bareland,NULL,Non_Wetland,Grassland,Wetland,NULL
358,Forest,NULL,Bareland,NULL,Non_Wetland,Grassland,Wetland,Grassland
359,Forest,NULL,Bareland,NULL,Non_Wetland,Grassland,Wetland,Forest
360,Forest,NULL,Bareland,NULL,Non_Wetland,Grassland,Forest,Forest
361,Forest,NULL,Bareland,NULL,Non_Wetland,Wetland,Grassland,NULL
362,Forest,NULL,Bareland,NULL,Non_Wetland,Wetland,Grassland,Forest
363,Forest,NULL,Bareland,NULL,Non_Wetland,Wetland,Wetland,NULL
364,Forest,NULL,Bareland,NULL,Non_Wetland,Wetland,Wetland,Grassland
365,Forest,NULL,Bareland,NULL,Non_Wetland,Wetland,Wetland,Forest
366,Forest,NULL,Bareland,NULL,Non_Wetland,Wetland,Forest,NULL
367,Forest,NULL,Bareland,NULL,Non_Wetland,Wetland,Forest,Grassland
368,Forest,NULL,Bareland,NULL,Non_Wetland,Wetland,Forest,Forest
369,Forest,NULL,Bareland,NULL,Non_Wetland,Water,Wetland,Forest
370,Forest,NULL,Forest,NULL,Non_Wetland,NULL,Wetland,Forest
371,Forest,NULL,Forest,NULL,Non_Wetland,NULL,Forest,Forest
372,Forest,NULL,Forest,NULL,Non_Wetland,Grassland,Grassland,Grassland
373,Forest,NULL,Forest,NULL,Non_Wetland,Grassland,Grassland,Forest
374,Forest,NULL,Forest,NULL,Non_Wetland,Grassland,Wetland,NULL
375,Forest,NULL,Forest,NULL,Non_Wetland,Grassland,Wetland,Grassland
376,Forest,NULL,Forest,NULL,Non_Wetland,Grassland,Wetland,Forest
377,Forest,NULL,Forest,NULL,Non_Wetland,Grassland,Forest,NULL
378,Forest,NULL,Forest,NULL,Non_Wetland,Grassland,Forest,Grassland
379,Forest,NULL,Forest,NULL,Non_Wetland,Grassland,Forest,Forest
380,Forest,NULL,Forest,NULL,Non_Wetland,Wetland,NULL,NULL
381,Forest,NULL,Forest,NULL,Non_Wetland,Wetland,NULL,Forest
382,Forest,NULL,Forest,NULL,Non_Wetland,Wetland,Grassland,NULL
383,Forest,NULL,Forest,NULL,Non_Wetland,Wetland,Grassland,Grassland
384,Forest,NULL,Forest,NULL,Non_Wetland,Wetland,Grassland,Forest
385,Forest,NULL,Forest,NULL,Non_Wetland,Wetland,Wetland,NULL
386,Forest,NULL,Forest,NULL,Non_Wetland,Wetland,Wetland,Grassland
387,Forest,NULL,Forest,NULL,Non_Wetland,Wetland,Wetland,Forest
388,Forest,NULL,Forest,NULL,Non_Wetland,Wetland,Forest,NULL
389,Forest,NULL,Forest,NULL,Non_Wetland,Wetland,Forest,Grassland
390,Forest,NULL,Forest,NULL,Non_Wetland,Wetland,Forest,Forest
391,Forest,NULL,Forest,NULL,Non_Wetland,Water,Wetland,Forest
392,Forest,NULL,Forest,NULL,Non_Wetland,Water,Forest,Grassland
393,Forest,NULL,Forest,NULL,Non_Wetland,Forest,Grassland,Forest
394,Forest,NULL,Forest,NULL,Non_Wetland,Forest,Forest,Forest
395,Forest,Wetland,NULL,NULL,Non_Wetland,NULL,Wetland,Forest
396,Forest,Wetland,NULL,NULL,Non_Wetland,Grassland,Wetland,Forest
397,Forest,Wetland,NULL,NULL,Non_Wetland,Grassland,Forest,NULL
398,Forest,Wetland,NULL,NULL,Non_Wetland,Grassland,Forest,Forest
399,Forest,Wetland,NULL,NULL,Non_Wetland,Wetland,Wetland,Grassland
400,Forest,Wetland,NULL,NULL,Non_Wetland,Wetland,Wetland,Forest
401,Forest,Wetland,NULL,NULL,Non_Wetland,Wetland,Forest,NULL
402,Forest,Wetland,NULL,NULL,Non_Wetland,Wetland,Forest,Forest
403,Forest,Wetland,NULL,NULL,Non_Wetland,Forest,Forest,Forest
404,Forest,Wetland,Shrubland,NULL,Non_Wetland,Wetland,Forest,Forest
405,Forest,Wetland,Grassland,NULL,Non_Wetland,Grassland,Wetland,Forest
406,Forest,Wetland,Grassland,NULL,Non_Wetland,Grassland,Forest,Forest
407,Forest,Wetland,Grassland,NULL,Non_Wetland,Wetland,Forest,Forest
408,Forest,Wetland,Wetland,NULL,Wetland,NULL,Wetland,Forest
409,Forest,Wetland,Wetland,NULL,Wetland,NULL,Forest,Forest
410,Forest,Wetland,Wetland,NULL,Wetland,Grassland,Wetland,Forest
411,Forest,Wetland,Wetland,NULL,Wetland,Grassland,Forest,Grassland
412,Forest,Wetland,Wetland,NULL,Wetland,Grassland,Forest,Forest
413,Forest,Wetland,Wetland,NULL,Wetland,Wetland,Wetland,NULL
414,Forest,Wetland,Wetland,NULL,Wetland,Wetland,Wetland,Forest
415,Forest,Wetland,Wetland,NULL,Wetland,Wetland,Forest,NULL
416,Forest,Wetland,Wetland,NULL,Wetland,Wetland,Forest,Grassland
417,Forest,Wetland,Wetland,NULL,Wetland,Wetland,Forest,Forest
418,Forest,Wetland,Wetland,NULL,Wetland,Water,Wetland,Forest
419,Forest,Wetland,Wetland,NULL,Wetland,Water,Forest,Forest
420,Forest,Wetland,Wetland,NULL,Wetland,Forest,Forest,Forest
421,Forest,Wetland,Bareland,NULL,Non_Wetland,NULL,Forest,Forest
422,Forest,Wetland,Bareland,NULL,Non_Wetland,Grassland,Wetland,Forest
423,Forest,Wetland,Bareland,NULL,Non_Wetland,Grassland,Forest,Grassland
424,Forest,Wetland,Bareland,NULL,Non_Wetland,Grassland,Forest,Forest
425,Forest,Wetland,Bareland,NULL,Non_Wetland,Wetland,Wetland,Grassland
426,Forest,Wetland,Bareland,NULL,Non_Wetland,Wetland,Wetland,Forest
427,Forest,Wetland,Bareland,NULL,Non_Wetland,Wetland,Forest,Grassland
428,Forest,Wetland,Bareland,NULL,Non_Wetland,Wetland,Forest,Forest
429,Forest,Wetland,Bareland,NULL,Non_Wetland,Water,Wetland,Forest
430,Forest,Wetland,Bareland,NULL,Non_Wetland,Forest,Wetland,Forest
431,Forest,Wetland,Bareland,NULL,Non_Wetland,Forest,Forest,Forest
432,Forest,Wetland,Bareland,Water,Non_Wetland,Forest,Wetland,Forest
433,Forest,Wetland,Water,Non_Water,Water,Water,Water,Water
434,Forest,Wetland,Water,Water,Water,Water,Wetland,Forest
435,Forest,Wetland,Forest,NULL,Non_Wetland,NULL,Wetland,Forest
436,Forest,Wetland,Forest,NULL,Non_Wetland,NULL,Water,Forest
437,Forest,Wetland,Forest,NULL,Non_Wetland,NULL,Forest,Forest
438,Forest,Wetland,Forest,NULL,Non_Wetland,Grassland,Forest,Forest
439,Forest,Wetland,Forest,NULL,Non_Wetland,Wetland,Wetland,NULL
440,Forest,Wetland,Forest,NULL,Non_Wetland,Wetland,Wetland,Forest
441,Forest,Wetland,Forest,NULL,Non_Wetland,Wetland,Forest,NULL
442,Forest,Wetland,Forest,NULL,Non_Wetland,Wetland,Forest,Grassland
443,Forest,Wetland,Forest,NULL,Non_Wetland,Wetland,Forest,Forest
444,Forest,Wetland,Forest,NULL,Non_Wetland,Water,Wetland,Forest
445,Forest,Wetland,Forest,NULL,Non_Wetland,Water,Water,Water
446,Forest,Wetland,Forest,NULL,Non_Wetland,Water,Water,Forest
447,Forest,Wetland,Forest,NULL,Non_Wetland,Water,Forest,Forest
448,Forest,Wetland,Forest,NULL,Non_Wetland,Forest,Wetland,Forest
449,Forest,Wetland,Forest,NULL,Non_Wetland,Forest,Forest,Forest
450,Forest,Built-up,NULL,NULL,Non_Wetland,Grassland,Grassland,Forest
451,Forest,Built-up,NULL,NULL,Non_Wetland,Grassland,Wetland,Forest
452,Forest,Built-up,NULL,NULL,Non_Wetland,Grassland,Bareland,Grassland
453,Forest,Built-up,NULL,NULL,Non_Wetland,Grassland,Bareland,Forest
454,Forest,Built-up,NULL,NULL,Non_Wetland,Wetland,Grassland,Forest
455,Forest,Built-up,NULL,NULL,Non_Wetland,Wetland,Bareland,Grassland
456,Forest,Built-up,NULL,NULL,Non_Wetland,Bareland,Grassland,Forest
457,Forest,Built-up,NULL,NULL,Non_Wetland,Bareland,Bareland,Grassland
458,Forest,Built-up,Grassland,NULL,Non_Wetland,Grassland,Bareland,Forest
459,Forest,Built-up,Grassland,NULL,Non_Wetland,Bareland,Wetland,Forest
460,Forest,Built-up,Cropland,NULL,Non_Wetland,Grassland,Wetland,Forest
461,Forest,Built-up,Cropland,NULL,Non_Wetland,Grassland,Bareland,Forest
462,Forest,Built-up,Cropland,NULL,Non_Wetland,Wetland,Grassland,Grassland
463,Forest,Built-up,Cropland,NULL,Non_Wetland,Wetland,Grassland,Forest
464,Forest,Built-up,Cropland,NULL,Non_Wetland,Bareland,Grassland,Built-up
465,Forest,Built-up,Cropland,NULL,Non_Wetland,Bareland,Grassland,Forest
466,Forest,Built-up,Cropland,NULL,Non_Wetland,Bareland,Bareland,Grassland
467,Forest,Built-up,Cropland,NULL,Non_Wetland,Bareland,Bareland,Forest
468,Forest,Built-up,Cropland,NULL,Non_Wetland,Water,Wetland,Grassland
469,Forest,Built-up,Wetland,NULL,Wetland,Grassland,Bareland,Forest
470,Forest,Built-up,Wetland,NULL,Wetland,Wetland,Wetland,Forest
471,Forest,Built-up,Wetland,NULL,Wetland,Wetland,Bareland,Forest
472,Forest,Built-up,Wetland,NULL,Wetland,Bareland,Wetland,Grassland
473,Forest,Built-up,Wetland,NULL,Wetland,Water,Wetland,Forest
474,Forest,Built-up,Built-up,NULL,Non_Wetland,Grassland,Grassland,Forest
475,Forest,Built-up,Built-up,NULL,Non_Wetland,Grassland,Wetland,Forest
476,Forest,Built-up,Built-up,NULL,Non_Wetland,Grassland,Bareland,Forest
477,Forest,Built-up,Built-up,NULL,Non_Wetland,Bareland,Grassland,Built-up
478,Forest,Built-up,Built-up,NULL,Non_Wetland,Bareland,Wetland,Forest
479,Forest,Built-up,Built-up,NULL,Non_Wetland,Bareland,Bareland,Forest
480,Forest,Built-up,Forest,NULL,Non_Wetland,Grassland,Grassland,Forest
481,Forest,Built-up,Forest,NULL,Non_Wetland,Grassland,Wetland,Forest
482,Forest,Built-up,Forest,NULL,Non_Wetland,Grassland,Bareland,Grassland
483,Forest,Built-up,Forest,NULL,Non_Wetland,Grassland,Bareland,Forest
484,Forest,Built-up,Forest,NULL,Non_Wetland,Grassland,Forest,Grassland
485,Forest,Built-up,Forest,NULL,Non_Wetland,Wetland,Grassland,Forest
486,Forest,Built-up,Forest,NULL,Non_Wetland,Wetland,Bareland,Forest
487,Forest,Built-up,Forest,NULL,Non_Wetland,Bareland,Grassland,Forest
488,Forest,Built-up,Forest,NULL,Non_Wetland,Bareland,Wetland,Forest
489,Forest,Built-up,Forest,NULL,Non_Wetland,Bareland,Bareland,Forest
490,Forest,Water,NULL,NULL,Non_Wetland,NULL,Wetland,Water
491,Forest,Water,NULL,NULL,Non_Wetland,NULL,Wetland,Forest
492,Forest,Water,NULL,NULL,Non_Wetland,NULL,Water,Forest
493,Forest,Water,NULL,NULL,Non_Wetland,Grassland,Wetland,Forest
494,Forest,Water,NULL,NULL,Non_Wetland,Grassland,Water,Forest
495,Forest,Water,NULL,NULL,Non_Wetland,Grassland,Forest,Forest
496,Forest,Water,NULL,NULL,Non_Wetland,Wetland,Wetland,Forest
497,Forest,Water,NULL,NULL,Non_Wetland,Bareland,Water,Forest
498,Forest,Water,NULL,NULL,Non_Wetland,Water,Wetland,Water
499,Forest,Water,NULL,NULL,Non_Wetland,Water,Wetland,Forest
500,Forest,Water,NULL,NULL,Non_Wetland,Water,Water,Water
501,Forest,Water,NULL,NULL,Non_Wetland,Water,Water,Forest
502,Forest,Water,NULL,NULL,Non_Wetland,Water,Forest,Water
503,Forest,Water,NULL,NULL,Non_Wetland,Water,Forest,Forest
504,Forest,Water,NULL,NULL,Non_Wetland,Forest,Wetland,Forest
505,Forest,Water,NULL,Non_Water,Non_Wetland,Grassland,Wetland,Grassland
506,Forest,Water,NULL,Non_Water,Non_Wetland,Grassland,Wetland,Water
507,Forest,Water,NULL,Non_Water,Non_Wetland,Wetland,Wetland,Water
508,Forest,Water,NULL,Non_Water,Non_Wetland,Water,Wetland,Water
509,Forest,Water,NULL,Non_Water,Non_Wetland,Water,Wetland,Forest
510,Forest,Water,NULL,Non_Water,Non_Wetland,Water,Forest,Forest
511,Forest,Water,NULL,Water,Non_Wetland,Grassland,Wetland,Forest
512,Forest,Water,NULL,Water,Non_Wetland,Water,Wetland,Forest
513,Forest,Water,NULL,Water,Non_Wetland,Water,Water,Water
514,Forest,Water,NULL,Water,Non_Wetland,Water,Water,Forest
515,Forest,Water,NULL,Water,Non_Wetland,Water,Forest,Forest
516,Forest,Water,Shrubland,NULL,Non_Wetland,NULL,Wetland,Water
517,Forest,Water,Shrubland,NULL,Non_Wetland,NULL,Wetland,Forest
518,Forest,Water,Shrubland,NULL,Non_Wetland,Water,Wetland,Water
519,Forest,Water,Shrubland,NULL,Non_Wetland,Water,Wetland,Forest
520,Forest,Water,Shrubland,NULL,Non_Wetland,Water,Water,Forest
521,Forest,Water,Shrubland,NULL,Non_Wetland,Water,Forest,Forest
522,Forest,Water,Shrubland,Non_Water,Non_Wetland,Water,Water,Forest
523,Forest,Water,Grassland,NULL,Non_Wetland,NULL,Wetland,Water
524,Forest,Water,Grassland,NULL,Non_Wetland,NULL,Wetland,Forest
525,Forest,Water,Grassland,NULL,Non_Wetland,NULL,Water,Forest
526,Forest,Water,Grassland,NULL,Non_Wetland,NULL,Forest,Forest
527,Forest,Water,Grassland,NULL,Non_Wetland,Grassland,Wetland,Forest
528,Forest,Water,Grassland,NULL,Non_Wetland,Grassland,Water,Forest
529,Forest,Water,Grassland,NULL,Non_Wetland,Grassland,Forest,Forest
530,Forest,Water,Grassland,NULL,Non_Wetland,Wetland,Wetland,Water
531,Forest,Water,Grassland,NULL,Non_Wetland,Wetland,Wetland,Forest
532,Forest,Water,Grassland,NULL,Non_Wetland,Bareland,Wetland,Forest
533,Forest,Water,Grassland,NULL,Non_Wetland,Water,Wetland,Bareland
534,Forest,Water,Grassland,NULL,Non_Wetland,Water,Wetland,Water
535,Forest,Water,Grassland,NULL,Non_Wetland,Water,Wetland,Forest
536,Forest,Water,Grassland,NULL,Non_Wetland,Water,Water,Water
537,Forest,Water,Grassland,NULL,Non_Wetland,Water,Water,Forest
538,Forest,Water,Grassland,NULL,Non_Wetland,Water,Forest,Water
539,Forest,Water,Grassland,NULL,Non_Wetland,Water,Forest,Forest
540,Forest,Water,Grassland,Non_Water,Non_Wetland,NULL,Wetland,Forest
541,Forest,Water,Grassland,Non_Water,Non_Wetland,Grassland,Wetland,Forest
542,Forest,Water,Grassland,Non_Water,Non_Wetland,Grassland,Water,Forest
543,Forest,Water,Grassland,Non_Water,Non_Wetland,Wetland,Wetland,Water
544,Forest,Water,Grassland,Non_Water,Non_Wetland,Bareland,Wetland,Bareland
545,Forest,Water,Grassland,Non_Water,Non_Wetland,Water,Wetland,Water
546,Forest,Water,Grassland,Non_Water,Non_Wetland,Water,Wetland,Forest
547,Forest,Water,Grassland,Non_Water,Non_Wetland,Water,Water,Water
548,Forest,Water,Grassland,Non_Water,Non_Wetland,Water,Water,Forest
549,Forest,Water,Grassland,Non_Water,Non_Wetland,Water,Forest,Water
550,Forest,Water,Grassland,Non_Water,Non_Wetland,Water,Forest,Forest
551,Forest,Water,Grassland,Water,Non_Wetland,Water,Wetland,Water
552,Forest,Water,Grassland,Water,Non_Wetland,Water,Wetland,Forest
553,Forest,Water,Grassland,Water,Non_Wetland,Water,Water,Water
554,Forest,Water,Grassland,Water,Non_Wetland,Water,Water,Forest
555,Forest,Water,Grassland,Water,Non_Wetland,Water,Forest,Forest
556,Forest,Water,Cropland,NULL,Non_Wetland,NULL,Wetland,Forest
557,Forest,Water,Cropland,NULL,Non_Wetland,Grassland,Wetland,Forest
558,Forest,Water,Cropland,NULL,Non_Wetland,Bareland,Wetland,Forest
559,Forest,Water,Cropland,NULL,Non_Wetland,Water,Wetland,Forest
560,Forest,Water,Cropland,Non_Water,Non_Wetland,Wetland,Water,Forest
561,Forest,Water,Cropland,Non_Water,Non_Wetland,Water,Wetland,Water
562,Forest,Water,Wetland,NULL,Wetland,NULL,Wetland,Water
563,Forest,Water,Wetland,NULL,Wetland,NULL,Wetland,Forest
564,Forest,Water,Wetland,NULL,Wetland,NULL,Water,Water
565,Forest,Water,Wetland,NULL,Wetland,NULL,Water,Forest
566,Forest,Water,Wetland,NULL,Wetland,NULL,Forest,Water
567,Forest,Water,Wetland,NULL,Wetland,NULL,Forest,Forest
568,Forest,Water,Wetland,NULL,Wetland,Grassland,Wetland,Grassland
569,Forest,Water,Wetland,NULL,Wetland,Grassland,Wetland,Water
570,Forest,Water,Wetland,NULL,Wetland,Grassland,Wetland,Forest
571,Forest,Water,Wetland,NULL,Wetland,Grassland,Water,Water
572,Forest,Water,Wetland,NULL,Wetland,Grassland,Water,Forest
573,Forest,Water,Wetland,NULL,Wetland,Grassland,Forest,Forest
574,Forest,Water,Wetland,NULL,Wetland,Wetland,Wetland,Water
575,Forest,Water,Wetland,NULL,Wetland,Wetland,Wetland,Forest
576,Forest,Water,Wetland,NULL,Wetland,Wetland,Water,Forest
577,Forest,Water,Wetland,NULL,Wetland,Wetland,Forest,Forest
578,Forest,Water,Wetland,NULL,Wetland,Bareland,Wetland,Grassland
579,Forest,Water,Wetland,NULL,Wetland,Bareland,Wetland,Water
580,Forest,Water,Wetland,NULL,Wetland,Bareland,Wetland,Forest
581,Forest,Water,Wetland,NULL,Wetland,Bareland,Water,Grassland
582,Forest,Water,Wetland,NULL,Wetland,Bareland,Water,Water
583,Forest,Water,Wetland,NULL,Wetland,Bareland,Water,Forest
584,Forest,Water,Wetland,NULL,Wetland,Water,Wetland,Water
585,Forest,Water,Wetland,NULL,Wetland,Water,Wetland,Forest
586,Forest,Water,Wetland,NULL,Wetland,Water,Water,Water
587,Forest,Water,Wetland,NULL,Wetland,Water,Water,Forest
588,Forest,Water,Wetland,NULL,Wetland,Water,Forest,Water
589,Forest,Water,Wetland,NULL,Wetland,Water,Forest,Forest
590,Forest,Water,Wetland,NULL,Wetland,Forest,Wetland,Water
591,Forest,Water,Wetland,NULL,Wetland,Forest,Wetland,Forest
592,Forest,Water,Wetland,NULL,Wetland,Forest,Water,Water
593,Forest,Water,Wetland,NULL,Wetland,Forest,Water,Forest
594,Forest,Water,Wetland,NULL,Wetland,Forest,Forest,Water
595,Forest,Water,Wetland,NULL,Wetland,Forest,Forest,Forest
596,Forest,Water,Wetland,Non_Water,Wetland,NULL,Wetland,Water
597,Forest,Water,Wetland,Non_Water,Wetland,NULL,Wetland,Forest
598,Forest,Water,Wetland,Non_Water,Wetland,NULL,Water,Water
599,Forest,Water,Wetland,Non_Water,Wetland,NULL,Water,Forest
600,Forest,Water,Wetland,Non_Water,Wetland,NULL,Forest,Forest
601,Forest,Water,Wetland,Non_Water,Wetland,Grassland,Wetland,Grassland
602,Forest,Water,Wetland,Non_Water,Wetland,Grassland,Wetland,Water
603,Forest,Water,Wetland,Non_Water,Wetland,Grassland,Wetland,Forest
604,Forest,Water,Wetland,Non_Water,Wetland,Grassland,Water,Water
605,Forest,Water,Wetland,Non_Water,Wetland,Grassland,Water,Forest
606,Forest,Water,Wetland,Non_Water,Wetland,Grassland,Forest,Forest
607,Forest,Water,Wetland,Non_Water,Wetland,Wetland,Wetland,Grassland
608,Forest,Water,Wetland,Non_Water,Wetland,Wetland,Wetland,Water
609,Forest,Water,Wetland,Non_Water,Wetland,Wetland,Wetland,Forest
610,Forest,Water,Wetland,Non_Water,Wetland,Wetland,Water,Water
611,Forest,Water,Wetland,Non_Water,Wetland,Wetland,Water,Forest
612,Forest,Water,Wetland,Non_Water,Wetland,Bareland,Wetland,Water
613,Forest,Water,Wetland,Non_Water,Wetland,Bareland,Wetland,Forest
614,Forest,Water,Wetland,Non_Water,Wetland,Bareland,Water,Forest
615,Forest,Water,Wetland,Non_Water,Wetland,Water,Wetland,Water
616,Forest,Water,Wetland,Non_Water,Wetland,Water,Wetland,Forest
617,Forest,Water,Wetland,Non_Water,Wetland,Water,Water,Grassland
618,Forest,Water,Wetland,Non_Water,Wetland,Water,Water,Water
619,Forest,Water,Wetland,Non_Water,Wetland,Water,Water,Forest
620,Forest,Water,Wetland,Non_Water,Wetland,Water,Forest,Water
621,Forest,Water,Wetland,Non_Water,Wetland,Water,Forest,Forest
622,Forest,Water,Wetland,Non_Water,Wetland,Forest,Wetland,Water
623,Forest,Water,Wetland,Non_Water,Wetland,Forest,Water,Water
624,Forest,Water,Wetland,Non_Water,Wetland,Forest,Water,Forest
625,Forest,Water,Wetland,Non_Water,Wetland,Forest,Forest,Water
626,Forest,Water,Wetland,Water,Wetland,NULL,Wetland,Water
627,Forest,Water,Wetland,Water,Wetland,NULL,Wetland,Forest
628,Forest,Water,Wetland,Water,Wetland,NULL,Water,Water
629,Forest,Water,Wetland,Water,Wetland,NULL,Water,Forest
630,Forest,Water,Wetland,Water,Wetland,NULL,Forest,Water
631,Forest,Water,Wetland,Water,Wetland,NULL,Forest,Forest
632,Forest,Water,Wetland,Water,Wetland,Grassland,Wetland,Grassland
633,Forest,Water,Wetland,Water,Wetland,Grassland,Wetland,Water
634,Forest,Water,Wetland,Water,Wetland,Grassland,Wetland,Forest
635,Forest,Water,Wetland,Water,Wetland,Grassland,Water,Grassland
636,Forest,Water,Wetland,Water,Wetland,Grassland,Water,Water
637,Forest,Water,Wetland,Water,Wetland,Grassland,Water,Forest
638,Forest,Water,Wetland,Water,Wetland,Wetland,Wetland,Grassland
639,Forest,Water,Wetland,Water,Wetland,Wetland,Wetland,Water
640,Forest,Water,Wetland,Water,Wetland,Wetland,Wetland,Forest
641,Forest,Water,Wetland,Water,Wetland,Bareland,Wetland,Forest
642,Forest,Water,Wetland,Water,Wetland,Bareland,Water,Water
643,Forest,Water,Wetland,Water,Wetland,Water,Wetland,Grassland
644,Forest,Water,Wetland,Water,Wetland,Water,Wetland,Water
645,Forest,Water,Wetland,Water,Wetland,Water,Wetland,Forest
646,Forest,Water,Wetland,Water,Wetland,Water,Water,Grassland
647,Forest,Water,Wetland,Water,Wetland,Water,Water,Water
648,Forest,Water,Wetland,Water,Wetland,Water,Water,Forest
649,Forest,Water,Wetland,Water,Wetland,Water,Forest,Water
650,Forest,Water,Wetland,Water,Wetland,Water,Forest,Forest
651,Forest,Water,Wetland,Water,Wetland,Forest,Wetland,Water
652,Forest,Water,Wetland,Water,Wetland,Forest,Wetland,Forest
653,Forest,Water,Wetland,Water,Wetland,Forest,Water,Water
654,Forest,Water,Wetland,Water,Wetland,Forest,Water,Forest
655,Forest,Water,Bareland,NULL,Non_Wetland,NULL,Wetland,Water
656,Forest,Water,Bareland,NULL,Non_Wetland,NULL,Wetland,Forest
657,Forest,Water,Bareland,NULL,Non_Wetland,NULL,Water,Water
658,Forest,Water,Bareland,NULL,Non_Wetland,NULL,Water,Forest
659,Forest,Water,Bareland,NULL,Non_Wetland,NULL,Forest,Forest
660,Forest,Water,Bareland,NULL,Non_Wetland,Grassland,Wetland,Forest
661,Forest,Water,Bareland,NULL,Non_Wetland,Wetland,Wetland,Forest
662,Forest,Water,Bareland,NULL,Non_Wetland,Wetland,Forest,Forest
663,Forest,Water,Bareland,NULL,Non_Wetland,Water,Wetland,Water
664,Forest,Water,Bareland,NULL,Non_Wetland,Water,Wetland,Forest
665,Forest,Water,Bareland,NULL,Non_Wetland,Water,Water,Water
666,Forest,Water,Bareland,NULL,Non_Wetland,Water,Water,Forest
667,Forest,Water,Bareland,NULL,Non_Wetland,Water,Forest,Water
668,Forest,Water,Bareland,NULL,Non_Wetland,Water,Forest,Forest
669,Forest,Water,Bareland,Non_Water,Non_Wetland,NULL,Wetland,Forest
670,Forest,Water,Bareland,Non_Water,Non_Wetland,NULL,Water,Forest
671,Forest,Water,Bareland,Non_Water,Non_Wetland,Grassland,Wetland,Forest
672,Forest,Water,Bareland,Non_Water,Non_Wetland,Wetland,Wetland,Forest
673,Forest,Water,Bareland,Non_Water,Non_Wetland,Water,Wetland,Grassland
674,Forest,Water,Bareland,Non_Water,Non_Wetland,Water,Wetland,Water
675,Forest,Water,Bareland,Non_Water,Non_Wetland,Water,Wetland,Forest
676,Forest,Water,Bareland,Non_Water,Non_Wetland,Water,Water,Water
677,Forest,Water,Bareland,Non_Water,Non_Wetland,Water,Water,Forest
678,Forest,Water,Bareland,Water,Non_Wetland,NULL,Wetland,Forest
679,Forest,Water,Bareland,Water,Non_Wetland,Grassland,Water,Forest
680,Forest,Water,Bareland,Water,Non_Wetland,Wetland,Water,Forest
681,Forest,Water,Bareland,Water,Non_Wetland,Water,Wetland,Water
682,Forest,Water,Bareland,Water,Non_Wetland,Water,Wetland,Forest
683,Forest,Water,Bareland,Water,Non_Wetland,Water,Water,Water
684,Forest,Water,Bareland,Water,Non_Wetland,Water,Water,Forest
685,Forest,Water,Bareland,Water,Non_Wetland,Water,Forest,Forest
686,Forest,Water,Built-up,Non_Water,Non_Wetland,Grassland,Wetland,Forest
687,Forest,Water,Water,NULL,Water,NULL,Wetland,Water
688,Forest,Water,Water,NULL,Water,NULL,Wetland,Forest
689,Forest,Water,Water,NULL,Water,NULL,Water,Water
690,Forest,Water,Water,NULL,Water,NULL,Water,Forest
691,Forest,Water,Water,NULL,Water,Grassland,Wetland,Water
692,Forest,Water,Water,NULL,Water,Grassland,Wetland,Forest
693,Forest,Water,Water,NULL,Water,Grassland,Water,Grassland
694,Forest,Water,Water,NULL,Water,Grassland,Water,Water
695,Forest,Water,Water,NULL,Water,Grassland,Water,Forest
696,Forest,Water,Water,NULL,Water,Grassland,Forest,Forest
697,Forest,Water,Water,NULL,Water,Wetland,Wetland,Water
698,Forest,Water,Water,NULL,Water,Wetland,Wetland,Forest
699,Forest,Water,Water,NULL,Water,Wetland,Water,Water
700,Forest,Water,Water,NULL,Water,Bareland,Wetland,Forest
701,Forest,Water,Water,NULL,Water,Bareland,Water,Forest
702,Forest,Water,Water,NULL,Water,Water,Wetland,Water
703,Forest,Water,Water,NULL,Water,Water,Wetland,Forest
704,Forest,Water,Water,NULL,Water,Water,Water,Water
705,Forest,Water,Water,NULL,Water,Water,Water,Forest
706,Forest,Water,Water,NULL,Water,Water,Forest,Water
707,Forest,Water,Water,NULL,Water,Water,Forest,Forest
708,Forest,Water,Water,NULL,Water,Forest,Wetland,Forest
709,Forest,Water,Water,NULL,Water,Forest,Water,Water
710,Forest,Water,Water,NULL,Water,Forest,Water,Forest
711,Forest,Water,Water,NULL,Water,Forest,Forest,Forest
712,Forest,Water,Water,Non_Water,Water,NULL,Wetland,Water
713,Forest,Water,Water,Non_Water,Water,NULL,Wetland,Forest
714,Forest,Water,Water,Non_Water,Water,NULL,Water,Water
715,Forest,Water,Water,Non_Water,Water,NULL,Water,Forest
716,Forest,Water,Water,Non_Water,Water,Grassland,Wetland,Water
717,Forest,Water,Water,Non_Water,Water,Grassland,Wetland,Forest
718,Forest,Water,Water,Non_Water,Water,Grassland,Water,Water
719,Forest,Water,Water,Non_Water,Water,Grassland,Water,Forest
720,Forest,Water,Water,Non_Water,Water,Wetland,Wetland,Forest
721,Forest,Water,Water,Non_Water,Water,Wetland,Water,Forest
722,Forest,Water,Water,Non_Water,Water,Bareland,Wetland,Water
723,Forest,Water,Water,Non_Water,Water,Bareland,Water,Forest
724,Forest,Water,Water,Non_Water,Water,Water,Wetland,Water
725,Forest,Water,Water,Non_Water,Water,Water,Wetland,Forest
726,Forest,Water,Water,Non_Water,Water,Water,Water,Water
727,Forest,Water,Water,Non_Water,Water,Water,Water,Forest
728,Forest,Water,Water,Non_Water,Water,Water,Forest,Water
729,Forest,Water,Water,Non_Water,Water,Water,Forest,Forest
730,Forest,Water,Water,Water,Water,NULL,Wetland,Water
731,Forest,Water,Water,Water,Water,NULL,Wetland,Forest
732,Forest,Water,Water,Water,Water,NULL,Water,Water
733,Forest,Water,Water,Water,Water,NULL,Water,Forest
734,Forest,Water,Water,Water,Water,Grassland,Wetland,Water
735,Forest,Water,Water,Water,Water,Grassland,Wetland,Forest
736,Forest,Water,Water,Water,Water,Grassland,Water,Water
737,Forest,Water,Water,Water,Water,Grassland,Water,Forest
738,Forest,Water,Water,Water,Water,Wetland,Wetland,Forest
739,Forest,Water,Water,Water,Water,Wetland,Water,Forest
740,Forest,Water,Water,Water,Water,Water,Wetland,Grassland
741,Forest,Water,Water,Water,Water,Water,Wetland,Water
742,Forest,Water,Water,Water,Water,Water,Wetland,Forest
743,Forest,Water,Water,Water,Water,Water,Water,Grassland
744,Forest,Water,Water,Water,Water,Water,Water,Water
745,Forest,Water,Water,Water,Water,Water,Water,Forest
746,Forest,Water,Water,Water,Water,Water,Forest,Water
747,Forest,Water,Water,Water,Water,Water,Forest,Forest
748,Forest,Water,Water,Water,Water,Forest,Wetland,Water
749,Forest,Water,Water,Water,Water,Forest,Wetland,Forest
750,Forest,Water,Water,Water,Water,Forest,Water,Water
751,Forest,Water,Forest,NULL,Non_Wetland,NULL,Wetland,Water
752,Forest,Water,Forest,NULL,Non_Wetland,NULL,Wetland,Forest
753,Forest,Water,Forest,NULL,Non_Wetland,NULL,Water,Water
754,Forest,Water,Forest,NULL,Non_Wetland,NULL,Water,Forest
755,Forest,Water,Forest,NULL,Non_Wetland,NULL,Forest,Water
756,Forest,Water,Forest,NULL,Non_Wetland,NULL,Forest,Forest
757,Forest,Water,Forest,NULL,Non_Wetland,Grassland,Wetland,Water
758,Forest,Water,Forest,NULL,Non_Wetland,Grassland,Wetland,Forest
759,Forest,Water,Forest,NULL,Non_Wetland,Grassland,Water,Forest
760,Forest,Water,Forest,NULL,Non_Wetland,Grassland,Forest,Forest
761,Forest,Water,Forest,NULL,Non_Wetland,Wetland,Wetland,Water
762,Forest,Water,Forest,NULL,Non_Wetland,Wetland,Wetland,Forest
763,Forest,Water,Forest,NULL,Non_Wetland,Wetland,Water,Forest
764,Forest,Water,Forest,NULL,Non_Wetland,Wetland,Forest,Forest
765,Forest,Water,Forest,NULL,Non_Wetland,Bareland,Wetland,Water
766,Forest,Water,Forest,NULL,Non_Wetland,Bareland,Wetland,Forest
767,Forest,Water,Forest,NULL,Non_Wetland,Water,Wetland,Water
768,Forest,Water,Forest,NULL,Non_Wetland,Water,Wetland,Forest
769,Forest,Water,Forest,NULL,Non_Wetland,Water,Water,Wetland
770,Forest,Water,Forest,NULL,Non_Wetland,Water,Water,Water
771,Forest,Water,Forest,NULL,Non_Wetland,Water,Water,Forest
772,Forest,Water,Forest,NULL,Non_Wetland,Water,Forest,Water
773,Forest,Water,Forest,NULL,Non_Wetland,Water,Forest,Forest
774,Forest,Water,Forest,NULL,Non_Wetland,Forest,Wetland,Water
775,Forest,Water,Forest,NULL,Non_Wetland,Forest,Wetland,Forest
776,Forest,Water,Forest,NULL,Non_Wetland,Forest,Water,Water
777,Forest,Water,Forest,NULL,Non_Wetland,Forest,Water,Forest
778,Forest,Water,Forest,NULL,Non_Wetland,Forest,Forest,Water
779,Forest,Water,Forest,NULL,Non_Wetland,Forest,Forest,Forest
780,Forest,Water,Forest,Non_Water,Non_Wetland,NULL,Wetland,Water
781,Forest,Water,Forest,Non_Water,Non_Wetland,NULL,Wetland,Forest
782,Forest,Water,Forest,Non_Water,Non_Wetland,NULL,Water,Water
783,Forest,Water,Forest,Non_Water,Non_Wetland,NULL,Water,Forest
784,Forest,Water,Forest,Non_Water,Non_Wetland,NULL,Forest,Water
785,Forest,Water,Forest,Non_Water,Non_Wetland,NULL,Forest,Forest
786,Forest,Water,Forest,Non_Water,Non_Wetland,Grassland,Wetland,Water
787,Forest,Water,Forest,Non_Water,Non_Wetland,Grassland,Wetland,Forest
788,Forest,Water,Forest,Non_Water,Non_Wetland,Wetland,Wetland,Water
789,Forest,Water,Forest,Non_Water,Non_Wetland,Wetland,Wetland,Forest
790,Forest,Water,Forest,Non_Water,Non_Wetland,Wetland,Water,Water
791,Forest,Water,Forest,Non_Water,Non_Wetland,Bareland,Wetland,Water
792,Forest,Water,Forest,Non_Water,Non_Wetland,Bareland,Wetland,Forest
793,Forest,Water,Forest,Non_Water,Non_Wetland,Bareland,Water,Forest
794,Forest,Water,Forest,Non_Water,Non_Wetland,Water,Wetland,Water
795,Forest,Water,Forest,Non_Water,Non_Wetland,Water,Wetland,Forest
796,Forest,Water,Forest,Non_Water,Non_Wetland,Water,Water,Water
797,Forest,Water,Forest,Non_Water,Non_Wetland,Water,Water,Forest
798,Forest,Water,Forest,Non_Water,Non_Wetland,Water,Forest,Water
799,Forest,Water,Forest,Non_Water,Non_Wetland,Water,Forest,Forest
800,Forest,Water,Forest,Non_Water,Non_Wetland,Forest,Wetland,Forest
801,Forest,Water,Forest,Non_Water,Non_Wetland,Forest,Water,Water
802,Forest,Water,Forest,Water,Non_Wetland,NULL,Wetland,Water
803,Forest,Water,Forest,Water,Non_Wetland,NULL,Wetland,Forest
804,Forest,Water,Forest,Water,Non_Wetland,NULL,Water,Water
805,Forest,Water,Forest,Water,Non_Wetland,NULL,Water,Forest
806,Forest,Water,Forest,Water,Non_Wetland,NULL,Forest,Water
807,Forest,Water,Forest,Water,Non_Wetland,NULL,Forest,Forest
808,Forest,Water,Forest,Water,Non_Wetland,Grassland,Wetland,Water
809,Forest,Water,Forest,Water,Non_Wetland,Grassland,Wetland,Forest
810,Forest,Water,Forest,Water,Non_Wetland,Grassland,Water,Water
811,Forest,Water,Forest,Water,Non_Wetland,Wetland,Wetland,Water
812,Forest,Water,Forest,Water,Non_Wetland,Bareland,Wetland,Forest
813,Forest,Water,Forest,Water,Non_Wetland,Water,Wetland,Water
814,Forest,Water,Forest,Water,Non_Wetland,Water,Wetland,Forest
815,Forest,Water,Forest,Water,Non_Wetland,Water,Water,Grassland
816,Forest,Water,Forest,Water,Non_Wetland,Water,Water,Water
817,Forest,Water,Forest,Water,Non_Wetland,Water,Water,Forest
818,Forest,Water,Forest,Water,Non_Wetland,Water,Forest,Water
819,Forest,Water,Forest,Water,Non_Wetland,Water,Forest,Forest
820,Forest,Water,Forest,Water,Non_Wetland,Forest,Wetland,Water
821,Forest,Water,Forest,Water,Non_Wetland,Forest,Wetland,Forest
822,Forest,Water,Forest,Water,Non_Wetland,Forest,Water,Water
823,Forest,Water,Forest,Water,Non_Wetland,Forest,Water,Forest
824,Forest,Forest,NULL,NULL,Non_Wetland,NULL,Wetland,Water
825,Forest,Forest,NULL,NULL,Non_Wetland,NULL,Wetland,Forest
826,Forest,Forest,NULL,NULL,Non_Wetland,NULL,Water,Forest
827,Forest,Forest,NULL,NULL,Non_Wetland,NULL,Forest,Forest
828,Forest,Forest,NULL,NULL,Non_Wetland,Grassland,NULL,Forest
829,Forest,Forest,NULL,NULL,Non_Wetland,Grassland,Grassland,Grassland
830,Forest,Forest,NULL,NULL,Non_Wetland,Grassland,Grassland,Forest
831,Forest,Forest,NULL,NULL,Non_Wetland,Grassland,Wetland,Grassland
832,Forest,Forest,NULL,NULL,Non_Wetland,Grassland,Wetland,Forest
833,Forest,Forest,NULL,NULL,Non_Wetland,Grassland,Water,Forest
834,Forest,Forest,NULL,NULL,Non_Wetland,Grassland,Forest,Grassland
835,Forest,Forest,NULL,NULL,Non_Wetland,Grassland,Forest,Forest
836,Forest,Forest,NULL,NULL,Non_Wetland,Wetland,NULL,NULL
837,Forest,Forest,NULL,NULL,Non_Wetland,Wetland,Grassland,Forest
838,Forest,Forest,NULL,NULL,Non_Wetland,Wetland,Wetland,NULL
839,Forest,Forest,NULL,NULL,Non_Wetland,Wetland,Wetland,Grassland
840,Forest,Forest,NULL,NULL,Non_Wetland,Wetland,Wetland,Forest
841,Forest,Forest,NULL,NULL,Non_Wetland,Wetland,Forest,NULL
842,Forest,Forest,NULL,NULL,Non_Wetland,Wetland,Forest,Grassland
843,Forest,Forest,NULL,NULL,Non_Wetland,Wetland,Forest,Forest
844,Forest,Forest,NULL,NULL,Non_Wetland,Bareland,Grassland,Forest
845,Forest,Forest,NULL,NULL,Non_Wetland,Water,Wetland,Water
846,Forest,Forest,NULL,NULL,Non_Wetland,Water,Wetland,Forest
847,Forest,Forest,NULL,NULL,Non_Wetland,Water,Water,Forest
848,Forest,Forest,NULL,NULL,Non_Wetland,Water,Forest,Forest
849,Forest,Forest,NULL,NULL,Non_Wetland,Forest,Grassland,Forest
850,Forest,Forest,NULL,NULL,Non_Wetland,Forest,Wetland,Forest
851,Forest,Forest,NULL,NULL,Non_Wetland,Forest,Water,Forest
852,Forest,Forest,NULL,NULL,Non_Wetland,Forest,Forest,Grassland
853,Forest,Forest,NULL,NULL,Non_Wetland,Forest,Forest,Forest
854,Forest,Forest,NULL,Non_Water,Non_Wetland,NULL,Wetland,Forest
855,Forest,Forest,NULL,Non_Water,Non_Wetland,NULL,Forest,Forest
856,Forest,Forest,NULL,Non_Water,Non_Wetland,Grassland,Wetland,Forest
857,Forest,Forest,NULL,Non_Water,Non_Wetland,Wetland,Wetland,Forest
858,Forest,Forest,NULL,Non_Water,Non_Wetland,Forest,Forest,Forest
859,Forest,Forest,NULL,Water,Non_Wetland,NULL,Wetland,Forest
860,Forest,Forest,NULL,Water,Non_Wetland,Forest,Forest,Forest
861,Forest,Forest,Shrubland,NULL,Non_Wetland,NULL,Wetland,Forest
862,Forest,Forest,Shrubland,NULL,Non_Wetland,NULL,Forest,Forest
863,Forest,Forest,Shrubland,NULL,Non_Wetland,Grassland,Grassland,Forest
864,Forest,Forest,Shrubland,NULL,Non_Wetland,Grassland,Wetland,Forest
865,Forest,Forest,Shrubland,NULL,Non_Wetland,Grassland,Forest,Forest
866,Forest,Forest,Shrubland,NULL,Non_Wetland,Wetland,Wetland,Forest
867,Forest,Forest,Shrubland,NULL,Non_Wetland,Wetland,Forest,NULL
868,Forest,Forest,Shrubland,NULL,Non_Wetland,Wetland,Forest,Forest
869,Forest,Forest,Shrubland,NULL,Non_Wetland,Bareland,Wetland,Forest
870,Forest,Forest,Shrubland,NULL,Non_Wetland,Forest,Wetland,Forest
871,Forest,Forest,Shrubland,NULL,Non_Wetland,Forest,Forest,Forest
872,Forest,Forest,Shrubland,Non_Water,Non_Wetland,Wetland,Wetland,Forest
873,Forest,Forest,Grassland,NULL,Non_Wetland,NULL,Wetland,Forest
874,Forest,Forest,Grassland,NULL,Non_Wetland,NULL,Forest,Forest
875,Forest,Forest,Grassland,NULL,Non_Wetland,Grassland,Grassland,Forest
876,Forest,Forest,Grassland,NULL,Non_Wetland,Grassland,Wetland,Forest
877,Forest,Forest,Grassland,NULL,Non_Wetland,Grassland,Water,Forest
878,Forest,Forest,Grassland,NULL,Non_Wetland,Grassland,Forest,Forest
879,Forest,Forest,Grassland,NULL,Non_Wetland,Wetland,Wetland,Grassland
880,Forest,Forest,Grassland,NULL,Non_Wetland,Wetland,Wetland,Forest
881,Forest,Forest,Grassland,NULL,Non_Wetland,Wetland,Forest,Forest
882,Forest,Forest,Grassland,NULL,Non_Wetland,Bareland,Wetland,Water
883,Forest,Forest,Grassland,NULL,Non_Wetland,Bareland,Wetland,Forest
884,Forest,Forest,Grassland,NULL,Non_Wetland,Water,Wetland,Water
885,Forest,Forest,Grassland,NULL,Non_Wetland,Water,Wetland,Forest
886,Forest,Forest,Grassland,NULL,Non_Wetland,Water,Water,Forest
887,Forest,Forest,Grassland,NULL,Non_Wetland,Water,Forest,Forest
888,Forest,Forest,Grassland,NULL,Non_Wetland,Forest,Wetland,Forest
889,Forest,Forest,Grassland,NULL,Non_Wetland,Forest,Forest,Forest
890,Forest,Forest,Grassland,Non_Water,Non_Wetland,NULL,Wetland,Forest
891,Forest,Forest,Grassland,Non_Water,Non_Wetland,NULL,Water,Forest
892,Forest,Forest,Grassland,Non_Water,Non_Wetland,Grassland,Wetland,Forest
893,Forest,Forest,Grassland,Non_Water,Non_Wetland,Wetland,Wetland,Forest
894,Forest,Forest,Grassland,Non_Water,Non_Wetland,Bareland,Wetland,Forest
895,Forest,Forest,Grassland,Non_Water,Non_Wetland,Water,Wetland,Water
896,Forest,Forest,Grassland,Non_Water,Non_Wetland,Water,Wetland,Forest
897,Forest,Forest,Grassland,Non_Water,Non_Wetland,Water,Water,Forest
898,Forest,Forest,Grassland,Non_Water,Non_Wetland,Water,Forest,Forest
899,Forest,Forest,Grassland,Non_Water,Non_Wetland,Forest,Forest,Forest
900,Forest,Forest,Grassland,Water,Non_Wetland,NULL,Wetland,Forest
901,Forest,Forest,Grassland,Water,Non_Wetland,NULL,Forest,Forest
902,Forest,Forest,Grassland,Water,Non_Wetland,Water,Wetland,Forest
903,Forest,Forest,Cropland,NULL,Non_Wetland,NULL,Wetland,Forest
904,Forest,Forest,Cropland,NULL,Non_Wetland,NULL,Forest,Forest
905,Forest,Forest,Cropland,NULL,Non_Wetland,Grassland,Grassland,Forest
906,Forest,Forest,Cropland,NULL,Non_Wetland,Grassland,Wetland,Forest
907,Forest,Forest,Cropland,NULL,Non_Wetland,Grassland,Bareland,Grassland
908,Forest,Forest,Cropland,NULL,Non_Wetland,Grassland,Bareland,Forest
909,Forest,Forest,Cropland,NULL,Non_Wetland,Grassland,Forest,Forest
910,Forest,Forest,Cropland,NULL,Non_Wetland,Wetland,Grassland,Forest
911,Forest,Forest,Cropland,NULL,Non_Wetland,Wetland,Wetland,Forest
912,Forest,Forest,Cropland,NULL,Non_Wetland,Wetland,Bareland,Grassland
913,Forest,Forest,Cropland,NULL,Non_Wetland,Wetland,Forest,Forest
914,Forest,Forest,Cropland,NULL,Non_Wetland,Bareland,Wetland,Grassland
915,Forest,Forest,Cropland,NULL,Non_Wetland,Bareland,Wetland,Forest
916,Forest,Forest,Cropland,NULL,Non_Wetland,Forest,Wetland,Forest
917,Forest,Forest,Cropland,NULL,Non_Wetland,Forest,Forest,Forest
918,Forest,Forest,Cropland,Non_Water,Non_Wetland,NULL,Wetland,Forest
919,Forest,Forest,Cropland,Non_Water,Non_Wetland,NULL,Water,Forest
920,Forest,Forest,Cropland,Non_Water,Non_Wetland,Wetland,Wetland,Forest
921,Forest,Forest,Cropland,Non_Water,Non_Wetland,Bareland,Wetland,Forest
922,Forest,Forest,Wetland,NULL,Wetland,NULL,Grassland,Forest
923,Forest,Forest,Wetland,NULL,Wetland,NULL,Wetland,Water
924,Forest,Forest,Wetland,NULL,Wetland,NULL,Wetland,Forest
925,Forest,Forest,Wetland,NULL,Wetland,NULL,Bareland,Forest
926,Forest,Forest,Wetland,NULL,Wetland,NULL,Water,Water
927,Forest,Forest,Wetland,NULL,Wetland,NULL,Water,Forest
928,Forest,Forest,Wetland,NULL,Wetland,NULL,Forest,Water
929,Forest,Forest,Wetland,NULL,Wetland,NULL,Forest,Forest
930,Forest,Forest,Wetland,NULL,Wetland,Grassland,NULL,Forest
931,Forest,Forest,Wetland,NULL,Wetland,Grassland,Grassland,Forest
932,Forest,Forest,Wetland,NULL,Wetland,Grassland,Wetland,Grassland
933,Forest,Forest,Wetland,NULL,Wetland,Grassland,Wetland,Forest
934,Forest,Forest,Wetland,NULL,Wetland,Grassland,Bareland,Forest
935,Forest,Forest,Wetland,NULL,Wetland,Grassland,Water,Forest
936,Forest,Forest,Wetland,NULL,Wetland,Grassland,Forest,Grassland
937,Forest,Forest,Wetland,NULL,Wetland,Grassland,Forest,Forest
938,Forest,Forest,Wetland,NULL,Wetland,Wetland,NULL,Forest
939,Forest,Forest,Wetland,NULL,Wetland,Wetland,Grassland,Forest
940,Forest,Forest,Wetland,NULL,Wetland,Wetland,Wetland,NULL
941,Forest,Forest,Wetland,NULL,Wetland,Wetland,Wetland,Grassland
942,Forest,Forest,Wetland,NULL,Wetland,Wetland,Wetland,Water
943,Forest,Forest,Wetland,NULL,Wetland,Wetland,Wetland,Forest
944,Forest,Forest,Wetland,NULL,Wetland,Wetland,Bareland,Forest
945,Forest,Forest,Wetland,NULL,Wetland,Wetland,Water,Forest
946,Forest,Forest,Wetland,NULL,Wetland,Wetland,Forest,NULL
947,Forest,Forest,Wetland,NULL,Wetland,Wetland,Forest,Grassland
948,Forest,Forest,Wetland,NULL,Wetland,Wetland,Forest,Forest
949,Forest,Forest,Wetland,NULL,Wetland,Bareland,Wetland,Grassland
950,Forest,Forest,Wetland,NULL,Wetland,Bareland,Wetland,Forest
951,Forest,Forest,Wetland,NULL,Wetland,Water,Wetland,Grassland
952,Forest,Forest,Wetland,NULL,Wetland,Water,Wetland,Water
953,Forest,Forest,Wetland,NULL,Wetland,Water,Wetland,Forest
954,Forest,Forest,Wetland,NULL,Wetland,Water,Water,Grassland
955,Forest,Forest,Wetland,NULL,Wetland,Water,Water,Water
956,Forest,Forest,Wetland,NULL,Wetland,Water,Water,Forest
957,Forest,Forest,Wetland,NULL,Wetland,Water,Forest,Water
958,Forest,Forest,Wetland,NULL,Wetland,Water,Forest,Forest
959,Forest,Forest,Wetland,NULL,Wetland,Forest,NULL,Forest
960,Forest,Forest,Wetland,NULL,Wetland,Forest,Grassland,Forest
961,Forest,Forest,Wetland,NULL,Wetland,Forest,Wetland,Water
962,Forest,Forest,Wetland,NULL,Wetland,Forest,Wetland,Forest
963,Forest,Forest,Wetland,NULL,Wetland,Forest,Water,Forest
964,Forest,Forest,Wetland,NULL,Wetland,Forest,Forest,Grassland
965,Forest,Forest,Wetland,NULL,Wetland,Forest,Forest,Water
966,Forest,Forest,Wetland,NULL,Wetland,Forest,Forest,Forest
967,Forest,Forest,Wetland,Non_Water,Wetland,NULL,Wetland,Grassland
968,Forest,Forest,Wetland,Non_Water,Wetland,NULL,Wetland,Water
969,Forest,Forest,Wetland,Non_Water,Wetland,NULL,Wetland,Forest
970,Forest,Forest,Wetland,Non_Water,Wetland,NULL,Water,Forest
971,Forest,Forest,Wetland,Non_Water,Wetland,NULL,Forest,Forest
972,Forest,Forest,Wetland,Non_Water,Wetland,Grassland,Wetland,Grassland
973,Forest,Forest,Wetland,Non_Water,Wetland,Grassland,Wetland,Water
974,Forest,Forest,Wetland,Non_Water,Wetland,Grassland,Wetland,Forest
975,Forest,Forest,Wetland,Non_Water,Wetland,Grassland,Water,Water
976,Forest,Forest,Wetland,Non_Water,Wetland,Grassland,Water,Forest
977,Forest,Forest,Wetland,Non_Water,Wetland,Grassland,Forest,Forest
978,Forest,Forest,Wetland,Non_Water,Wetland,Wetland,Wetland,Grassland
979,Forest,Forest,Wetland,Non_Water,Wetland,Wetland,Wetland,Forest
980,Forest,Forest,Wetland,Non_Water,Wetland,Wetland,Water,Forest
981,Forest,Forest,Wetland,Non_Water,Wetland,Wetland,Forest,Forest
982,Forest,Forest,Wetland,Non_Water,Wetland,Bareland,Wetland,Grassland
983,Forest,Forest,Wetland,Non_Water,Wetland,Bareland,Wetland,Forest
984,Forest,Forest,Wetland,Non_Water,Wetland,Water,Wetland,Grassland
985,Forest,Forest,Wetland,Non_Water,Wetland,Water,Wetland,Water
986,Forest,Forest,Wetland,Non_Water,Wetland,Water,Wetland,Forest
987,Forest,Forest,Wetland,Non_Water,Wetland,Water,Water,Water
988,Forest,Forest,Wetland,Non_Water,Wetland,Water,Water,Forest
989,Forest,Forest,Wetland,Non_Water,Wetland,Water,Forest,Water
990,Forest,Forest,Wetland,Non_Water,Wetland,Water,Forest,Forest
991,Forest,Forest,Wetland,Non_Water,Wetland,Forest,Wetland,Forest
992,Forest,Forest,Wetland,Non_Water,Wetland,Forest,Forest,Forest
993,Forest,Forest,Wetland,Water,Wetland,NULL,Wetland,Water
994,Forest,Forest,Wetland,Water,Wetland,NULL,Wetland,Forest
995,Forest,Forest,Wetland,Water,Wetland,NULL,Water,Water
996,Forest,Forest,Wetland,Water,Wetland,NULL,Water,Forest
997,Forest,Forest,Wetland,Water,Wetland,NULL,Forest,Water
998,Forest,Forest,Wetland,Water,Wetland,NULL,Forest,Forest
999,Forest,Forest,Wetland,Water,Wetland,Grassland,Wetland,Grassland
1000,Forest,Forest,Wetland,Water,Wetland,Grassland,Wetland,Forest
1001,Forest,Forest,Wetland,Water,Wetland,Grassland,Water,Grassland
1002,Forest,Forest,Wetland,Water,Wetland,Grassland,Water,Forest
1003,Forest,Forest,Wetland,Water,Wetland,Wetland,Wetland,Grassland
1004,Forest,Forest,Wetland,Water,Wetland,Wetland,Wetland,Forest
1005,Forest,Forest,Wetland,Water,Wetland,Water,Wetland,Water
1006,Forest,Forest,Wetland,Water,Wetland,Water,Wetland,Forest
1007,Forest,Forest,Wetland,Water,Wetland,Water,Water,Grassland
1008,Forest,Forest,Wetland,Water,Wetland,Water,Water,Water
1009,Forest,Forest,Wetland,Water,Wetland,Water,Water,Forest
1010,Forest,Forest,Wetland,Water,Wetland,Water,Forest,Forest
1011,Forest,Forest,Wetland,Water,Wetland,Forest,Wetland,Water
1012,Forest,Forest,Wetland,Water,Wetland,Forest,Wetland,Forest
1013,Forest,Forest,Wetland,Water,Wetland,Forest,Water,Forest
1014,Forest,Forest,Wetland,Water,Wetland,Forest,Forest,Forest
1015,Forest,Forest,Lichens_and_Mosses,NULL,Non_Wetland,NULL,Wetland,Forest
1016,Forest,Forest,Bareland,NULL,Non_Wetland,NULL,Wetland,Forest
1017,Forest,Forest,Bareland,NULL,Non_Wetland,NULL,Water,Forest
1018,Forest,Forest,Bareland,NULL,Non_Wetland,NULL,Forest,Forest
1019,Forest,Forest,Bareland,NULL,Non_Wetland,Grassland,Wetland,Forest
1020,Forest,Forest,Bareland,NULL,Non_Wetland,Grassland,Bareland,Forest
1021,Forest,Forest,Bareland,NULL,Non_Wetland,Grassland,Forest,Forest
1022,Forest,Forest,Bareland,NULL,Non_Wetland,Wetland,Wetland,Forest
1023,Forest,Forest,Bareland,NULL,Non_Wetland,Wetland,Water,Forest
1024,Forest,Forest,Bareland,NULL,Non_Wetland,Wetland,Forest,Forest
1025,Forest,Forest,Bareland,NULL,Non_Wetland,Water,Wetland,Water
1026,Forest,Forest,Bareland,NULL,Non_Wetland,Water,Wetland,Forest
1027,Forest,Forest,Bareland,NULL,Non_Wetland,Water,Forest,Forest
1028,Forest,Forest,Bareland,NULL,Non_Wetland,Forest,Wetland,Forest
1029,Forest,Forest,Bareland,NULL,Non_Wetland,Forest,Forest,Forest
1030,Forest,Forest,Bareland,Non_Water,Non_Wetland,NULL,Wetland,Forest
1031,Forest,Forest,Bareland,Non_Water,Non_Wetland,Grassland,Wetland,Grassland
1032,Forest,Forest,Bareland,Non_Water,Non_Wetland,Grassland,Wetland,Forest
1033,Forest,Forest,Bareland,Non_Water,Non_Wetland,Grassland,Water,Forest
1034,Forest,Forest,Bareland,Non_Water,Non_Wetland,Wetland,Wetland,Forest
1035,Forest,Forest,Bareland,Non_Water,Non_Wetland,Bareland,Wetland,Grassland
1036,Forest,Forest,Bareland,Non_Water,Non_Wetland,Water,Wetland,Forest
1037,Forest,Forest,Bareland,Non_Water,Non_Wetland,Water,Water,Water
1038,Forest,Forest,Bareland,Non_Water,Non_Wetland,Forest,Wetland,Forest
1039,Forest,Forest,Bareland,Water,Non_Wetland,NULL,Wetland,Forest
1040,Forest,Forest,Bareland,Water,Non_Wetland,NULL,Forest,Forest
1041,Forest,Forest,Bareland,Water,Non_Wetland,Wetland,Wetland,Forest
1042,Forest,Forest,Bareland,Water,Non_Wetland,Water,Wetland,Water
1043,Forest,Forest,Bareland,Water,Non_Wetland,Water,Wetland,Forest
1044,Forest,Forest,Bareland,Water,Non_Wetland,Water,Forest,Forest
1045,Forest,Forest,Built-up,NULL,Non_Wetland,NULL,Wetland,Forest
1046,Forest,Forest,Built-up,NULL,Non_Wetland,Grassland,Wetland,Forest
1047,Forest,Forest,Built-up,NULL,Non_Wetland,Grassland,Bareland,Forest
1048,Forest,Forest,Built-up,NULL,Non_Wetland,Forest,Forest,Forest
1049,Forest,Forest,Built-up,Non_Water,Non_Wetland,NULL,Wetland,Forest
1050,Forest,Forest,Water,NULL,Water,NULL,Wetland,Water
1051,Forest,Forest,Water,NULL,Water,NULL,Wetland,Forest
1052,Forest,Forest,Water,NULL,Water,NULL,Water,Forest
1053,Forest,Forest,Water,NULL,Water,NULL,Forest,Forest
1054,Forest,Forest,Water,NULL,Water,Grassland,Wetland,Forest
1055,Forest,Forest,Water,NULL,Water,Grassland,Water,Forest
1056,Forest,Forest,Water,NULL,Water,Wetland,Wetland,Forest
1057,Forest,Forest,Water,NULL,Water,Water,Wetland,Water
1058,Forest,Forest,Water,NULL,Water,Water,Wetland,Forest
1059,Forest,Forest,Water,NULL,Water,Water,Water,Forest
1060,Forest,Forest,Water,NULL,Water,Water,Forest,Forest
1061,Forest,Forest,Water,NULL,Water,Forest,Wetland,Forest
1062,Forest,Forest,Water,NULL,Water,Forest,Forest,Forest
1063,Forest,Forest,Water,Non_Water,Water,NULL,Wetland,Forest
1064,Forest,Forest,Water,Non_Water,Water,Grassland,Wetland,Grassland
1065,Forest,Forest,Water,Non_Water,Water,Grassland,Wetland,Forest
1066,Forest,Forest,Water,Non_Water,Water,Grassland,Water,Forest
1067,Forest,Forest,Water,Non_Water,Water,Wetland,Wetland,Water
1068,Forest,Forest,Water,Non_Water,Water,Wetland,Wetland,Forest
1069,Forest,Forest,Water,Non_Water,Water,Wetland,Water,Forest
1070,Forest,Forest,Water,Non_Water,Water,Water,Wetland,Forest
1071,Forest,Forest,Water,Non_Water,Water,Water,Water,Forest
1072,Forest,Forest,Water,Non_Water,Water,Water,Forest,Water
1073,Forest,Forest,Water,Non_Water,Water,Water,Forest,Forest
1074,Forest,Forest,Water,Water,Water,NULL,Wetland,Water
1075,Forest,Forest,Water,Water,Water,NULL,Wetland,Forest
1076,Forest,Forest,Water,Water,Water,NULL,Water,Forest
1077,Forest,Forest,Water,Water,Water,NULL,Forest,Forest
1078,Forest,Forest,Water,Water,Water,Grassland,Wetland,Forest
1079,Forest,Forest,Water,Water,Water,Grassland,Water,Forest
1080,Forest,Forest,Water,Water,Water,Wetland,Wetland,Forest
1081,Forest,Forest,Water,Water,Water,Wetland,Water,Grassland
1082,Forest,Forest,Water,Water,Water,Wetland,Water,Forest
1083,Forest,Forest,Water,Water,Water,Water,Wetland,Water
1084,Forest,Forest,Water,Water,Water,Water,Wetland,Forest
1085,Forest,Forest,Water,Water,Water,Water,Water,Water
1086,Forest,Forest,Water,Water,Water,Water,Water,Forest
1087,Forest,Forest,Water,Water,Water,Water,Forest,Water
1088,Forest,Forest,Water,Water,Water,Water,Forest,Forest
1089,Forest,Forest,Water,Water,Water,Forest,Wetland,Forest
1090,Forest,Forest,Water,Water,Water,Forest,Water,Forest
1091,Forest,Forest,Water,Water,Water,Forest,Forest,Forest
1092,Forest,Forest,Forest,NULL,Non_Wetland,NULL,Grassland,Forest
1093,Forest,Forest,Forest,NULL,Non_Wetland,NULL,Wetland,Grassland
1094,Forest,Forest,Forest,NULL,Non_Wetland,NULL,Wetland,Water
1095,Forest,Forest,Forest,NULL,Non_Wetland,NULL,Wetland,Forest
1096,Forest,Forest,Forest,NULL,Non_Wetland,NULL,Bareland,Forest
1097,Forest,Forest,Forest,NULL,Non_Wetland,NULL,Water,Forest
1098,Forest,Forest,Forest,NULL,Non_Wetland,NULL,Forest,Water
1099,Forest,Forest,Forest,NULL,Non_Wetland,NULL,Forest,Forest
1100,Forest,Forest,Forest,NULL,Non_Wetland,Grassland,NULL,Forest
1101,Forest,Forest,Forest,NULL,Non_Wetland,Grassland,Grassland,Grassland
1102,Forest,Forest,Forest,NULL,Non_Wetland,Grassland,Grassland,Forest
1103,Forest,Forest,Forest,NULL,Non_Wetland,Grassland,Wetland,Grassland
1104,Forest,Forest,Forest,NULL,Non_Wetland,Grassland,Wetland,Forest
1105,Forest,Forest,Forest,NULL,Non_Wetland,Grassland,Bareland,Grassland
1106,Forest,Forest,Forest,NULL,Non_Wetland,Grassland,Bareland,Forest
1107,Forest,Forest,Forest,NULL,Non_Wetland,Grassland,Water,Forest
1108,Forest,Forest,Forest,NULL,Non_Wetland,Grassland,Forest,Grassland
1109,Forest,Forest,Forest,NULL,Non_Wetland,Grassland,Forest,Forest
1110,Forest,Forest,Forest,NULL,Non_Wetland,Wetland,NULL,NULL
1111,Forest,Forest,Forest,NULL,Non_Wetland,Wetland,NULL,Grassland
1112,Forest,Forest,Forest,NULL,Non_Wetland,Wetland,NULL,Forest
1113,Forest,Forest,Forest,NULL,Non_Wetland,Wetland,Grassland,Grassland
1114,Forest,Forest,Forest,NULL,Non_Wetland,Wetland,Grassland,Forest
1115,Forest,Forest,Forest,NULL,Non_Wetland,Wetland,Wetland,NULL
1116,Forest,Forest,Forest,NULL,Non_Wetland,Wetland,Wetland,Grassland
1117,Forest,Forest,Forest,NULL,Non_Wetland,Wetland,Wetland,Water
1118,Forest,Forest,Forest,NULL,Non_Wetland,Wetland,Wetland,Forest
1119,Forest,Forest,Forest,NULL,Non_Wetland,Wetland,Bareland,Forest
1120,Forest,Forest,Forest,NULL,Non_Wetland,Wetland,Water,Forest
1121,Forest,Forest,Forest,NULL,Non_Wetland,Wetland,Forest,NULL
1122,Forest,Forest,Forest,NULL,Non_Wetland,Wetland,Forest,Grassland
1123,Forest,Forest,Forest,NULL,Non_Wetland,Wetland,Forest,Forest
1124,Forest,Forest,Forest,NULL,Non_Wetland,Bareland,Wetland,Grassland
1125,Forest,Forest,Forest,NULL,Non_Wetland,Bareland,Wetland,Water
1126,Forest,Forest,Forest,NULL,Non_Wetland,Bareland,Wetland,Forest
1127,Forest,Forest,Forest,NULL,Non_Wetland,Bareland,Forest,Forest
1128,Forest,Forest,Forest,NULL,Non_Wetland,Water,Grassland,Forest
1129,Forest,Forest,Forest,NULL,Non_Wetland,Water,Wetland,Grassland
1130,Forest,Forest,Forest,NULL,Non_Wetland,Water,Wetland,Water
1131,Forest,Forest,Forest,NULL,Non_Wetland,Water,Wetland,Forest
1132,Forest,Forest,Forest,NULL,Non_Wetland,Water,Water,Forest
1133,Forest,Forest,Forest,NULL,Non_Wetland,Water,Forest,Grassland
1134,Forest,Forest,Forest,NULL,Non_Wetland,Water,Forest,Water
1135,Forest,Forest,Forest,NULL,Non_Wetland,Water,Forest,Forest
1136,Forest,Forest,Forest,NULL,Non_Wetland,Forest,NULL,Forest
1137,Forest,Forest,Forest,NULL,Non_Wetland,Forest,Grassland,Grassland
1138,Forest,Forest,Forest,NULL,Non_Wetland,Forest,Grassland,Forest
1139,Forest,Forest,Forest,NULL,Non_Wetland,Forest,Wetland,Water
1140,Forest,Forest,Forest,NULL,Non_Wetland,Forest,Wetland,Forest
1141,Forest,Forest,Forest,NULL,Non_Wetland,Forest,Bareland,Forest
1142,Forest,Forest,Forest,NULL,Non_Wetland,Forest,Water,Forest
1143,Forest,Forest,Forest,NULL,Non_Wetland,Forest,Forest,Grassland
1144,Forest,Forest,Forest,NULL,Non_Wetland,Forest,Forest,Water
1145,Forest,Forest,Forest,NULL,Non_Wetland,Forest,Forest,Forest
1146,Forest,Forest,Forest,Non_Water,Non_Wetland,NULL,Wetland,Water
1147,Forest,Forest,Forest,Non_Water,Non_Wetland,NULL,Wetland,Forest
1148,Forest,Forest,Forest,Non_Water,Non_Wetland,NULL,Water,Forest
1149,Forest,Forest,Forest,Non_Water,Non_Wetland,NULL,Forest,Forest
1150,Forest,Forest,Forest,Non_Water,Non_Wetland,Grassland,Wetland,Forest
1151,Forest,Forest,Forest,Non_Water,Non_Wetland,Grassland,Forest,Forest
1152,Forest,Forest,Forest,Non_Water,Non_Wetland,Wetland,Wetland,Forest
1153,Forest,Forest,Forest,Non_Water,Non_Wetland,Wetland,Water,Forest
1154,Forest,Forest,Forest,Non_Water,Non_Wetland,Wetland,Forest,Forest
1155,Forest,Forest,Forest,Non_Water,Non_Wetland,Water,Wetland,Forest
1156,Forest,Forest,Forest,Non_Water,Non_Wetland,Water,Water,Water
1157,Forest,Forest,Forest,Non_Water,Non_Wetland,Water,Water,Forest
1158,Forest,Forest,Forest,Non_Water,Non_Wetland,Water,Forest,Forest
1159,Forest,Forest,Forest,Non_Water,Non_Wetland,Forest,Wetland,Forest
1160,Forest,Forest,Forest,Non_Water,Non_Wetland,Forest,Water,Forest
1161,Forest,Forest,Forest,Non_Water,Non_Wetland,Forest,Forest,Forest
1162,Forest,Forest,Forest,Water,Non_Wetland,NULL,Wetland,Water
1163,Forest,Forest,Forest,Water,Non_Wetland,NULL,Wetland,Forest
1164,Forest,Forest,Forest,Water,Non_Wetland,NULL,Water,Forest
1165,Forest,Forest,Forest,Water,Non_Wetland,NULL,Forest,Forest
1166,Forest,Forest,Forest,Water,Non_Wetland,Grassland,Water,Forest
1167,Forest,Forest,Forest,Water,Non_Wetland,Grassland,Forest,Forest
1168,Forest,Forest,Forest,Water,Non_Wetland,Wetland,Wetland,Forest
1169,Forest,Forest,Forest,Water,Non_Wetland,Bareland,Wetland,Forest
1170,Forest,Forest,Forest,Water,Non_Wetland,Bareland,Water,Water
1171,Forest,Forest,Forest,Water,Non_Wetland,Water,Wetland,Water
1172,Forest,Forest,Forest,Water,Non_Wetland,Water,Wetland,Forest
1173,Forest,Forest,Forest,Water,Non_Wetland,Water,Water,Water
1174,Forest,Forest,Forest,Water,Non_Wetland,Water,Water,Forest
1175,Forest,Forest,Forest,Water,Non_Wetland,Water,Forest,Forest
1176,Forest,Forest,Forest,Water,Non_Wetland,Forest,Wetland,Water
1177,Forest,Forest,Forest,Water,Non_Wetland,Forest,Wetland,Forest
1178,Forest,Forest,Forest,Water,Non_Wetland,Forest,Water,Forest
1179,Forest,Forest,Forest,Water,Non_Wetland,Forest,Forest,Water
1180,Forest,Forest,Forest,Water,Non_Wetland,Forest,Forest,Forest
