Value,AMAZON_EXTENSION_2024_DynamicWorld_2024_20MLE_M_R,AMAZON_EXTENSION_2024_ESRI_Annual_LULC_2024_20MLE_M_R,AMAZON_EXTENSION_2024_GLC_FCS30D_2022_20MLE_M_R,AMAZON_EXTENSION_2024_GSW_Yearly_2021_20MLE_M_R,AMAZON_EXTENSION_2024_GWL_FCS30D_2022_20MLE_M_R,AMAZON_EXTENSION_2024_MapBiomas_10mbeta_2023_20MLE_M_R,AMAZON_EXTENSION_2024_MapBiomas_Collection10_2024_20MLE_M_R,AMAZON_EXTENSION_2024_WorldCover_2021_20MLE_M_R
0,NULL,NULL,NULL,NULL,Non_Wetland,NULL,Wetland,NULL
1,NULL,NULL,NULL,NULL,Non_Wetland,Grassland,Grassland,NULL
2,NULL,NULL,NULL,NULL,Non_Wetland,Grassland,Wetland,NULL
3,NULL,NULL,NULL,NULL,Non_Wetland,Grassland,Bareland,NULL
4,NULL,NULL,NULL,NULL,Non_Wetland,Grassland,Water,NULL
5,NULL,NULL,NULL,NULL,Non_Wetland,Grassland,Forest,NULL
6,NULL,NULL,NULL,NULL,Non_Wetland,Wetland,Grassland,NULL
7,NULL,NULL,NULL,NULL,Non_Wetland,Wetland,Wetland,NULL
8,NULL,NULL,NULL,NULL,Non_Wetland,Bareland,Grassland,NULL
9,NULL,NULL,NULL,NULL,Non_Wetland,Bareland,Bareland,NULL
10,NULL,NULL,NULL,NULL,Non_Wetland,Water,Wetland,NULL
11,NULL,NULL,Shrubland,NULL,Non_Wetland,NULL,Wetland,NULL
12,NULL,NULL,Shrubland,NULL,Non_Wetland,Grassland,Grassland,NULL
13,NULL,NULL,Shrubland,NULL,Non_Wetland,Grassland,Wetland,NULL
14,NULL,NULL,Shrubland,NULL,Non_Wetland,Grassland,Bareland,NULL
15,NULL,NULL,Shrubland,NULL,Non_Wetland,Grassland,Forest,NULL
16,NULL,NULL,Shrubland,NULL,Non_Wetland,Wetland,Grassland,NULL
17,NULL,NULL,Shrubland,NULL,Non_Wetland,Wetland,Wetland,NULL
18,NULL,NULL,Shrubland,NULL,Non_Wetland,Wetland,Water,NULL
19,NULL,NULL,Shrubland,NULL,Non_Wetland,Bareland,Grassland,NULL
20,NULL,NULL,Shrubland,NULL,Non_Wetland,Bareland,Wetland,NULL
21,NULL,NULL,Shrubland,NULL,Non_Wetland,Bareland,Bareland,NULL
22,NULL,NULL,Shrubland,NULL,Non_Wetland,Bareland,Water,NULL
23,NULL,NULL,Shrubland,NULL,Non_Wetland,Bareland,Forest,NULL
24,NULL,NULL,Grassland,NULL,Non_Wetland,NULL,Wetland,NULL
25,NULL,NULL,Grassland,NULL,Non_Wetland,Grassland,Wetland,NULL
26,NULL,NULL,Grassland,NULL,Non_Wetland,Wetland,Grassland,NULL
27,NULL,NULL,Grassland,NULL,Non_Wetland,Wetland,Wetland,NULL
28,NULL,NULL,Grassland,NULL,Non_Wetland,Wetland,Forest,NULL
29,NULL,NULL,Grassland,NULL,Non_Wetland,Water,Wetland,NULL
30,NULL,NULL,Grassland,NULL,Non_Wetland,Water,Water,NULL
31,NULL,NULL,Wetland,NULL,Wetland,NULL,Wetland,NULL
32,NULL,NULL,Wetland,NULL,Wetland,NULL,Water,NULL
33,NULL,NULL,Wetland,NULL,Wetland,Grassland,Wetland,NULL
34,NULL,NULL,Wetland,NULL,Wetland,Grassland,Water,NULL
35,NULL,NULL,Wetland,NULL,Wetland,Wetland,Grassland,NULL
36,NULL,NULL,Wetland,NULL,Wetland,Wetland,Wetland,NULL
37,NULL,NULL,Wetland,NULL,Wetland,Wetland,Water,NULL
38,NULL,NULL,Wetland,NULL,Wetland,Wetland,Forest,NULL
39,NULL,NULL,Wetland,NULL,Wetland,Bareland,Wetland,NULL
40,NULL,NULL,Wetland,NULL,Wetland,Water,Wetland,NULL
41,NULL,NULL,Wetland,NULL,Wetland,Water,Water,NULL
42,NULL,NULL,Bareland,NULL,Non_Wetland,Grassland,Grassland,NULL
43,NULL,NULL,Bareland,NULL,Non_Wetland,Grassland,Wetland,NULL
44,NULL,NULL,Bareland,NULL,Non_Wetland,Wetland,Grassland,NULL
45,NULL,NULL,Bareland,NULL,Non_Wetland,Wetland,Wetland,NULL
46,NULL,NULL,Bareland,NULL,Non_Wetland,Wetland,Water,NULL
47,NULL,NULL,Bareland,NULL,Non_Wetland,Water,Wetland,NULL
48,NULL,NULL,Bareland,NULL,Non_Wetland,Water,Water,NULL
49,NULL,NULL,Built-up,NULL,Non_Wetland,Grassland,NULL,NULL
50,NULL,NULL,Built-up,NULL,Non_Wetland,Grassland,Grassland,NULL
51,NULL,NULL,Built-up,NULL,Non_Wetland,Grassland,Wetland,NULL
52,NULL,NULL,Built-up,NULL,Non_Wetland,Grassland,Bareland,NULL
53,NULL,NULL,Built-up,NULL,Non_Wetland,Wetland,Wetland,NULL
54,NULL,NULL,Built-up,NULL,Non_Wetland,Wetland,Water,NULL
55,NULL,NULL,Built-up,NULL,Non_Wetland,Bareland,NULL,NULL
56,NULL,NULL,Built-up,NULL,Non_Wetland,Bareland,Grassland,NULL
57,NULL,NULL,Built-up,NULL,Non_Wetland,Bareland,Wetland,NULL
58,NULL,NULL,Built-up,NULL,Non_Wetland,Bareland,Bareland,NULL
59,NULL,NULL,Built-up,NULL,Non_Wetland,Water,Wetland,NULL
60,NULL,NULL,Water,NULL,Water,NULL,Wetland,NULL
61,NULL,NULL,Water,NULL,Water,Grassland,Water,NULL
62,NULL,NULL,Water,NULL,Water,Wetland,Wetland,NULL
63,NULL,NULL,Water,NULL,Water,Wetland,Water,NULL
64,NULL,NULL,Water,NULL,Water,Water,Wetland,NULL
65,NULL,NULL,Water,NULL,Water,Water,Water,NULL
66,NULL,NULL,Forest,NULL,Non_Wetland,NULL,Wetland,NULL
67,NULL,NULL,Forest,NULL,Non_Wetland,Grassland,Grassland,NULL
68,NULL,NULL,Forest,NULL,Non_Wetland,Grassland,Wetland,NULL
69,NULL,NULL,Forest,NULL,Non_Wetland,Grassland,Bareland,NULL
70,NULL,NULL,Forest,NULL,Non_Wetland,Grassland,Forest,NULL
71,NULL,NULL,Forest,NULL,Non_Wetland,Wetland,Grassland,NULL
72,NULL,NULL,Forest,NULL,Non_Wetland,Wetland,Wetland,NULL
73,NULL,NULL,Forest,NULL,Non_Wetland,Wetland,Water,NULL
74,NULL,NULL,Forest,NULL,Non_Wetland,Wetland,Forest,NULL
75,NULL,NULL,Forest,NULL,Non_Wetland,Bareland,Wetland,NULL
76,NULL,NULL,Forest,NULL,Non_Wetland,Bareland,Water,NULL
77,NULL,NULL,Forest,NULL,Non_Wetland,Forest,Wetland,NULL
78,NULL,NULL,Forest,NULL,Non_Wetland,Forest,Forest,NULL
79,NULL,Wetland,NULL,NULL,Non_Wetland,Grassland,Grassland,NULL
80,NULL,Wetland,NULL,NULL,Non_Wetland,Grassland,Wetland,NULL
81,NULL,Wetland,NULL,NULL,Non_Wetland,Wetland,Wetland,NULL
82,NULL,Wetland,Shrubland,NULL,Non_Wetland,NULL,Water,NULL
83,NULL,Wetland,Shrubland,NULL,Non_Wetland,Grassland,Grassland,NULL
84,NULL,Wetland,Shrubland,NULL,Non_Wetland,Grassland,Wetland,NULL
85,NULL,Wetland,Shrubland,NULL,Non_Wetland,Grassland,Water,NULL
86,NULL,Wetland,Shrubland,NULL,Non_Wetland,Wetland,Wetland,NULL
87,NULL,Wetland,Shrubland,NULL,Non_Wetland,Wetland,Water,NULL
88,NULL,Wetland,Shrubland,NULL,Non_Wetland,Bareland,Grassland,NULL
89,NULL,Wetland,Grassland,NULL,Non_Wetland,Wetland,Wetland,NULL
90,NULL,Wetland,Grassland,NULL,Non_Wetland,Wetland,Water,NULL
91,NULL,Wetland,Wetland,NULL,Wetland,NULL,Wetland,NULL
92,NULL,Wetland,Wetland,NULL,Wetland,NULL,Water,NULL
93,NULL,Wetland,Wetland,NULL,Wetland,Grassland,Wetland,NULL
94,NULL,Wetland,Wetland,NULL,Wetland,Wetland,Wetland,NULL
95,NULL,Wetland,Wetland,NULL,Wetland,Wetland,Water,NULL
96,NULL,Wetland,Wetland,NULL,Wetland,Water,Wetland,NULL
97,NULL,Wetland,Wetland,NULL,Wetland,Water,Water,NULL
98,NULL,Wetland,Wetland,NULL,Wetland,Forest,Wetland,NULL
99,NULL,Wetland,Wetland,NULL,Wetland,Forest,Water,NULL
100,NULL,Wetland,Bareland,NULL,Non_Wetland,Wetland,Wetland,NULL
101,NULL,Wetland,Built-up,NULL,Non_Wetland,Grassland,Grassland,NULL
102,NULL,Wetland,Built-up,NULL,Non_Wetland,Wetland,Wetland,NULL
103,NULL,Wetland,Water,NULL,Water,Wetland,Wetland,NULL
104,NULL,Wetland,Water,NULL,Water,Wetland,Water,NULL
105,NULL,Wetland,Water,NULL,Water,Water,Wetland,NULL
106,NULL,Wetland,Water,NULL,Water,Water,Water,NULL
107,NULL,Wetland,Forest,NULL,Non_Wetland,NULL,Wetland,NULL
108,NULL,Wetland,Forest,NULL,Non_Wetland,Grassland,Grassland,NULL
109,NULL,Wetland,Forest,NULL,Non_Wetland,Grassland,Bareland,NULL
110,NULL,Wetland,Forest,NULL,Non_Wetland,Wetland,Wetland,NULL
111,NULL,Wetland,Forest,NULL,Non_Wetland,Wetland,Bareland,NULL
112,NULL,Wetland,Forest,NULL,Non_Wetland,Forest,Wetland,NULL
113,NULL,Bareland,Grassland,NULL,Non_Wetland,Wetland,Water,NULL
114,NULL,Bareland,Wetland,NULL,Wetland,Wetland,Wetland,NULL
115,NULL,Bareland,Wetland,NULL,Wetland,Wetland,Water,NULL
116,NULL,Bareland,Wetland,NULL,Wetland,Water,Water,NULL
117,NULL,Bareland,Bareland,NULL,Non_Wetland,Wetland,Water,NULL
118,NULL,Bareland,Water,NULL,Water,Grassland,Water,NULL
119,NULL,Bareland,Water,NULL,Water,Wetland,Water,NULL
120,NULL,Bareland,Water,NULL,Water,Water,Water,NULL
121,NULL,Bareland,Forest,NULL,Non_Wetland,Water,Wetland,NULL
122,NULL,Built-up,NULL,NULL,Non_Wetland,Grassland,Grassland,NULL
123,NULL,Built-up,NULL,NULL,Non_Wetland,Grassland,Wetland,NULL
124,NULL,Built-up,NULL,NULL,Non_Wetland,Grassland,Bareland,NULL
125,NULL,Built-up,NULL,NULL,Non_Wetland,Grassland,Built-up,NULL
126,NULL,Built-up,NULL,NULL,Non_Wetland,Wetland,Bareland,NULL
127,NULL,Built-up,NULL,NULL,Non_Wetland,Bareland,NULL,NULL
128,NULL,Built-up,NULL,NULL,Non_Wetland,Bareland,Grassland,NULL
129,NULL,Built-up,NULL,NULL,Non_Wetland,Bareland,Wetland,NULL
130,NULL,Built-up,NULL,NULL,Non_Wetland,Bareland,Bareland,NULL
131,NULL,Built-up,Shrubland,NULL,Non_Wetland,Grassland,Grassland,NULL
132,NULL,Built-up,Shrubland,NULL,Non_Wetland,Grassland,Wetland,NULL
133,NULL,Built-up,Shrubland,NULL,Non_Wetland,Grassland,Bareland,NULL
134,NULL,Built-up,Shrubland,NULL,Non_Wetland,Grassland,Built-up,NULL
135,NULL,Built-up,Shrubland,NULL,Non_Wetland,Grassland,Water,NULL
136,NULL,Built-up,Shrubland,NULL,Non_Wetland,Wetland,Grassland,NULL
137,NULL,Built-up,Shrubland,NULL,Non_Wetland,Wetland,Wetland,NULL
138,NULL,Built-up,Shrubland,NULL,Non_Wetland,Wetland,Bareland,NULL
139,NULL,Built-up,Shrubland,NULL,Non_Wetland,Wetland,Water,NULL
140,NULL,Built-up,Shrubland,NULL,Non_Wetland,Bareland,NULL,NULL
141,NULL,Built-up,Shrubland,NULL,Non_Wetland,Bareland,Wetland,NULL
142,NULL,Built-up,Shrubland,NULL,Non_Wetland,Bareland,Bareland,NULL
143,NULL,Built-up,Wetland,NULL,Wetland,Wetland,Grassland,NULL
144,NULL,Built-up,Wetland,NULL,Wetland,Wetland,Wetland,NULL
145,NULL,Built-up,Wetland,NULL,Wetland,Wetland,Water,NULL
146,NULL,Built-up,Bareland,NULL,Non_Wetland,Grassland,Wetland,NULL
147,NULL,Built-up,Bareland,NULL,Non_Wetland,Wetland,Bareland,NULL
148,NULL,Built-up,Bareland,NULL,Non_Wetland,Bareland,Water,NULL
149,NULL,Built-up,Built-up,NULL,Non_Wetland,Grassland,Grassland,NULL
150,NULL,Built-up,Built-up,NULL,Non_Wetland,Grassland,Wetland,NULL
151,NULL,Built-up,Built-up,NULL,Non_Wetland,Grassland,Bareland,NULL
152,NULL,Built-up,Built-up,NULL,Non_Wetland,Grassland,Built-up,NULL
153,NULL,Built-up,Built-up,NULL,Non_Wetland,Wetland,Bareland,NULL
154,NULL,Built-up,Built-up,NULL,Non_Wetland,Bareland,NULL,NULL
155,NULL,Built-up,Built-up,NULL,Non_Wetland,Bareland,Wetland,NULL
156,NULL,Built-up,Built-up,NULL,Non_Wetland,Bareland,Bareland,NULL
157,NULL,Built-up,Built-up,NULL,Non_Wetland,Water,Bareland,NULL
158,NULL,Built-up,Water,NULL,Water,Wetland,Water,NULL
159,NULL,Built-up,Forest,NULL,Non_Wetland,Grassland,Grassland,NULL
160,NULL,Built-up,Forest,NULL,Non_Wetland,Grassland,Wetland,NULL
161,NULL,Built-up,Forest,NULL,Non_Wetland,Grassland,Bareland,NULL
162,NULL,Built-up,Forest,NULL,Non_Wetland,Wetland,Wetland,NULL
163,NULL,Built-up,Forest,NULL,Non_Wetland,Wetland,Bareland,NULL
164,NULL,Built-up,Forest,NULL,Non_Wetland,Bareland,Grassland,NULL
165,NULL,Built-up,Forest,NULL,Non_Wetland,Bareland,Wetland,NULL
166,NULL,Built-up,Forest,NULL,Non_Wetland,Bareland,Bareland,NULL
167,NULL,Water,NULL,NULL,Non_Wetland,Grassland,Wetland,NULL
168,NULL,Water,NULL,NULL,Non_Wetland,Grassland,Water,NULL
169,NULL,Water,NULL,NULL,Non_Wetland,Wetland,Wetland,NULL
170,NULL,Water,NULL,NULL,Non_Wetland,Wetland,Water,NULL
171,NULL,Water,NULL,NULL,Non_Wetland,Water,Wetland,NULL
172,NULL,Water,NULL,NULL,Non_Wetland,Forest,Wetland,NULL
173,NULL,Water,Shrubland,NULL,Non_Wetland,Grassland,NULL,NULL
174,NULL,Water,Shrubland,NULL,Non_Wetland,Grassland,Wetland,NULL
175,NULL,Water,Shrubland,NULL,Non_Wetland,Grassland,Bareland,NULL
176,NULL,Water,Shrubland,NULL,Non_Wetland,Grassland,Water,NULL
177,NULL,Water,Shrubland,NULL,Non_Wetland,Wetland,Wetland,NULL
178,NULL,Water,Shrubland,NULL,Non_Wetland,Wetland,Bareland,NULL
179,NULL,Water,Shrubland,NULL,Non_Wetland,Wetland,Water,NULL
180,NULL,Water,Shrubland,NULL,Non_Wetland,Bareland,NULL,NULL
181,NULL,Water,Shrubland,NULL,Non_Wetland,Bareland,Bareland,NULL
182,NULL,Water,Shrubland,NULL,Non_Wetland,Water,Wetland,NULL
183,NULL,Water,Shrubland,NULL,Non_Wetland,Water,Water,NULL
184,NULL,Water,Grassland,NULL,Non_Wetland,Wetland,Wetland,NULL
185,NULL,Water,Grassland,NULL,Non_Wetland,Bareland,Water,NULL
186,NULL,Water,Grassland,NULL,Non_Wetland,Water,Water,NULL
187,NULL,Water,Wetland,NULL,Wetland,NULL,Water,NULL
188,NULL,Water,Wetland,NULL,Wetland,Grassland,Wetland,NULL
189,NULL,Water,Wetland,NULL,Wetland,Wetland,Wetland,NULL
190,NULL,Water,Wetland,NULL,Wetland,Wetland,Bareland,NULL
191,NULL,Water,Wetland,NULL,Wetland,Wetland,Water,NULL
192,NULL,Water,Wetland,NULL,Wetland,Wetland,Forest,NULL
193,NULL,Water,Wetland,NULL,Wetland,Water,Wetland,NULL
194,NULL,Water,Wetland,NULL,Wetland,Water,Water,NULL
195,NULL,Water,Bareland,NULL,Non_Wetland,Wetland,Wetland,NULL
196,NULL,Water,Bareland,NULL,Non_Wetland,Wetland,Water,NULL
197,NULL,Water,Bareland,NULL,Non_Wetland,Water,Water,NULL
198,NULL,Water,Built-up,NULL,Non_Wetland,Wetland,Wetland,NULL
199,NULL,Water,Built-up,NULL,Non_Wetland,Wetland,Bareland,NULL
200,NULL,Water,Built-up,NULL,Non_Wetland,Bareland,Wetland,NULL
201,NULL,Water,Water,NULL,Water,Grassland,Water,NULL
202,NULL,Water,Water,NULL,Water,Wetland,Grassland,NULL
203,NULL,Water,Water,NULL,Water,Wetland,Wetland,NULL
204,NULL,Water,Water,NULL,Water,Wetland,Water,NULL
205,NULL,Water,Water,NULL,Water,Water,Wetland,NULL
206,NULL,Water,Water,NULL,Water,Water,Water,NULL
207,NULL,Water,Forest,NULL,Non_Wetland,Wetland,Wetland,NULL
208,NULL,Water,Forest,NULL,Non_Wetland,Wetland,Water,NULL
209,NULL,Water,Forest,NULL,Non_Wetland,Water,Wetland,NULL
210,NULL,Forest,NULL,NULL,Non_Wetland,Grassland,Wetland,NULL
211,NULL,Forest,NULL,NULL,Non_Wetland,Grassland,Bareland,NULL
212,NULL,Forest,NULL,NULL,Non_Wetland,Wetland,Wetland,NULL
213,NULL,Forest,NULL,NULL,Non_Wetland,Wetland,Forest,NULL
214,NULL,Forest,NULL,NULL,Non_Wetland,Bareland,Grassland,NULL
215,NULL,Forest,Shrubland,NULL,Non_Wetland,Grassland,Wetland,NULL
216,NULL,Forest,Shrubland,NULL,Non_Wetland,Grassland,Bareland,NULL
217,NULL,Forest,Shrubland,NULL,Non_Wetland,Wetland,Wetland,NULL
218,NULL,Forest,Shrubland,NULL,Non_Wetland,Bareland,Wetland,NULL
219,NULL,Forest,Grassland,NULL,Non_Wetland,Grassland,Wetland,NULL
220,NULL,Forest,Cropland,NULL,Non_Wetland,Bareland,Wetland,NULL
221,NULL,Forest,Wetland,NULL,Wetland,NULL,Wetland,NULL
222,NULL,Forest,Wetland,NULL,Wetland,NULL,Water,NULL
223,NULL,Forest,Wetland,NULL,Wetland,Grassland,Wetland,NULL
224,NULL,Forest,Wetland,NULL,Wetland,Wetland,Wetland,NULL
225,NULL,Forest,Wetland,NULL,Wetland,Wetland,Water,NULL
226,NULL,Forest,Wetland,NULL,Wetland,Wetland,Forest,NULL
227,NULL,Forest,Wetland,NULL,Wetland,Forest,Wetland,NULL
228,NULL,Forest,Wetland,NULL,Wetland,Forest,Water,NULL
229,NULL,Forest,Bareland,NULL,Non_Wetland,Wetland,Wetland,NULL
230,NULL,Forest,Built-up,NULL,Non_Wetland,Grassland,Wetland,NULL
231,NULL,Forest,Built-up,NULL,Non_Wetland,Bareland,Wetland,NULL
232,NULL,Forest,Built-up,NULL,Non_Wetland,Bareland,Bareland,NULL
233,NULL,Forest,Water,NULL,Water,Wetland,Wetland,NULL
234,NULL,Forest,Water,NULL,Water,Water,Water,NULL
235,NULL,Forest,Forest,NULL,Non_Wetland,NULL,Wetland,NULL
236,NULL,Forest,Forest,NULL,Non_Wetland,Grassland,Grassland,NULL
237,NULL,Forest,Forest,NULL,Non_Wetland,Grassland,Wetland,NULL
238,NULL,Forest,Forest,NULL,Non_Wetland,Grassland,Forest,NULL
239,NULL,Forest,Forest,NULL,Non_Wetland,Wetland,Wetland,NULL
240,NULL,Forest,Forest,NULL,Non_Wetland,Wetland,Forest,NULL
241,NULL,Forest,Forest,NULL,Non_Wetland,Bareland,Wetland,NULL
242,NULL,Forest,Forest,NULL,Non_Wetland,Forest,Forest,NULL
243,Grassland,NULL,NULL,NULL,Non_Wetland,Grassland,Grassland,NULL
244,Grassland,NULL,NULL,NULL,Non_Wetland,Grassland,Wetland,NULL
245,Grassland,NULL,NULL,NULL,Non_Wetland,Wetland,Wetland,NULL
246,Grassland,NULL,NULL,NULL,Non_Wetland,Bareland,Grassland,NULL
247,Grassland,NULL,NULL,NULL,Non_Wetland,Bareland,Wetland,NULL
248,Grassland,NULL,Shrubland,NULL,Non_Wetland,Grassland,Grassland,NULL
249,Grassland,NULL,Shrubland,NULL,Non_Wetland,Grassland,Wetland,NULL
250,Grassland,NULL,Shrubland,NULL,Non_Wetland,Wetland,Wetland,NULL
251,Grassland,NULL,Shrubland,NULL,Non_Wetland,Bareland,Grassland,NULL
252,Grassland,NULL,Shrubland,NULL,Non_Wetland,Bareland,Wetland,NULL
253,Grassland,NULL,Wetland,NULL,Wetland,NULL,Wetland,NULL
254,Grassland,NULL,Wetland,NULL,Wetland,NULL,Water,NULL
255,Grassland,NULL,Wetland,NULL,Wetland,Grassland,Wetland,NULL
256,Grassland,NULL,Wetland,NULL,Wetland,Wetland,Wetland,NULL
257,Grassland,NULL,Wetland,NULL,Wetland,Wetland,Water,NULL
258,Grassland,NULL,Wetland,NULL,Wetland,Water,Wetland,NULL
259,Grassland,NULL,Wetland,NULL,Wetland,Water,Water,NULL
260,Grassland,NULL,Bareland,NULL,Non_Wetland,Grassland,Wetland,NULL
261,Grassland,NULL,Bareland,NULL,Non_Wetland,Wetland,Wetland,NULL
262,Grassland,NULL,Bareland,NULL,Non_Wetland,Wetland,Water,NULL
263,Grassland,NULL,Water,NULL,Water,Wetland,Wetland,NULL
264,Grassland,NULL,Water,NULL,Water,Wetland,Water,NULL
265,Grassland,NULL,Water,NULL,Water,Water,Wetland,NULL
266,Grassland,NULL,Water,NULL,Water,Water,Water,NULL
267,Grassland,NULL,Forest,NULL,Non_Wetland,Grassland,Wetland,NULL
268,Grassland,NULL,Forest,NULL,Non_Wetland,Wetland,Wetland,NULL
269,Grassland,NULL,Forest,NULL,Non_Wetland,Bareland,Grassland,NULL
270,Grassland,NULL,Forest,NULL,Non_Wetland,Bareland,Wetland,NULL
271,Grassland,Wetland,NULL,NULL,Non_Wetland,Wetland,Wetland,NULL
272,Grassland,Wetland,Wetland,NULL,Wetland,NULL,Water,NULL
273,Grassland,Wetland,Wetland,NULL,Wetland,Grassland,Wetland,NULL
274,Grassland,Wetland,Wetland,NULL,Wetland,Wetland,Wetland,NULL
275,Grassland,Wetland,Wetland,NULL,Wetland,Wetland,Water,NULL
276,Grassland,Wetland,Wetland,NULL,Wetland,Water,Wetland,NULL
277,Grassland,Wetland,Wetland,NULL,Wetland,Water,Water,NULL
278,Grassland,Wetland,Bareland,NULL,Non_Wetland,Wetland,Water,NULL
279,Grassland,Wetland,Bareland,NULL,Non_Wetland,Water,Wetland,NULL
280,Grassland,Wetland,Water,NULL,Water,Wetland,Wetland,NULL
281,Grassland,Wetland,Water,NULL,Water,Wetland,Water,NULL
282,Grassland,Wetland,Water,NULL,Water,Water,Wetland,NULL
283,Grassland,Wetland,Water,NULL,Water,Water,Water,NULL
284,Grassland,Wetland,Forest,NULL,Non_Wetland,Wetland,Wetland,NULL
285,Grassland,Built-up,Shrubland,NULL,Non_Wetland,Grassland,Wetland,NULL
286,Grassland,Built-up,Shrubland,NULL,Non_Wetland,Bareland,Wetland,NULL
287,Grassland,Water,Wetland,NULL,Wetland,Wetland,Wetland,NULL
288,Grassland,Forest,NULL,NULL,Non_Wetland,Grassland,Grassland,NULL
289,Grassland,Forest,Wetland,NULL,Wetland,NULL,Wetland,NULL
290,Grassland,Forest,Wetland,NULL,Wetland,NULL,Water,NULL
291,Grassland,Forest,Wetland,NULL,Wetland,Grassland,Wetland,NULL
292,Grassland,Forest,Wetland,NULL,Wetland,Wetland,Wetland,NULL
293,Grassland,Forest,Wetland,NULL,Wetland,Wetland,Water,NULL
294,Grassland,Forest,Wetland,NULL,Wetland,Forest,Wetland,NULL
295,Grassland,Forest,Wetland,NULL,Wetland,Forest,Water,NULL
296,Grassland,Forest,Bareland,NULL,Non_Wetland,Wetland,Wetland,NULL
297,Grassland,Forest,Forest,NULL,Non_Wetland,Wetland,Wetland,NULL
298,Grassland,Forest,Forest,NULL,Non_Wetland,Forest,Forest,NULL
299,Wetland,NULL,NULL,NULL,Non_Wetland,Wetland,Wetland,NULL
300,Wetland,NULL,NULL,NULL,Non_Wetland,Water,Water,NULL
301,Wetland,NULL,Shrubland,NULL,Non_Wetland,Wetland,Water,NULL
302,Wetland,NULL,Grassland,NULL,Non_Wetland,Grassland,Water,NULL
303,Wetland,NULL,Grassland,NULL,Non_Wetland,Wetland,Wetland,NULL
304,Wetland,NULL,Grassland,NULL,Non_Wetland,Wetland,Water,NULL
305,Wetland,NULL,Grassland,NULL,Non_Wetland,Water,Water,NULL
306,Wetland,NULL,Wetland,NULL,Wetland,NULL,Wetland,NULL
307,Wetland,NULL,Wetland,NULL,Wetland,NULL,Water,NULL
308,Wetland,NULL,Wetland,NULL,Wetland,Grassland,Wetland,NULL
309,Wetland,NULL,Wetland,NULL,Wetland,Grassland,Water,NULL
310,Wetland,NULL,Wetland,NULL,Wetland,Wetland,Wetland,NULL
311,Wetland,NULL,Wetland,NULL,Wetland,Wetland,Water,NULL
312,Wetland,NULL,Wetland,NULL,Wetland,Water,Wetland,NULL
313,Wetland,NULL,Wetland,NULL,Wetland,Water,Water,NULL
314,Wetland,NULL,Bareland,NULL,Non_Wetland,Wetland,Wetland,NULL
315,Wetland,NULL,Bareland,NULL,Non_Wetland,Wetland,Water,NULL
316,Wetland,NULL,Bareland,NULL,Non_Wetland,Water,Wetland,NULL
317,Wetland,NULL,Bareland,NULL,Non_Wetland,Water,Water,NULL
318,Wetland,NULL,Built-up,NULL,Non_Wetland,Wetland,Wetland,NULL
319,Wetland,NULL,Water,NULL,Water,Grassland,Water,NULL
320,Wetland,NULL,Water,NULL,Water,Wetland,Wetland,NULL
321,Wetland,NULL,Water,NULL,Water,Wetland,Water,NULL
322,Wetland,NULL,Water,NULL,Water,Water,Wetland,NULL
323,Wetland,NULL,Water,NULL,Water,Water,Water,NULL
324,Wetland,NULL,Forest,NULL,Non_Wetland,Grassland,Water,NULL
325,Wetland,NULL,Forest,NULL,Non_Wetland,Wetland,Wetland,NULL
326,Wetland,NULL,Forest,NULL,Non_Wetland,Wetland,Water,NULL
327,Wetland,NULL,Forest,NULL,Non_Wetland,Water,Wetland,NULL
328,Wetland,NULL,Forest,NULL,Non_Wetland,Water,Water,NULL
329,Wetland,Wetland,NULL,NULL,Non_Wetland,Wetland,Wetland,NULL
330,Wetland,Wetland,NULL,NULL,Non_Wetland,Wetland,Water,NULL
331,Wetland,Wetland,Grassland,NULL,Non_Wetland,Wetland,Water,NULL
332,Wetland,Wetland,Grassland,NULL,Non_Wetland,Water,Water,NULL
333,Wetland,Wetland,Wetland,NULL,Wetland,NULL,Wetland,NULL
334,Wetland,Wetland,Wetland,NULL,Wetland,NULL,Water,NULL
335,Wetland,Wetland,Wetland,NULL,Wetland,Grassland,Wetland,NULL
336,Wetland,Wetland,Wetland,NULL,Wetland,Grassland,Water,NULL
337,Wetland,Wetland,Wetland,NULL,Wetland,Wetland,Wetland,NULL
338,Wetland,Wetland,Wetland,NULL,Wetland,Wetland,Water,NULL
339,Wetland,Wetland,Wetland,NULL,Wetland,Water,Wetland,NULL
340,Wetland,Wetland,Wetland,NULL,Wetland,Water,Water,NULL
341,Wetland,Wetland,Bareland,NULL,Non_Wetland,Wetland,Wetland,NULL
342,Wetland,Wetland,Bareland,NULL,Non_Wetland,Wetland,Water,NULL
343,Wetland,Wetland,Bareland,NULL,Non_Wetland,Water,Water,NULL
344,Wetland,Wetland,Built-up,NULL,Non_Wetland,Wetland,Water,NULL
345,Wetland,Wetland,Water,NULL,Water,Grassland,Water,NULL
346,Wetland,Wetland,Water,NULL,Water,Wetland,Wetland,NULL
347,Wetland,Wetland,Water,NULL,Water,Wetland,Water,NULL
348,Wetland,Wetland,Water,NULL,Water,Water,Wetland,NULL
349,Wetland,Wetland,Water,NULL,Water,Water,Water,NULL
350,Wetland,Wetland,Forest,NULL,Non_Wetland,Wetland,Wetland,NULL
351,Wetland,Wetland,Forest,NULL,Non_Wetland,Wetland,Water,NULL
352,Wetland,Wetland,Forest,NULL,Non_Wetland,Water,Wetland,NULL
353,Wetland,Wetland,Forest,NULL,Non_Wetland,Water,Water,NULL
354,Wetland,Bareland,Wetland,NULL,Wetland,Wetland,Wetland,NULL
355,Wetland,Bareland,Wetland,NULL,Wetland,Water,Wetland,NULL
356,Wetland,Bareland,Water,NULL,Water,Water,Water,NULL
357,Wetland,Water,Grassland,NULL,Non_Wetland,Water,Water,NULL
358,Wetland,Water,Wetland,NULL,Wetland,Wetland,Wetland,NULL
359,Wetland,Water,Wetland,NULL,Wetland,Wetland,Water,NULL
360,Wetland,Water,Wetland,NULL,Wetland,Water,Wetland,NULL
361,Wetland,Water,Wetland,NULL,Wetland,Water,Water,NULL
362,Wetland,Water,Bareland,NULL,Non_Wetland,Water,Water,NULL
363,Wetland,Water,Water,NULL,Water,Wetland,Water,NULL
364,Wetland,Water,Water,NULL,Water,Water,Wetland,NULL
365,Wetland,Water,Water,NULL,Water,Water,Water,NULL
366,Wetland,Water,Forest,NULL,Non_Wetland,Water,Water,NULL
367,Wetland,Forest,Wetland,NULL,Wetland,NULL,Wetland,NULL
368,Wetland,Forest,Wetland,NULL,Wetland,Wetland,Wetland,NULL
369,Wetland,Forest,Wetland,NULL,Wetland,Wetland,Water,NULL
370,Wetland,Forest,Wetland,NULL,Wetland,Water,Water,NULL
371,Wetland,Forest,Water,NULL,Water,Wetland,Water,NULL
372,Bareland,NULL,Wetland,NULL,Wetland,Wetland,Water,NULL
373,Bareland,NULL,Wetland,NULL,Wetland,Water,Water,NULL
374,Bareland,NULL,Bareland,NULL,Non_Wetland,Grassland,Wetland,NULL
375,Bareland,NULL,Built-up,NULL,Non_Wetland,Wetland,Wetland,NULL
376,Bareland,NULL,Built-up,NULL,Non_Wetland,Wetland,Water,NULL
377,Bareland,Wetland,NULL,NULL,Non_Wetland,Water,Water,NULL
378,Bareland,Wetland,Shrubland,NULL,Non_Wetland,Wetland,Water,NULL
379,Bareland,Wetland,Wetland,NULL,Wetland,Grassland,Water,NULL
380,Bareland,Wetland,Wetland,NULL,Wetland,Wetland,Wetland,NULL
381,Bareland,Wetland,Wetland,NULL,Wetland,Wetland,Water,NULL
382,Bareland,Wetland,Wetland,NULL,Wetland,Water,Wetland,NULL
383,Bareland,Wetland,Wetland,NULL,Wetland,Water,Water,NULL
384,Bareland,Wetland,Built-up,NULL,Non_Wetland,Wetland,Water,NULL
385,Bareland,Wetland,Water,NULL,Water,Wetland,Water,NULL
386,Bareland,Wetland,Water,NULL,Water,Water,Water,NULL
387,Bareland,Wetland,Forest,NULL,Non_Wetland,Wetland,Wetland,NULL
388,Bareland,Bareland,NULL,NULL,Non_Wetland,Grassland,Wetland,NULL
389,Bareland,Bareland,NULL,NULL,Non_Wetland,Grassland,Water,NULL
390,Bareland,Bareland,NULL,NULL,Non_Wetland,Wetland,Wetland,NULL
391,Bareland,Bareland,NULL,NULL,Non_Wetland,Wetland,Water,NULL
392,Bareland,Bareland,NULL,NULL,Non_Wetland,Bareland,Water,NULL
393,Bareland,Bareland,NULL,NULL,Non_Wetland,Water,Wetland,NULL
394,Bareland,Bareland,NULL,NULL,Non_Wetland,Water,Water,NULL
395,Bareland,Bareland,Shrubland,NULL,Non_Wetland,Grassland,Water,NULL
396,Bareland,Bareland,Shrubland,NULL,Non_Wetland,Wetland,Grassland,NULL
397,Bareland,Bareland,Shrubland,NULL,Non_Wetland,Wetland,Water,NULL
398,Bareland,Bareland,Shrubland,NULL,Non_Wetland,Bareland,Water,NULL
399,Bareland,Bareland,Grassland,NULL,Non_Wetland,Grassland,Water,NULL
400,Bareland,Bareland,Grassland,NULL,Non_Wetland,Wetland,Water,NULL
401,Bareland,Bareland,Grassland,NULL,Non_Wetland,Water,Water,NULL
402,Bareland,Bareland,Wetland,NULL,Wetland,NULL,Water,NULL
403,Bareland,Bareland,Wetland,NULL,Wetland,Grassland,Water,NULL
404,Bareland,Bareland,Wetland,NULL,Wetland,Wetland,Wetland,NULL
405,Bareland,Bareland,Wetland,NULL,Wetland,Wetland,Water,NULL
406,Bareland,Bareland,Wetland,NULL,Wetland,Bareland,Water,NULL
407,Bareland,Bareland,Wetland,NULL,Wetland,Water,Wetland,NULL
408,Bareland,Bareland,Wetland,NULL,Wetland,Water,Water,NULL
409,Bareland,Bareland,Wetland,NULL,Wetland,Forest,Water,NULL
410,Bareland,Bareland,Bareland,NULL,Non_Wetland,Grassland,Wetland,NULL
411,Bareland,Bareland,Bareland,NULL,Non_Wetland,Grassland,Water,NULL
412,Bareland,Bareland,Bareland,NULL,Non_Wetland,Wetland,Water,NULL
413,Bareland,Bareland,Bareland,NULL,Non_Wetland,Bareland,Water,NULL
414,Bareland,Bareland,Bareland,NULL,Non_Wetland,Water,Water,NULL
415,Bareland,Bareland,Built-up,NULL,Non_Wetland,Grassland,Water,NULL
416,Bareland,Bareland,Built-up,NULL,Non_Wetland,Wetland,Wetland,NULL
417,Bareland,Bareland,Built-up,NULL,Non_Wetland,Wetland,Water,NULL
418,Bareland,Bareland,Built-up,NULL,Non_Wetland,Bareland,Water,NULL
419,Bareland,Bareland,Built-up,NULL,Non_Wetland,Water,Water,NULL
420,Bareland,Bareland,Water,NULL,Water,Grassland,Water,NULL
421,Bareland,Bareland,Water,NULL,Water,Wetland,Wetland,NULL
422,Bareland,Bareland,Water,NULL,Water,Wetland,Water,NULL
423,Bareland,Bareland,Water,NULL,Water,Bareland,Water,NULL
424,Bareland,Bareland,Water,NULL,Water,Water,Wetland,NULL
425,Bareland,Bareland,Water,NULL,Water,Water,Water,NULL
426,Bareland,Bareland,Water,NULL,Water,Forest,Water,NULL
427,Bareland,Bareland,Forest,NULL,Non_Wetland,Grassland,Wetland,NULL
428,Bareland,Bareland,Forest,NULL,Non_Wetland,Grassland,Water,NULL
429,Bareland,Bareland,Forest,NULL,Non_Wetland,Wetland,Wetland,NULL
430,Bareland,Bareland,Forest,NULL,Non_Wetland,Wetland,Water,NULL
431,Bareland,Bareland,Forest,NULL,Non_Wetland,Bareland,Water,NULL
432,Bareland,Bareland,Forest,NULL,Non_Wetland,Water,Wetland,NULL
433,Bareland,Bareland,Forest,NULL,Non_Wetland,Water,Water,NULL
434,Bareland,Built-up,Built-up,NULL,Non_Wetland,Grassland,Wetland,NULL
435,Bareland,Water,NULL,NULL,Non_Wetland,Wetland,Wetland,NULL
436,Bareland,Water,NULL,NULL,Non_Wetland,Wetland,Water,NULL
437,Bareland,Water,NULL,NULL,Non_Wetland,Water,Wetland,NULL
438,Bareland,Water,NULL,NULL,Non_Wetland,Water,Water,NULL
439,Bareland,Water,Shrubland,NULL,Non_Wetland,Grassland,Water,NULL
440,Bareland,Water,Shrubland,NULL,Non_Wetland,Wetland,Water,NULL
441,Bareland,Water,Shrubland,NULL,Non_Wetland,Water,Wetland,NULL
442,Bareland,Water,Grassland,NULL,Non_Wetland,Wetland,Wetland,NULL
443,Bareland,Water,Grassland,NULL,Non_Wetland,Wetland,Water,NULL
444,Bareland,Water,Grassland,NULL,Non_Wetland,Water,Wetland,NULL
445,Bareland,Water,Wetland,NULL,Wetland,Grassland,Water,NULL
446,Bareland,Water,Wetland,NULL,Wetland,Wetland,Wetland,NULL
447,Bareland,Water,Wetland,NULL,Wetland,Wetland,Water,NULL
448,Bareland,Water,Wetland,NULL,Wetland,Bareland,Water,NULL
449,Bareland,Water,Wetland,NULL,Wetland,Water,Wetland,NULL
450,Bareland,Water,Wetland,NULL,Wetland,Water,Water,NULL
451,Bareland,Water,Bareland,NULL,Non_Wetland,Wetland,Water,NULL
452,Bareland,Water,Bareland,NULL,Non_Wetland,Water,Wetland,NULL
453,Bareland,Water,Bareland,NULL,Non_Wetland,Water,Water,NULL
454,Bareland,Water,Built-up,NULL,Non_Wetland,Wetland,Wetland,NULL
455,Bareland,Water,Built-up,NULL,Non_Wetland,Wetland,Water,NULL
456,Bareland,Water,Built-up,NULL,Non_Wetland,Water,Water,NULL
457,Bareland,Water,Water,NULL,Water,NULL,Water,NULL
458,Bareland,Water,Water,NULL,Water,Grassland,Water,NULL
459,Bareland,Water,Water,NULL,Water,Wetland,Wetland,NULL
460,Bareland,Water,Water,NULL,Water,Wetland,Water,NULL
461,Bareland,Water,Water,NULL,Water,Bareland,Water,NULL
462,Bareland,Water,Water,NULL,Water,Water,Wetland,NULL
463,Bareland,Water,Water,NULL,Water,Water,Water,NULL
464,Bareland,Water,Forest,NULL,Non_Wetland,Wetland,Wetland,NULL
465,Bareland,Water,Forest,NULL,Non_Wetland,Wetland,Water,NULL
466,Bareland,Water,Forest,NULL,Non_Wetland,Water,Wetland,NULL
467,Bareland,Water,Forest,NULL,Non_Wetland,Water,Water,NULL
468,Water,NULL,Shrubland,NULL,Non_Wetland,Wetland,Water,NULL
469,Water,NULL,Grassland,NULL,Non_Wetland,Wetland,Water,NULL
470,Water,NULL,Grassland,NULL,Non_Wetland,Water,Wetland,NULL
471,Water,NULL,Wetland,NULL,Wetland,NULL,Wetland,NULL
472,Water,NULL,Wetland,NULL,Wetland,Grassland,Water,NULL
473,Water,NULL,Wetland,NULL,Wetland,Wetland,Wetland,NULL
474,Water,NULL,Wetland,NULL,Wetland,Wetland,Water,NULL
475,Water,NULL,Wetland,NULL,Wetland,Water,Wetland,NULL
476,Water,NULL,Wetland,NULL,Wetland,Water,Water,NULL
477,Water,NULL,Bareland,NULL,Non_Wetland,Wetland,Wetland,NULL
478,Water,NULL,Water,NULL,Water,Wetland,Wetland,NULL
479,Water,NULL,Water,NULL,Water,Wetland,Water,NULL
480,Water,NULL,Water,NULL,Water,Water,Wetland,NULL
481,Water,NULL,Water,NULL,Water,Water,Water,NULL
482,Water,NULL,Forest,NULL,Non_Wetland,Wetland,Wetland,NULL
483,Water,NULL,Forest,NULL,Non_Wetland,Wetland,Water,NULL
484,Water,Wetland,NULL,NULL,Non_Wetland,Wetland,Wetland,NULL
485,Water,Wetland,NULL,NULL,Non_Wetland,Water,Water,NULL
486,Water,Wetland,NULL,NULL,Non_Wetland,Forest,Water,NULL
487,Water,Wetland,Grassland,NULL,Non_Wetland,Wetland,Wetland,NULL
488,Water,Wetland,Grassland,NULL,Non_Wetland,Wetland,Water,NULL
489,Water,Wetland,Grassland,NULL,Non_Wetland,Water,Wetland,NULL
490,Water,Wetland,Grassland,NULL,Non_Wetland,Water,Water,NULL
491,Water,Wetland,Wetland,NULL,Wetland,NULL,Wetland,NULL
492,Water,Wetland,Wetland,NULL,Wetland,NULL,Water,NULL
493,Water,Wetland,Wetland,NULL,Wetland,Wetland,Wetland,NULL
494,Water,Wetland,Wetland,NULL,Wetland,Wetland,Water,NULL
495,Water,Wetland,Wetland,NULL,Wetland,Water,Wetland,NULL
496,Water,Wetland,Wetland,NULL,Wetland,Water,Water,NULL
497,Water,Wetland,Wetland,NULL,Wetland,Forest,Wetland,NULL
498,Water,Wetland,Bareland,NULL,Non_Wetland,Wetland,Wetland,NULL
499,Water,Wetland,Bareland,NULL,Non_Wetland,Wetland,Water,NULL
500,Water,Wetland,Bareland,NULL,Non_Wetland,Water,Wetland,NULL
501,Water,Wetland,Bareland,NULL,Non_Wetland,Water,Water,NULL
502,Water,Wetland,Built-up,NULL,Non_Wetland,Wetland,Wetland,NULL
503,Water,Wetland,Water,NULL,Water,Wetland,Wetland,NULL
504,Water,Wetland,Water,NULL,Water,Wetland,Water,NULL
505,Water,Wetland,Water,NULL,Water,Water,Wetland,NULL
506,Water,Wetland,Water,NULL,Water,Water,Water,NULL
507,Water,Wetland,Forest,NULL,Non_Wetland,NULL,Water,NULL
508,Water,Wetland,Forest,NULL,Non_Wetland,Wetland,Wetland,NULL
509,Water,Wetland,Forest,NULL,Non_Wetland,Wetland,Water,NULL
510,Water,Wetland,Forest,NULL,Non_Wetland,Water,Wetland,NULL
511,Water,Wetland,Forest,NULL,Non_Wetland,Water,Water,NULL
512,Water,Bareland,NULL,NULL,Non_Wetland,Wetland,Water,NULL
513,Water,Bareland,NULL,NULL,Non_Wetland,Water,Wetland,NULL
514,Water,Bareland,NULL,NULL,Non_Wetland,Water,Water,NULL
515,Water,Bareland,Shrubland,NULL,Non_Wetland,Water,Water,NULL
516,Water,Bareland,Grassland,NULL,Non_Wetland,Wetland,Water,NULL
517,Water,Bareland,Grassland,NULL,Non_Wetland,Water,Wetland,NULL
518,Water,Bareland,Grassland,NULL,Non_Wetland,Water,Water,NULL
519,Water,Bareland,Wetland,NULL,Wetland,Grassland,Wetland,NULL
520,Water,Bareland,Wetland,NULL,Wetland,Grassland,Water,NULL
521,Water,Bareland,Wetland,NULL,Wetland,Wetland,Wetland,NULL
522,Water,Bareland,Wetland,NULL,Wetland,Wetland,Water,NULL
523,Water,Bareland,Wetland,NULL,Wetland,Water,Wetland,NULL
524,Water,Bareland,Wetland,NULL,Wetland,Water,Water,NULL
525,Water,Bareland,Wetland,NULL,Wetland,Forest,Wetland,NULL
526,Water,Bareland,Bareland,NULL,Non_Wetland,NULL,Water,NULL
527,Water,Bareland,Bareland,NULL,Non_Wetland,Grassland,Water,NULL
528,Water,Bareland,Bareland,NULL,Non_Wetland,Wetland,Water,NULL
529,Water,Bareland,Bareland,NULL,Non_Wetland,Water,Wetland,NULL
530,Water,Bareland,Bareland,NULL,Non_Wetland,Water,Water,NULL
531,Water,Bareland,Built-up,NULL,Non_Wetland,Water,Water,NULL
532,Water,Bareland,Water,NULL,Water,Grassland,Water,NULL
533,Water,Bareland,Water,NULL,Water,Wetland,Water,NULL
534,Water,Bareland,Water,NULL,Water,Bareland,Water,NULL
535,Water,Bareland,Water,NULL,Water,Water,Wetland,NULL
536,Water,Bareland,Water,NULL,Water,Water,Water,NULL
537,Water,Bareland,Forest,NULL,Non_Wetland,Wetland,Water,NULL
538,Water,Bareland,Forest,NULL,Non_Wetland,Water,Wetland,NULL
539,Water,Bareland,Forest,NULL,Non_Wetland,Water,Water,NULL
540,Water,Built-up,Bareland,NULL,Non_Wetland,Wetland,Wetland,NULL
541,Water,Water,NULL,NULL,Non_Wetland,NULL,Grassland,NULL
542,Water,Water,NULL,NULL,Non_Wetland,NULL,Water,NULL
543,Water,Water,NULL,NULL,Non_Wetland,Grassland,Wetland,NULL
544,Water,Water,NULL,NULL,Non_Wetland,Grassland,Water,NULL
545,Water,Water,NULL,NULL,Non_Wetland,Wetland,Wetland,NULL
546,Water,Water,NULL,NULL,Non_Wetland,Wetland,Water,NULL
547,Water,Water,NULL,NULL,Non_Wetland,Bareland,Water,NULL
548,Water,Water,NULL,NULL,Non_Wetland,Water,Grassland,NULL
549,Water,Water,NULL,NULL,Non_Wetland,Water,Wetland,NULL
550,Water,Water,NULL,NULL,Non_Wetland,Water,Water,NULL
551,Water,Water,NULL,NULL,Non_Wetland,Water,Forest,NULL
552,Water,Water,NULL,NULL,Non_Wetland,Forest,Wetland,NULL
553,Water,Water,NULL,NULL,Non_Wetland,Forest,Water,NULL
554,Water,Water,Shrubland,NULL,Non_Wetland,Grassland,Bareland,NULL
555,Water,Water,Shrubland,NULL,Non_Wetland,Grassland,Water,NULL
556,Water,Water,Shrubland,NULL,Non_Wetland,Wetland,Wetland,NULL
557,Water,Water,Shrubland,NULL,Non_Wetland,Wetland,Bareland,NULL
558,Water,Water,Shrubland,NULL,Non_Wetland,Wetland,Water,NULL
559,Water,Water,Shrubland,NULL,Non_Wetland,Bareland,Wetland,NULL
560,Water,Water,Shrubland,NULL,Non_Wetland,Bareland,Water,NULL
561,Water,Water,Shrubland,NULL,Non_Wetland,Water,Grassland,NULL
562,Water,Water,Shrubland,NULL,Non_Wetland,Water,Wetland,NULL
563,Water,Water,Shrubland,NULL,Non_Wetland,Water,Bareland,NULL
564,Water,Water,Shrubland,NULL,Non_Wetland,Water,Built-up,NULL
565,Water,Water,Shrubland,NULL,Non_Wetland,Water,Water,NULL
566,Water,Water,Grassland,NULL,Non_Wetland,NULL,Wetland,NULL
567,Water,Water,Grassland,NULL,Non_Wetland,NULL,Water,NULL
568,Water,Water,Grassland,NULL,Non_Wetland,Grassland,Wetland,NULL
569,Water,Water,Grassland,NULL,Non_Wetland,Wetland,Wetland,NULL
570,Water,Water,Grassland,NULL,Non_Wetland,Wetland,Water,NULL
571,Water,Water,Grassland,NULL,Non_Wetland,Bareland,Water,NULL
572,Water,Water,Grassland,NULL,Non_Wetland,Water,Wetland,NULL
573,Water,Water,Grassland,NULL,Non_Wetland,Water,Water,NULL
574,Water,Water,Grassland,NULL,Non_Wetland,Water,Forest,NULL
575,Water,Water,Wetland,NULL,Wetland,NULL,Wetland,NULL
576,Water,Water,Wetland,NULL,Wetland,NULL,Water,NULL
577,Water,Water,Wetland,NULL,Wetland,NULL,Forest,NULL
578,Water,Water,Wetland,NULL,Wetland,Grassland,Wetland,NULL
579,Water,Water,Wetland,NULL,Wetland,Grassland,Water,NULL
580,Water,Water,Wetland,NULL,Wetland,Wetland,NULL,NULL
581,Water,Water,Wetland,NULL,Wetland,Wetland,Grassland,NULL
582,Water,Water,Wetland,NULL,Wetland,Wetland,Wetland,NULL
583,Water,Water,Wetland,NULL,Wetland,Wetland,Built-up,NULL
584,Water,Water,Wetland,NULL,Wetland,Wetland,Water,NULL
585,Water,Water,Wetland,NULL,Wetland,Wetland,Forest,NULL
586,Water,Water,Wetland,NULL,Wetland,Bareland,Wetland,NULL
587,Water,Water,Wetland,NULL,Wetland,Bareland,Water,NULL
588,Water,Water,Wetland,NULL,Wetland,Water,NULL,NULL
589,Water,Water,Wetland,NULL,Wetland,Water,Grassland,NULL
590,Water,Water,Wetland,NULL,Wetland,Water,Wetland,NULL
591,Water,Water,Wetland,NULL,Wetland,Water,Bareland,NULL
592,Water,Water,Wetland,NULL,Wetland,Water,Water,NULL
593,Water,Water,Wetland,NULL,Wetland,Water,Forest,NULL
594,Water,Water,Wetland,NULL,Wetland,Forest,Wetland,NULL
595,Water,Water,Wetland,NULL,Wetland,Forest,Water,NULL
596,Water,Water,Lichens_and_Mosses,NULL,Non_Wetland,Water,Wetland,NULL
597,Water,Water,Bareland,NULL,Non_Wetland,NULL,Wetland,NULL
598,Water,Water,Bareland,NULL,Non_Wetland,NULL,Water,NULL
599,Water,Water,Bareland,NULL,Non_Wetland,Grassland,Water,NULL
600,Water,Water,Bareland,NULL,Non_Wetland,Wetland,Wetland,NULL
601,Water,Water,Bareland,NULL,Non_Wetland,Wetland,Bareland,NULL
602,Water,Water,Bareland,NULL,Non_Wetland,Wetland,Built-up,NULL
603,Water,Water,Bareland,NULL,Non_Wetland,Wetland,Water,NULL
604,Water,Water,Bareland,NULL,Non_Wetland,Bareland,Bareland,NULL
605,Water,Water,Bareland,NULL,Non_Wetland,Water,Wetland,NULL
606,Water,Water,Bareland,NULL,Non_Wetland,Water,Water,NULL
607,Water,Water,Bareland,NULL,Non_Wetland,Water,Forest,NULL
608,Water,Water,Built-up,NULL,Non_Wetland,Grassland,Water,NULL
609,Water,Water,Built-up,NULL,Non_Wetland,Wetland,Wetland,NULL
610,Water,Water,Built-up,NULL,Non_Wetland,Wetland,Bareland,NULL
611,Water,Water,Built-up,NULL,Non_Wetland,Wetland,Water,NULL
612,Water,Water,Built-up,NULL,Non_Wetland,Bareland,Water,NULL
613,Water,Water,Built-up,NULL,Non_Wetland,Water,Wetland,NULL
614,Water,Water,Built-up,NULL,Non_Wetland,Water,Bareland,NULL
615,Water,Water,Built-up,NULL,Non_Wetland,Water,Water,NULL
616,Water,Water,Built-up,NULL,Non_Wetland,Forest,Wetland,NULL
617,Water,Water,Water,NULL,Water,NULL,Wetland,NULL
618,Water,Water,Water,NULL,Water,NULL,Water,NULL
619,Water,Water,Water,NULL,Water,Grassland,Water,NULL
620,Water,Water,Water,NULL,Water,Wetland,Wetland,NULL
621,Water,Water,Water,NULL,Water,Wetland,Water,NULL
622,Water,Water,Water,NULL,Water,Wetland,Forest,NULL
623,Water,Water,Water,NULL,Water,Water,Wetland,NULL
624,Water,Water,Water,NULL,Water,Water,Water,NULL
625,Water,Water,Water,NULL,Water,Water,Forest,NULL
626,Water,Water,Water,NULL,Water,Forest,Wetland,NULL
627,Water,Water,Water,NULL,Water,Forest,Water,NULL
628,Water,Water,Forest,NULL,Non_Wetland,NULL,Grassland,NULL
629,Water,Water,Forest,NULL,Non_Wetland,NULL,Wetland,NULL
630,Water,Water,Forest,NULL,Non_Wetland,NULL,Water,NULL
631,Water,Water,Forest,NULL,Non_Wetland,Grassland,Wetland,NULL
632,Water,Water,Forest,NULL,Non_Wetland,Grassland,Water,NULL
633,Water,Water,Forest,NULL,Non_Wetland,Wetland,Grassland,NULL
634,Water,Water,Forest,NULL,Non_Wetland,Wetland,Wetland,NULL
635,Water,Water,Forest,NULL,Non_Wetland,Wetland,Water,NULL
636,Water,Water,Forest,NULL,Non_Wetland,Water,Wetland,NULL
637,Water,Water,Forest,NULL,Non_Wetland,Water,Water,NULL
638,Water,Water,Forest,NULL,Non_Wetland,Water,Forest,NULL
639,Water,Water,Forest,NULL,Non_Wetland,Forest,Wetland,NULL
640,Water,Water,Forest,NULL,Non_Wetland,Forest,Water,NULL
641,Water,Forest,NULL,NULL,Non_Wetland,Wetland,Wetland,NULL
642,Water,Forest,Grassland,NULL,Non_Wetland,Wetland,Wetland,NULL
643,Water,Forest,Grassland,NULL,Non_Wetland,Wetland,Water,NULL
644,Water,Forest,Wetland,NULL,Wetland,Wetland,Wetland,NULL
645,Water,Forest,Wetland,NULL,Wetland,Wetland,Water,NULL
646,Water,Forest,Wetland,NULL,Wetland,Water,Wetland,NULL
647,Water,Forest,Wetland,NULL,Wetland,Water,Water,NULL
648,Water,Forest,Water,NULL,Water,Wetland,Wetland,NULL
649,Water,Forest,Forest,NULL,Non_Wetland,Wetland,Wetland,NULL
650,Water,Forest,Forest,NULL,Non_Wetland,Water,Wetland,NULL
651,Permanent_ice_and_snow,NULL,NULL,NULL,Non_Wetland,Wetland,Wetland,NULL
652,Permanent_ice_and_snow,NULL,Shrubland,NULL,Non_Wetland,Wetland,Wetland,NULL
653,Permanent_ice_and_snow,Wetland,NULL,NULL,Non_Wetland,Wetland,Wetland,NULL
654,Permanent_ice_and_snow,Wetland,Shrubland,NULL,Non_Wetland,Grassland,Water,NULL
655,Permanent_ice_and_snow,Wetland,Wetland,NULL,Wetland,Wetland,Wetland,NULL
656,Permanent_ice_and_snow,Wetland,Wetland,NULL,Wetland,Wetland,Water,NULL
657,Permanent_ice_and_snow,Wetland,Bareland,NULL,Non_Wetland,Water,Wetland,NULL
658,Permanent_ice_and_snow,Wetland,Built-up,NULL,Non_Wetland,Grassland,Wetland,NULL
659,Permanent_ice_and_snow,Wetland,Built-up,NULL,Non_Wetland,Wetland,Wetland,NULL
660,Permanent_ice_and_snow,Wetland,Built-up,NULL,Non_Wetland,Wetland,Water,NULL
661,Permanent_ice_and_snow,Wetland,Built-up,NULL,Non_Wetland,Water,Wetland,NULL
662,Permanent_ice_and_snow,Bareland,Shrubland,NULL,Non_Wetland,Wetland,Wetland,NULL
663,Permanent_ice_and_snow,Bareland,Shrubland,NULL,Non_Wetland,Wetland,Water,NULL
664,Permanent_ice_and_snow,Bareland,Wetland,NULL,Wetland,Wetland,Wetland,NULL
665,Permanent_ice_and_snow,Bareland,Wetland,NULL,Wetland,Wetland,Water,NULL
666,Permanent_ice_and_snow,Bareland,Wetland,NULL,Wetland,Water,Wetland,NULL
667,Permanent_ice_and_snow,Bareland,Wetland,NULL,Wetland,Water,Water,NULL
668,Permanent_ice_and_snow,Bareland,Bareland,NULL,Non_Wetland,Wetland,Wetland,NULL
669,Permanent_ice_and_snow,Bareland,Built-up,NULL,Non_Wetland,Wetland,Water,NULL
670,Permanent_ice_and_snow,Bareland,Built-up,NULL,Non_Wetland,Water,Water,NULL
671,Permanent_ice_and_snow,Bareland,Water,NULL,Water,Wetland,Water,NULL
672,Permanent_ice_and_snow,Bareland,Water,NULL,Water,Water,Water,NULL
673,Permanent_ice_and_snow,Bareland,Forest,NULL,Non_Wetland,Water,Water,NULL
674,Permanent_ice_and_snow,Built-up,Built-up,NULL,Non_Wetland,Grassland,Wetland,NULL
675,Permanent_ice_and_snow,Water,NULL,NULL,Non_Wetland,Wetland,Water,NULL
676,Permanent_ice_and_snow,Water,Shrubland,NULL,Non_Wetland,Wetland,Wetland,NULL
677,Permanent_ice_and_snow,Water,Shrubland,NULL,Non_Wetland,Wetland,Water,NULL
678,Permanent_ice_and_snow,Water,Grassland,NULL,Non_Wetland,Wetland,Water,NULL
679,Permanent_ice_and_snow,Water,Wetland,NULL,Wetland,Wetland,Wetland,NULL
680,Permanent_ice_and_snow,Water,Wetland,NULL,Wetland,Wetland,Water,NULL
681,Permanent_ice_and_snow,Water,Wetland,NULL,Wetland,Water,Wetland,NULL
682,Permanent_ice_and_snow,Water,Wetland,NULL,Wetland,Water,Water,NULL
683,Permanent_ice_and_snow,Water,Bareland,NULL,Non_Wetland,Wetland,Wetland,NULL
684,Permanent_ice_and_snow,Water,Bareland,NULL,Non_Wetland,Wetland,Water,NULL
685,Permanent_ice_and_snow,Water,Built-up,NULL,Non_Wetland,Wetland,Wetland,NULL
686,Permanent_ice_and_snow,Water,Built-up,NULL,Non_Wetland,Wetland,Water,NULL
687,Permanent_ice_and_snow,Water,Water,NULL,Water,Wetland,Wetland,NULL
688,Permanent_ice_and_snow,Water,Water,NULL,Water,Wetland,Water,NULL
689,Permanent_ice_and_snow,Water,Water,NULL,Water,Water,Water,NULL
690,Forest,NULL,NULL,NULL,Non_Wetland,NULL,Grassland,NULL
691,Forest,NULL,NULL,NULL,Non_Wetland,NULL,Wetland,NULL
692,Forest,NULL,NULL,NULL,Non_Wetland,NULL,Bareland,NULL
693,Forest,NULL,NULL,NULL,Non_Wetland,Grassland,Grassland,NULL
694,Forest,NULL,NULL,NULL,Non_Wetland,Grassland,Wetland,NULL
695,Forest,NULL,NULL,NULL,Non_Wetland,Grassland,Bareland,NULL
696,Forest,NULL,NULL,NULL,Non_Wetland,Grassland,Water,NULL
697,Forest,NULL,NULL,NULL,Non_Wetland,Grassland,Forest,NULL
698,Forest,NULL,NULL,NULL,Non_Wetland,Wetland,NULL,NULL
699,Forest,NULL,NULL,NULL,Non_Wetland,Wetland,Grassland,NULL
700,Forest,NULL,NULL,NULL,Non_Wetland,Wetland,Wetland,NULL
701,Forest,NULL,NULL,NULL,Non_Wetland,Wetland,Water,NULL
702,Forest,NULL,NULL,NULL,Non_Wetland,Wetland,Forest,NULL
703,Forest,NULL,NULL,NULL,Non_Wetland,Bareland,Wetland,NULL
704,Forest,NULL,NULL,NULL,Non_Wetland,Bareland,Bareland,NULL
705,Forest,NULL,NULL,NULL,Non_Wetland,Water,Wetland,NULL
706,Forest,NULL,NULL,NULL,Non_Wetland,Forest,Forest,NULL
707,Forest,NULL,Shrubland,NULL,Non_Wetland,NULL,Wetland,NULL
708,Forest,NULL,Shrubland,NULL,Non_Wetland,Grassland,Grassland,NULL
709,Forest,NULL,Shrubland,NULL,Non_Wetland,Grassland,Wetland,NULL
710,Forest,NULL,Shrubland,NULL,Non_Wetland,Grassland,Bareland,NULL
711,Forest,NULL,Shrubland,NULL,Non_Wetland,Grassland,Water,NULL
712,Forest,NULL,Shrubland,NULL,Non_Wetland,Grassland,Forest,NULL
713,Forest,NULL,Shrubland,NULL,Non_Wetland,Wetland,Grassland,NULL
714,Forest,NULL,Shrubland,NULL,Non_Wetland,Wetland,Wetland,NULL
715,Forest,NULL,Shrubland,NULL,Non_Wetland,Wetland,Bareland,NULL
716,Forest,NULL,Shrubland,NULL,Non_Wetland,Wetland,Water,NULL
717,Forest,NULL,Shrubland,NULL,Non_Wetland,Wetland,Forest,NULL
718,Forest,NULL,Shrubland,NULL,Non_Wetland,Bareland,Grassland,NULL
719,Forest,NULL,Shrubland,NULL,Non_Wetland,Bareland,Wetland,NULL
720,Forest,NULL,Shrubland,NULL,Non_Wetland,Bareland,Bareland,NULL
721,Forest,NULL,Shrubland,NULL,Non_Wetland,Bareland,Water,NULL
722,Forest,NULL,Shrubland,NULL,Non_Wetland,Bareland,Forest,NULL
723,Forest,NULL,Shrubland,NULL,Non_Wetland,Forest,Forest,NULL
724,Forest,NULL,Grassland,NULL,Non_Wetland,Grassland,Wetland,NULL
725,Forest,NULL,Grassland,NULL,Non_Wetland,Wetland,Wetland,NULL
726,Forest,NULL,Grassland,NULL,Non_Wetland,Wetland,Water,NULL
727,Forest,NULL,Grassland,NULL,Non_Wetland,Water,Wetland,NULL
728,Forest,NULL,Grassland,NULL,Non_Wetland,Water,Water,NULL
729,Forest,NULL,Wetland,NULL,Wetland,NULL,Grassland,NULL
730,Forest,NULL,Wetland,NULL,Wetland,NULL,Wetland,NULL
731,Forest,NULL,Wetland,NULL,Wetland,NULL,Water,NULL
732,Forest,NULL,Wetland,NULL,Wetland,Grassland,Grassland,NULL
733,Forest,NULL,Wetland,NULL,Wetland,Grassland,Wetland,NULL
734,Forest,NULL,Wetland,NULL,Wetland,Grassland,Bareland,NULL
735,Forest,NULL,Wetland,NULL,Wetland,Grassland,Water,NULL
736,Forest,NULL,Wetland,NULL,Wetland,Grassland,Forest,NULL
737,Forest,NULL,Wetland,NULL,Wetland,Wetland,NULL,NULL
738,Forest,NULL,Wetland,NULL,Wetland,Wetland,Grassland,NULL
739,Forest,NULL,Wetland,NULL,Wetland,Wetland,Wetland,NULL
740,Forest,NULL,Wetland,NULL,Wetland,Wetland,Bareland,NULL
741,Forest,NULL,Wetland,NULL,Wetland,Wetland,Water,NULL
742,Forest,NULL,Wetland,NULL,Wetland,Wetland,Forest,NULL
743,Forest,NULL,Wetland,NULL,Wetland,Water,Wetland,NULL
744,Forest,NULL,Wetland,NULL,Wetland,Water,Water,NULL
745,Forest,NULL,Wetland,NULL,Wetland,Forest,Wetland,NULL
746,Forest,NULL,Wetland,NULL,Wetland,Forest,Water,NULL
747,Forest,NULL,Wetland,NULL,Wetland,Forest,Forest,NULL
748,Forest,NULL,Bareland,NULL,Non_Wetland,NULL,Grassland,NULL
749,Forest,NULL,Bareland,NULL,Non_Wetland,NULL,Wetland,NULL
750,Forest,NULL,Bareland,NULL,Non_Wetland,Grassland,Grassland,NULL
751,Forest,NULL,Bareland,NULL,Non_Wetland,Grassland,Wetland,NULL
752,Forest,NULL,Bareland,NULL,Non_Wetland,Grassland,Bareland,NULL
753,Forest,NULL,Bareland,NULL,Non_Wetland,Wetland,Grassland,NULL
754,Forest,NULL,Bareland,NULL,Non_Wetland,Wetland,Wetland,NULL
755,Forest,NULL,Bareland,NULL,Non_Wetland,Wetland,Water,NULL
756,Forest,NULL,Bareland,NULL,Non_Wetland,Water,Wetland,NULL
757,Forest,NULL,Bareland,NULL,Non_Wetland,Water,Water,NULL
758,Forest,NULL,Built-up,NULL,Non_Wetland,Grassland,Grassland,NULL
759,Forest,NULL,Built-up,NULL,Non_Wetland,Grassland,Wetland,NULL
760,Forest,NULL,Built-up,NULL,Non_Wetland,Grassland,Bareland,NULL
761,Forest,NULL,Built-up,NULL,Non_Wetland,Wetland,Wetland,NULL
762,Forest,NULL,Built-up,NULL,Non_Wetland,Wetland,Water,NULL
763,Forest,NULL,Built-up,NULL,Non_Wetland,Bareland,Wetland,NULL
764,Forest,NULL,Built-up,NULL,Non_Wetland,Bareland,Bareland,NULL
765,Forest,NULL,Water,NULL,Water,NULL,Wetland,NULL
766,Forest,NULL,Water,NULL,Water,Grassland,Water,NULL
767,Forest,NULL,Water,NULL,Water,Wetland,Wetland,NULL
768,Forest,NULL,Water,NULL,Water,Wetland,Water,NULL
769,Forest,NULL,Water,NULL,Water,Water,Wetland,NULL
770,Forest,NULL,Water,NULL,Water,Water,Water,NULL
771,Forest,NULL,Forest,NULL,Non_Wetland,NULL,Grassland,NULL
772,Forest,NULL,Forest,NULL,Non_Wetland,NULL,Wetland,NULL
773,Forest,NULL,Forest,NULL,Non_Wetland,NULL,Bareland,NULL
774,Forest,NULL,Forest,NULL,Non_Wetland,NULL,Forest,NULL
775,Forest,NULL,Forest,NULL,Non_Wetland,Grassland,Grassland,NULL
776,Forest,NULL,Forest,NULL,Non_Wetland,Grassland,Wetland,NULL
777,Forest,NULL,Forest,NULL,Non_Wetland,Grassland,Bareland,NULL
778,Forest,NULL,Forest,NULL,Non_Wetland,Grassland,Forest,NULL
779,Forest,NULL,Forest,NULL,Non_Wetland,Wetland,NULL,NULL
780,Forest,NULL,Forest,NULL,Non_Wetland,Wetland,Grassland,NULL
781,Forest,NULL,Forest,NULL,Non_Wetland,Wetland,Wetland,NULL
782,Forest,NULL,Forest,NULL,Non_Wetland,Wetland,Bareland,NULL
783,Forest,NULL,Forest,NULL,Non_Wetland,Wetland,Water,NULL
784,Forest,NULL,Forest,NULL,Non_Wetland,Wetland,Forest,NULL
785,Forest,NULL,Forest,NULL,Non_Wetland,Bareland,Grassland,NULL
786,Forest,NULL,Forest,NULL,Non_Wetland,Bareland,Wetland,NULL
787,Forest,NULL,Forest,NULL,Non_Wetland,Bareland,Bareland,NULL
788,Forest,NULL,Forest,NULL,Non_Wetland,Water,Wetland,NULL
789,Forest,NULL,Forest,NULL,Non_Wetland,Water,Water,NULL
790,Forest,NULL,Forest,NULL,Non_Wetland,Forest,Grassland,NULL
791,Forest,NULL,Forest,NULL,Non_Wetland,Forest,Wetland,NULL
792,Forest,NULL,Forest,NULL,Non_Wetland,Forest,Forest,NULL
793,Forest,Wetland,NULL,NULL,Non_Wetland,NULL,Grassland,NULL
794,Forest,Wetland,NULL,NULL,Non_Wetland,NULL,Wetland,NULL
795,Forest,Wetland,NULL,NULL,Non_Wetland,NULL,Water,NULL
796,Forest,Wetland,NULL,NULL,Non_Wetland,Grassland,Grassland,NULL
797,Forest,Wetland,NULL,NULL,Non_Wetland,Grassland,Wetland,NULL
798,Forest,Wetland,NULL,NULL,Non_Wetland,Wetland,Grassland,NULL
799,Forest,Wetland,NULL,NULL,Non_Wetland,Wetland,Wetland,NULL
800,Forest,Wetland,NULL,NULL,Non_Wetland,Wetland,Water,NULL
801,Forest,Wetland,NULL,NULL,Non_Wetland,Water,Wetland,NULL
802,Forest,Wetland,NULL,NULL,Non_Wetland,Water,Water,NULL
803,Forest,Wetland,NULL,NULL,Non_Wetland,Forest,Wetland,NULL
804,Forest,Wetland,NULL,NULL,Non_Wetland,Forest,Water,NULL
805,Forest,Wetland,Shrubland,NULL,Non_Wetland,NULL,Wetland,NULL
806,Forest,Wetland,Shrubland,NULL,Non_Wetland,NULL,Water,NULL
807,Forest,Wetland,Shrubland,NULL,Non_Wetland,Grassland,Grassland,NULL
808,Forest,Wetland,Shrubland,NULL,Non_Wetland,Grassland,Wetland,NULL
809,Forest,Wetland,Shrubland,NULL,Non_Wetland,Wetland,Wetland,NULL
810,Forest,Wetland,Shrubland,NULL,Non_Wetland,Wetland,Water,NULL
811,Forest,Wetland,Shrubland,NULL,Non_Wetland,Bareland,Wetland,NULL
812,Forest,Wetland,Shrubland,NULL,Non_Wetland,Forest,Wetland,NULL
813,Forest,Wetland,Grassland,NULL,Non_Wetland,NULL,Wetland,NULL
814,Forest,Wetland,Grassland,NULL,Non_Wetland,NULL,Water,NULL
815,Forest,Wetland,Grassland,NULL,Non_Wetland,Wetland,Wetland,NULL
816,Forest,Wetland,Grassland,NULL,Non_Wetland,Wetland,Water,NULL
817,Forest,Wetland,Grassland,NULL,Non_Wetland,Water,Wetland,NULL
818,Forest,Wetland,Grassland,NULL,Non_Wetland,Water,Water,NULL
819,Forest,Wetland,Grassland,NULL,Non_Wetland,Forest,Grassland,NULL
820,Forest,Wetland,Grassland,NULL,Non_Wetland,Forest,Wetland,NULL
821,Forest,Wetland,Wetland,NULL,Wetland,NULL,Grassland,NULL
822,Forest,Wetland,Wetland,NULL,Wetland,NULL,Wetland,NULL
823,Forest,Wetland,Wetland,NULL,Wetland,NULL,Water,NULL
824,Forest,Wetland,Wetland,NULL,Wetland,Grassland,Wetland,NULL
825,Forest,Wetland,Wetland,NULL,Wetland,Grassland,Water,NULL
826,Forest,Wetland,Wetland,NULL,Wetland,Wetland,Grassland,NULL
827,Forest,Wetland,Wetland,NULL,Wetland,Wetland,Wetland,NULL
828,Forest,Wetland,Wetland,NULL,Wetland,Wetland,Water,NULL
829,Forest,Wetland,Wetland,NULL,Wetland,Wetland,Forest,NULL
830,Forest,Wetland,Wetland,NULL,Wetland,Water,Grassland,NULL
831,Forest,Wetland,Wetland,NULL,Wetland,Water,Wetland,NULL
832,Forest,Wetland,Wetland,NULL,Wetland,Water,Water,NULL
833,Forest,Wetland,Wetland,NULL,Wetland,Forest,Grassland,NULL
834,Forest,Wetland,Wetland,NULL,Wetland,Forest,Wetland,NULL
835,Forest,Wetland,Wetland,NULL,Wetland,Forest,Water,NULL
836,Forest,Wetland,Bareland,NULL,Non_Wetland,NULL,Grassland,NULL
837,Forest,Wetland,Bareland,NULL,Non_Wetland,NULL,Wetland,NULL
838,Forest,Wetland,Bareland,NULL,Non_Wetland,NULL,Water,NULL
839,Forest,Wetland,Bareland,NULL,Non_Wetland,Grassland,Wetland,NULL
840,Forest,Wetland,Bareland,NULL,Non_Wetland,Wetland,Grassland,NULL
841,Forest,Wetland,Bareland,NULL,Non_Wetland,Wetland,Wetland,NULL
842,Forest,Wetland,Bareland,NULL,Non_Wetland,Wetland,Water,NULL
843,Forest,Wetland,Bareland,NULL,Non_Wetland,Water,Wetland,NULL
844,Forest,Wetland,Bareland,NULL,Non_Wetland,Water,Water,NULL
845,Forest,Wetland,Bareland,NULL,Non_Wetland,Forest,Grassland,NULL
846,Forest,Wetland,Bareland,NULL,Non_Wetland,Forest,Wetland,NULL
847,Forest,Wetland,Built-up,NULL,Non_Wetland,NULL,Water,NULL
848,Forest,Wetland,Built-up,NULL,Non_Wetland,Grassland,Wetland,NULL
849,Forest,Wetland,Built-up,NULL,Non_Wetland,Grassland,Water,NULL
850,Forest,Wetland,Built-up,NULL,Non_Wetland,Wetland,Wetland,NULL
851,Forest,Wetland,Built-up,NULL,Non_Wetland,Wetland,Water,NULL
852,Forest,Wetland,Built-up,NULL,Non_Wetland,Water,Wetland,NULL
853,Forest,Wetland,Built-up,NULL,Non_Wetland,Water,Water,NULL
854,Forest,Wetland,Water,NULL,Water,NULL,Wetland,NULL
855,Forest,Wetland,Water,NULL,Water,NULL,Water,NULL
856,Forest,Wetland,Water,NULL,Water,Grassland,Water,NULL
857,Forest,Wetland,Water,NULL,Water,Wetland,Wetland,NULL
858,Forest,Wetland,Water,NULL,Water,Wetland,Water,NULL
859,Forest,Wetland,Water,NULL,Water,Water,Wetland,NULL
860,Forest,Wetland,Water,NULL,Water,Water,Water,NULL
861,Forest,Wetland,Water,NULL,Water,Forest,Wetland,NULL
862,Forest,Wetland,Water,NULL,Water,Forest,Water,NULL
863,Forest,Wetland,Forest,NULL,Non_Wetland,NULL,Grassland,NULL
864,Forest,Wetland,Forest,NULL,Non_Wetland,NULL,Wetland,NULL
865,Forest,Wetland,Forest,NULL,Non_Wetland,NULL,Water,NULL
866,Forest,Wetland,Forest,NULL,Non_Wetland,Grassland,Grassland,NULL
867,Forest,Wetland,Forest,NULL,Non_Wetland,Grassland,Wetland,NULL
868,Forest,Wetland,Forest,NULL,Non_Wetland,Wetland,Grassland,NULL
869,Forest,Wetland,Forest,NULL,Non_Wetland,Wetland,Wetland,NULL
870,Forest,Wetland,Forest,NULL,Non_Wetland,Wetland,Water,NULL
871,Forest,Wetland,Forest,NULL,Non_Wetland,Wetland,Forest,NULL
872,Forest,Wetland,Forest,NULL,Non_Wetland,Water,Wetland,NULL
873,Forest,Wetland,Forest,NULL,Non_Wetland,Water,Water,NULL
874,Forest,Wetland,Forest,NULL,Non_Wetland,Forest,Grassland,NULL
875,Forest,Wetland,Forest,NULL,Non_Wetland,Forest,Wetland,NULL
876,Forest,Wetland,Forest,NULL,Non_Wetland,Forest,Water,NULL
877,Forest,Wetland,Forest,NULL,Non_Wetland,Forest,Forest,NULL
878,Forest,Bareland,NULL,NULL,Non_Wetland,Wetland,Wetland,NULL
879,Forest,Bareland,NULL,NULL,Non_Wetland,Wetland,Water,NULL
880,Forest,Bareland,NULL,NULL,Non_Wetland,Water,Water,NULL
881,Forest,Bareland,Wetland,NULL,Wetland,NULL,Wetland,NULL
882,Forest,Bareland,Wetland,NULL,Wetland,Wetland,Grassland,NULL
883,Forest,Bareland,Wetland,NULL,Wetland,Wetland,Wetland,NULL
884,Forest,Bareland,Wetland,NULL,Wetland,Wetland,Water,NULL
885,Forest,Bareland,Wetland,NULL,Wetland,Water,Wetland,NULL
886,Forest,Bareland,Wetland,NULL,Wetland,Water,Water,NULL
887,Forest,Bareland,Bareland,NULL,Non_Wetland,Wetland,Wetland,NULL
888,Forest,Bareland,Bareland,NULL,Non_Wetland,Wetland,Water,NULL
889,Forest,Bareland,Built-up,NULL,Non_Wetland,Grassland,Water,NULL
890,Forest,Bareland,Built-up,NULL,Non_Wetland,Wetland,Wetland,NULL
891,Forest,Bareland,Water,NULL,Water,Wetland,Water,NULL
892,Forest,Bareland,Water,NULL,Water,Bareland,Water,NULL
893,Forest,Bareland,Water,NULL,Water,Water,Water,NULL
894,Forest,Bareland,Water,NULL,Water,Forest,Water,NULL
895,Forest,Bareland,Forest,NULL,Non_Wetland,NULL,Water,NULL
896,Forest,Bareland,Forest,NULL,Non_Wetland,Grassland,Wetland,NULL
897,Forest,Bareland,Forest,NULL,Non_Wetland,Wetland,Wetland,NULL
898,Forest,Bareland,Forest,NULL,Non_Wetland,Wetland,Water,NULL
899,Forest,Bareland,Forest,NULL,Non_Wetland,Water,Wetland,NULL
900,Forest,Bareland,Forest,NULL,Non_Wetland,Water,Water,NULL
901,Forest,Bareland,Forest,NULL,Non_Wetland,Forest,Wetland,NULL
902,Forest,Built-up,NULL,NULL,Non_Wetland,Grassland,Grassland,NULL
903,Forest,Built-up,NULL,NULL,Non_Wetland,Grassland,Wetland,NULL
904,Forest,Built-up,NULL,NULL,Non_Wetland,Grassland,Bareland,NULL
905,Forest,Built-up,NULL,NULL,Non_Wetland,Grassland,Built-up,NULL
906,Forest,Built-up,NULL,NULL,Non_Wetland,Grassland,Water,NULL
907,Forest,Built-up,NULL,NULL,Non_Wetland,Wetland,Wetland,NULL
908,Forest,Built-up,NULL,NULL,Non_Wetland,Wetland,Bareland,NULL
909,Forest,Built-up,Shrubland,NULL,Non_Wetland,NULL,Bareland,NULL
910,Forest,Built-up,Shrubland,NULL,Non_Wetland,Grassland,Grassland,NULL
911,Forest,Built-up,Shrubland,NULL,Non_Wetland,Grassland,Wetland,NULL
912,Forest,Built-up,Shrubland,NULL,Non_Wetland,Grassland,Bareland,NULL
913,Forest,Built-up,Shrubland,NULL,Non_Wetland,Grassland,Built-up,NULL
914,Forest,Built-up,Shrubland,NULL,Non_Wetland,Wetland,Grassland,NULL
915,Forest,Built-up,Shrubland,NULL,Non_Wetland,Wetland,Wetland,NULL
916,Forest,Built-up,Shrubland,NULL,Non_Wetland,Wetland,Bareland,NULL
917,Forest,Built-up,Shrubland,NULL,Non_Wetland,Wetland,Built-up,NULL
918,Forest,Built-up,Shrubland,NULL,Non_Wetland,Bareland,NULL,NULL
919,Forest,Built-up,Shrubland,NULL,Non_Wetland,Bareland,Wetland,NULL
920,Forest,Built-up,Shrubland,NULL,Non_Wetland,Bareland,Bareland,NULL
921,Forest,Built-up,Grassland,NULL,Non_Wetland,Grassland,Wetland,NULL
922,Forest,Built-up,Grassland,NULL,Non_Wetland,Grassland,Bareland,NULL
923,Forest,Built-up,Wetland,NULL,Wetland,Grassland,Grassland,NULL
924,Forest,Built-up,Wetland,NULL,Wetland,Grassland,Wetland,NULL
925,Forest,Built-up,Wetland,NULL,Wetland,Grassland,Bareland,NULL
926,Forest,Built-up,Wetland,NULL,Wetland,Wetland,Wetland,NULL
927,Forest,Built-up,Wetland,NULL,Wetland,Wetland,Bareland,NULL
928,Forest,Built-up,Bareland,NULL,Non_Wetland,Grassland,Wetland,NULL
929,Forest,Built-up,Bareland,NULL,Non_Wetland,Grassland,Bareland,NULL
930,Forest,Built-up,Bareland,NULL,Non_Wetland,Wetland,Wetland,NULL
931,Forest,Built-up,Bareland,NULL,Non_Wetland,Wetland,Bareland,NULL
932,Forest,Built-up,Built-up,NULL,Non_Wetland,Grassland,Wetland,NULL
933,Forest,Built-up,Built-up,NULL,Non_Wetland,Grassland,Bareland,NULL
934,Forest,Built-up,Built-up,NULL,Non_Wetland,Wetland,Wetland,NULL
935,Forest,Built-up,Built-up,NULL,Non_Wetland,Wetland,Bareland,NULL
936,Forest,Built-up,Built-up,NULL,Non_Wetland,Bareland,Bareland,NULL
937,Forest,Built-up,Forest,NULL,Non_Wetland,NULL,Wetland,NULL
938,Forest,Built-up,Forest,NULL,Non_Wetland,Grassland,Wetland,NULL
939,Forest,Built-up,Forest,NULL,Non_Wetland,Grassland,Bareland,NULL
940,Forest,Built-up,Forest,NULL,Non_Wetland,Grassland,Water,NULL
941,Forest,Built-up,Forest,NULL,Non_Wetland,Wetland,Wetland,NULL
942,Forest,Built-up,Forest,NULL,Non_Wetland,Wetland,Bareland,NULL
943,Forest,Built-up,Forest,NULL,Non_Wetland,Bareland,Wetland,NULL
944,Forest,Water,NULL,NULL,Non_Wetland,NULL,Wetland,NULL
945,Forest,Water,NULL,NULL,Non_Wetland,NULL,Water,NULL
946,Forest,Water,NULL,NULL,Non_Wetland,NULL,Forest,NULL
947,Forest,Water,NULL,NULL,Non_Wetland,Grassland,Wetland,NULL
948,Forest,Water,NULL,NULL,Non_Wetland,Grassland,Bareland,NULL
949,Forest,Water,NULL,NULL,Non_Wetland,Grassland,Water,NULL
950,Forest,Water,NULL,NULL,Non_Wetland,Wetland,Grassland,NULL
951,Forest,Water,NULL,NULL,Non_Wetland,Wetland,Wetland,NULL
952,Forest,Water,NULL,NULL,Non_Wetland,Wetland,Water,NULL
953,Forest,Water,NULL,NULL,Non_Wetland,Wetland,Forest,NULL
954,Forest,Water,NULL,NULL,Non_Wetland,Water,Wetland,NULL
955,Forest,Water,NULL,NULL,Non_Wetland,Water,Water,NULL
956,Forest,Water,NULL,NULL,Non_Wetland,Water,Forest,NULL
957,Forest,Water,NULL,NULL,Non_Wetland,Forest,Wetland,NULL
958,Forest,Water,NULL,NULL,Non_Wetland,Forest,Water,NULL
959,Forest,Water,Shrubland,NULL,Non_Wetland,NULL,Wetland,NULL
960,Forest,Water,Shrubland,NULL,Non_Wetland,Grassland,Wetland,NULL
961,Forest,Water,Shrubland,NULL,Non_Wetland,Grassland,Bareland,NULL
962,Forest,Water,Shrubland,NULL,Non_Wetland,Grassland,Water,NULL
963,Forest,Water,Shrubland,NULL,Non_Wetland,Wetland,Wetland,NULL
964,Forest,Water,Shrubland,NULL,Non_Wetland,Wetland,Bareland,NULL
965,Forest,Water,Shrubland,NULL,Non_Wetland,Wetland,Water,NULL
966,Forest,Water,Shrubland,NULL,Non_Wetland,Bareland,Wetland,NULL
967,Forest,Water,Shrubland,NULL,Non_Wetland,Water,Wetland,NULL
968,Forest,Water,Shrubland,NULL,Non_Wetland,Water,Water,NULL
969,Forest,Water,Shrubland,NULL,Non_Wetland,Forest,Wetland,NULL
970,Forest,Water,Shrubland,NULL,Non_Wetland,Forest,Water,NULL
971,Forest,Water,Grassland,NULL,Non_Wetland,NULL,Wetland,NULL
972,Forest,Water,Grassland,NULL,Non_Wetland,NULL,Water,NULL
973,Forest,Water,Grassland,NULL,Non_Wetland,Grassland,Water,NULL
974,Forest,Water,Grassland,NULL,Non_Wetland,Wetland,Wetland,NULL
975,Forest,Water,Grassland,NULL,Non_Wetland,Wetland,Water,NULL
976,Forest,Water,Grassland,NULL,Non_Wetland,Wetland,Forest,NULL
977,Forest,Water,Grassland,NULL,Non_Wetland,Bareland,Wetland,NULL
978,Forest,Water,Grassland,NULL,Non_Wetland,Water,Wetland,NULL
979,Forest,Water,Grassland,NULL,Non_Wetland,Water,Water,NULL
980,Forest,Water,Grassland,NULL,Non_Wetland,Water,Forest,NULL
981,Forest,Water,Grassland,NULL,Non_Wetland,Forest,Wetland,NULL
982,Forest,Water,Grassland,NULL,Non_Wetland,Forest,Water,NULL
983,Forest,Water,Wetland,NULL,Wetland,NULL,NULL,NULL
984,Forest,Water,Wetland,NULL,Wetland,NULL,Wetland,NULL
985,Forest,Water,Wetland,NULL,Wetland,NULL,Bareland,NULL
986,Forest,Water,Wetland,NULL,Wetland,NULL,Water,NULL
987,Forest,Water,Wetland,NULL,Wetland,NULL,Forest,NULL
988,Forest,Water,Wetland,NULL,Wetland,Grassland,Wetland,NULL
989,Forest,Water,Wetland,NULL,Wetland,Grassland,Bareland,NULL
990,Forest,Water,Wetland,NULL,Wetland,Grassland,Water,NULL
991,Forest,Water,Wetland,NULL,Wetland,Wetland,Wetland,NULL
992,Forest,Water,Wetland,NULL,Wetland,Wetland,Water,NULL
993,Forest,Water,Wetland,NULL,Wetland,Wetland,Forest,NULL
994,Forest,Water,Wetland,NULL,Wetland,Bareland,Wetland,NULL
995,Forest,Water,Wetland,NULL,Wetland,Bareland,Water,NULL
996,Forest,Water,Wetland,NULL,Wetland,Water,Wetland,NULL
997,Forest,Water,Wetland,NULL,Wetland,Water,Water,NULL
998,Forest,Water,Wetland,NULL,Wetland,Water,Forest,NULL
999,Forest,Water,Wetland,NULL,Wetland,Forest,Wetland,NULL
1000,Forest,Water,Wetland,NULL,Wetland,Forest,Water,NULL
1001,Forest,Water,Wetland,NULL,Wetland,Forest,Forest,NULL
1002,Forest,Water,Bareland,NULL,Non_Wetland,NULL,Wetland,NULL
1003,Forest,Water,Bareland,NULL,Non_Wetland,NULL,Water,NULL
1004,Forest,Water,Bareland,NULL,Non_Wetland,Grassland,Wetland,NULL
1005,Forest,Water,Bareland,NULL,Non_Wetland,Grassland,Water,NULL
1006,Forest,Water,Bareland,NULL,Non_Wetland,Wetland,Wetland,NULL
1007,Forest,Water,Bareland,NULL,Non_Wetland,Wetland,Bareland,NULL
1008,Forest,Water,Bareland,NULL,Non_Wetland,Wetland,Water,NULL
1009,Forest,Water,Bareland,NULL,Non_Wetland,Wetland,Forest,NULL
1010,Forest,Water,Bareland,NULL,Non_Wetland,Bareland,Wetland,NULL
1011,Forest,Water,Bareland,NULL,Non_Wetland,Water,Wetland,NULL
1012,Forest,Water,Bareland,NULL,Non_Wetland,Water,Water,NULL
1013,Forest,Water,Bareland,NULL,Non_Wetland,Water,Forest,NULL
1014,Forest,Water,Bareland,NULL,Non_Wetland,Forest,Wetland,NULL
1015,Forest,Water,Bareland,NULL,Non_Wetland,Forest,Water,NULL
1016,Forest,Water,Built-up,NULL,Non_Wetland,NULL,Wetland,NULL
1017,Forest,Water,Built-up,NULL,Non_Wetland,NULL,Water,NULL
1018,Forest,Water,Built-up,NULL,Non_Wetland,Wetland,Wetland,NULL
1019,Forest,Water,Built-up,NULL,Non_Wetland,Wetland,Water,NULL
1020,Forest,Water,Built-up,NULL,Non_Wetland,Water,Wetland,NULL
1021,Forest,Water,Built-up,NULL,Non_Wetland,Water,Water,NULL
1022,Forest,Water,Built-up,NULL,Non_Wetland,Forest,Wetland,NULL
1023,Forest,Water,Water,NULL,Water,NULL,Wetland,NULL
1024,Forest,Water,Water,NULL,Water,NULL,Water,NULL
1025,Forest,Water,Water,NULL,Water,Wetland,Wetland,NULL
1026,Forest,Water,Water,NULL,Water,Wetland,Water,NULL
1027,Forest,Water,Water,NULL,Water,Bareland,Water,NULL
1028,Forest,Water,Water,NULL,Water,Water,Wetland,NULL
1029,Forest,Water,Water,NULL,Water,Water,Water,NULL
1030,Forest,Water,Water,NULL,Water,Water,Forest,NULL
1031,Forest,Water,Water,NULL,Water,Forest,Wetland,NULL
1032,Forest,Water,Water,NULL,Water,Forest,Water,NULL
1033,Forest,Water,Forest,NULL,Non_Wetland,NULL,Grassland,NULL
1034,Forest,Water,Forest,NULL,Non_Wetland,NULL,Wetland,NULL
1035,Forest,Water,Forest,NULL,Non_Wetland,NULL,Water,NULL
1036,Forest,Water,Forest,NULL,Non_Wetland,Grassland,Wetland,NULL
1037,Forest,Water,Forest,NULL,Non_Wetland,Grassland,Water,NULL
1038,Forest,Water,Forest,NULL,Non_Wetland,Wetland,Wetland,NULL
1039,Forest,Water,Forest,NULL,Non_Wetland,Wetland,Bareland,NULL
1040,Forest,Water,Forest,NULL,Non_Wetland,Wetland,Water,NULL
1041,Forest,Water,Forest,NULL,Non_Wetland,Wetland,Forest,NULL
1042,Forest,Water,Forest,NULL,Non_Wetland,Water,Wetland,NULL
1043,Forest,Water,Forest,NULL,Non_Wetland,Water,Water,NULL
1044,Forest,Water,Forest,NULL,Non_Wetland,Water,Forest,NULL
1045,Forest,Water,Forest,NULL,Non_Wetland,Forest,Wetland,NULL
1046,Forest,Water,Forest,NULL,Non_Wetland,Forest,Water,NULL
1047,Forest,Water,Forest,NULL,Non_Wetland,Forest,Forest,NULL
1048,Forest,Forest,NULL,NULL,Non_Wetland,NULL,Grassland,NULL
1049,Forest,Forest,NULL,NULL,Non_Wetland,NULL,Wetland,NULL
1050,Forest,Forest,NULL,NULL,Non_Wetland,NULL,Bareland,NULL
1051,Forest,Forest,NULL,NULL,Non_Wetland,NULL,Water,NULL
1052,Forest,Forest,NULL,NULL,Non_Wetland,NULL,Forest,NULL
1053,Forest,Forest,NULL,NULL,Non_Wetland,Grassland,Grassland,NULL
1054,Forest,Forest,NULL,NULL,Non_Wetland,Grassland,Wetland,NULL
1055,Forest,Forest,NULL,NULL,Non_Wetland,Grassland,Bareland,NULL
1056,Forest,Forest,NULL,NULL,Non_Wetland,Grassland,Water,NULL
1057,Forest,Forest,NULL,NULL,Non_Wetland,Grassland,Forest,NULL
1058,Forest,Forest,NULL,NULL,Non_Wetland,Wetland,NULL,NULL
1059,Forest,Forest,NULL,NULL,Non_Wetland,Wetland,Grassland,NULL
1060,Forest,Forest,NULL,NULL,Non_Wetland,Wetland,Wetland,NULL
1061,Forest,Forest,NULL,NULL,Non_Wetland,Wetland,Bareland,NULL
1062,Forest,Forest,NULL,NULL,Non_Wetland,Wetland,Water,NULL
1063,Forest,Forest,NULL,NULL,Non_Wetland,Wetland,Forest,NULL
1064,Forest,Forest,NULL,NULL,Non_Wetland,Bareland,Grassland,NULL
1065,Forest,Forest,NULL,NULL,Non_Wetland,Bareland,Wetland,NULL
1066,Forest,Forest,NULL,NULL,Non_Wetland,Bareland,Bareland,NULL
1067,Forest,Forest,NULL,NULL,Non_Wetland,Bareland,Water,NULL
1068,Forest,Forest,NULL,NULL,Non_Wetland,Bareland,Forest,NULL
1069,Forest,Forest,NULL,NULL,Non_Wetland,Water,Wetland,NULL
1070,Forest,Forest,NULL,NULL,Non_Wetland,Water,Water,NULL
1071,Forest,Forest,NULL,NULL,Non_Wetland,Water,Forest,NULL
1072,Forest,Forest,NULL,NULL,Non_Wetland,Forest,NULL,NULL
1073,Forest,Forest,NULL,NULL,Non_Wetland,Forest,Grassland,NULL
1074,Forest,Forest,NULL,NULL,Non_Wetland,Forest,Wetland,NULL
1075,Forest,Forest,NULL,NULL,Non_Wetland,Forest,Water,NULL
1076,Forest,Forest,NULL,NULL,Non_Wetland,Forest,Forest,NULL
1077,Forest,Forest,Shrubland,NULL,Non_Wetland,NULL,Grassland,NULL
1078,Forest,Forest,Shrubland,NULL,Non_Wetland,NULL,Wetland,NULL
1079,Forest,Forest,Shrubland,NULL,Non_Wetland,NULL,Bareland,NULL
1080,Forest,Forest,Shrubland,NULL,Non_Wetland,NULL,Water,NULL
1081,Forest,Forest,Shrubland,NULL,Non_Wetland,NULL,Forest,NULL
1082,Forest,Forest,Shrubland,NULL,Non_Wetland,Grassland,Grassland,NULL
1083,Forest,Forest,Shrubland,NULL,Non_Wetland,Grassland,Wetland,NULL
1084,Forest,Forest,Shrubland,NULL,Non_Wetland,Grassland,Bareland,NULL
1085,Forest,Forest,Shrubland,NULL,Non_Wetland,Grassland,Water,NULL
1086,Forest,Forest,Shrubland,NULL,Non_Wetland,Grassland,Forest,NULL
1087,Forest,Forest,Shrubland,NULL,Non_Wetland,Wetland,Grassland,NULL
1088,Forest,Forest,Shrubland,NULL,Non_Wetland,Wetland,Wetland,NULL
1089,Forest,Forest,Shrubland,NULL,Non_Wetland,Wetland,Bareland,NULL
1090,Forest,Forest,Shrubland,NULL,Non_Wetland,Wetland,Water,NULL
1091,Forest,Forest,Shrubland,NULL,Non_Wetland,Wetland,Forest,NULL
1092,Forest,Forest,Shrubland,NULL,Non_Wetland,Bareland,Grassland,NULL
1093,Forest,Forest,Shrubland,NULL,Non_Wetland,Bareland,Wetland,NULL
1094,Forest,Forest,Shrubland,NULL,Non_Wetland,Bareland,Bareland,NULL
1095,Forest,Forest,Shrubland,NULL,Non_Wetland,Bareland,Forest,NULL
1096,Forest,Forest,Shrubland,NULL,Non_Wetland,Water,Wetland,NULL
1097,Forest,Forest,Shrubland,NULL,Non_Wetland,Forest,Wetland,NULL
1098,Forest,Forest,Shrubland,NULL,Non_Wetland,Forest,Forest,NULL
1099,Forest,Forest,Grassland,NULL,Non_Wetland,NULL,Grassland,NULL
1100,Forest,Forest,Grassland,NULL,Non_Wetland,NULL,Wetland,NULL
1101,Forest,Forest,Grassland,NULL,Non_Wetland,NULL,Water,NULL
1102,Forest,Forest,Grassland,NULL,Non_Wetland,NULL,Forest,NULL
1103,Forest,Forest,Grassland,NULL,Non_Wetland,Grassland,Wetland,NULL
1104,Forest,Forest,Grassland,NULL,Non_Wetland,Grassland,Water,NULL
1105,Forest,Forest,Grassland,NULL,Non_Wetland,Wetland,Wetland,NULL
1106,Forest,Forest,Grassland,NULL,Non_Wetland,Wetland,Water,NULL
1107,Forest,Forest,Grassland,NULL,Non_Wetland,Wetland,Forest,NULL
1108,Forest,Forest,Grassland,NULL,Non_Wetland,Water,Wetland,NULL
1109,Forest,Forest,Grassland,NULL,Non_Wetland,Water,Water,NULL
1110,Forest,Forest,Grassland,NULL,Non_Wetland,Forest,Grassland,NULL
1111,Forest,Forest,Grassland,NULL,Non_Wetland,Forest,Wetland,NULL
1112,Forest,Forest,Grassland,NULL,Non_Wetland,Forest,Water,NULL
1113,Forest,Forest,Grassland,NULL,Non_Wetland,Forest,Forest,NULL
1114,Forest,Forest,Cropland,NULL,Non_Wetland,NULL,Wetland,NULL
1115,Forest,Forest,Cropland,NULL,Non_Wetland,Grassland,Wetland,NULL
1116,Forest,Forest,Cropland,NULL,Non_Wetland,Wetland,Wetland,NULL
1117,Forest,Forest,Cropland,NULL,Non_Wetland,Bareland,Wetland,NULL
1118,Forest,Forest,Cropland,NULL,Non_Wetland,Forest,Wetland,NULL
1119,Forest,Forest,Cropland,NULL,Non_Wetland,Forest,Forest,NULL
1120,Forest,Forest,Wetland,NULL,Wetland,NULL,Grassland,NULL
1121,Forest,Forest,Wetland,NULL,Wetland,NULL,Wetland,NULL
1122,Forest,Forest,Wetland,NULL,Wetland,NULL,Bareland,NULL
1123,Forest,Forest,Wetland,NULL,Wetland,NULL,Water,NULL
1124,Forest,Forest,Wetland,NULL,Wetland,NULL,Forest,NULL
1125,Forest,Forest,Wetland,NULL,Wetland,Grassland,Grassland,NULL
1126,Forest,Forest,Wetland,NULL,Wetland,Grassland,Wetland,NULL
1127,Forest,Forest,Wetland,NULL,Wetland,Grassland,Bareland,NULL
1128,Forest,Forest,Wetland,NULL,Wetland,Grassland,Water,NULL
1129,Forest,Forest,Wetland,NULL,Wetland,Grassland,Forest,NULL
1130,Forest,Forest,Wetland,NULL,Wetland,Wetland,NULL,NULL
1131,Forest,Forest,Wetland,NULL,Wetland,Wetland,Grassland,NULL
1132,Forest,Forest,Wetland,NULL,Wetland,Wetland,Wetland,NULL
1133,Forest,Forest,Wetland,NULL,Wetland,Wetland,Bareland,NULL
1134,Forest,Forest,Wetland,NULL,Wetland,Wetland,Water,NULL
1135,Forest,Forest,Wetland,NULL,Wetland,Wetland,Forest,NULL
1136,Forest,Forest,Wetland,NULL,Wetland,Bareland,Wetland,NULL
1137,Forest,Forest,Wetland,NULL,Wetland,Bareland,Bareland,NULL
1138,Forest,Forest,Wetland,NULL,Wetland,Bareland,Water,NULL
1139,Forest,Forest,Wetland,NULL,Wetland,Water,Wetland,NULL
1140,Forest,Forest,Wetland,NULL,Wetland,Water,Water,NULL
1141,Forest,Forest,Wetland,NULL,Wetland,Water,Forest,NULL
1142,Forest,Forest,Wetland,NULL,Wetland,Forest,Grassland,NULL
1143,Forest,Forest,Wetland,NULL,Wetland,Forest,Wetland,NULL
1144,Forest,Forest,Wetland,NULL,Wetland,Forest,Water,NULL
1145,Forest,Forest,Wetland,NULL,Wetland,Forest,Forest,NULL
1146,Forest,Forest,Lichens_and_Mosses,NULL,Non_Wetland,NULL,Wetland,NULL
1147,Forest,Forest,Lichens_and_Mosses,NULL,Non_Wetland,Wetland,Wetland,NULL
1148,Forest,Forest,Bareland,NULL,Non_Wetland,NULL,NULL,NULL
1149,Forest,Forest,Bareland,NULL,Non_Wetland,NULL,Grassland,NULL
1150,Forest,Forest,Bareland,NULL,Non_Wetland,NULL,Wetland,NULL
1151,Forest,Forest,Bareland,NULL,Non_Wetland,NULL,Water,NULL
1152,Forest,Forest,Bareland,NULL,Non_Wetland,NULL,Forest,NULL
1153,Forest,Forest,Bareland,NULL,Non_Wetland,Grassland,Grassland,NULL
1154,Forest,Forest,Bareland,NULL,Non_Wetland,Grassland,Wetland,NULL
1155,Forest,Forest,Bareland,NULL,Non_Wetland,Grassland,Water,NULL
1156,Forest,Forest,Bareland,NULL,Non_Wetland,Grassland,Forest,NULL
1157,Forest,Forest,Bareland,NULL,Non_Wetland,Wetland,Grassland,NULL
1158,Forest,Forest,Bareland,NULL,Non_Wetland,Wetland,Wetland,NULL
1159,Forest,Forest,Bareland,NULL,Non_Wetland,Wetland,Water,NULL
1160,Forest,Forest,Bareland,NULL,Non_Wetland,Wetland,Forest,NULL
1161,Forest,Forest,Bareland,NULL,Non_Wetland,Bareland,Forest,NULL
1162,Forest,Forest,Bareland,NULL,Non_Wetland,Water,Wetland,NULL
1163,Forest,Forest,Bareland,NULL,Non_Wetland,Water,Water,NULL
1164,Forest,Forest,Bareland,NULL,Non_Wetland,Forest,Grassland,NULL
1165,Forest,Forest,Bareland,NULL,Non_Wetland,Forest,Wetland,NULL
1166,Forest,Forest,Bareland,NULL,Non_Wetland,Forest,Water,NULL
1167,Forest,Forest,Bareland,NULL,Non_Wetland,Forest,Forest,NULL
1168,Forest,Forest,Built-up,NULL,Non_Wetland,NULL,Wetland,NULL
1169,Forest,Forest,Built-up,NULL,Non_Wetland,NULL,Water,NULL
1170,Forest,Forest,Built-up,NULL,Non_Wetland,NULL,Forest,NULL
1171,Forest,Forest,Built-up,NULL,Non_Wetland,Grassland,Grassland,NULL
1172,Forest,Forest,Built-up,NULL,Non_Wetland,Grassland,Wetland,NULL
1173,Forest,Forest,Built-up,NULL,Non_Wetland,Grassland,Bareland,NULL
1174,Forest,Forest,Built-up,NULL,Non_Wetland,Grassland,Water,NULL
1175,Forest,Forest,Built-up,NULL,Non_Wetland,Wetland,Wetland,NULL
1176,Forest,Forest,Built-up,NULL,Non_Wetland,Wetland,Water,NULL
1177,Forest,Forest,Built-up,NULL,Non_Wetland,Wetland,Forest,NULL
1178,Forest,Forest,Built-up,NULL,Non_Wetland,Bareland,Grassland,NULL
1179,Forest,Forest,Built-up,NULL,Non_Wetland,Bareland,Wetland,NULL
1180,Forest,Forest,Built-up,NULL,Non_Wetland,Bareland,Bareland,NULL
1181,Forest,Forest,Built-up,NULL,Non_Wetland,Water,Wetland,NULL
1182,Forest,Forest,Built-up,NULL,Non_Wetland,Forest,Wetland,NULL
1183,Forest,Forest,Built-up,NULL,Non_Wetland,Forest,Water,NULL
1184,Forest,Forest,Built-up,NULL,Non_Wetland,Forest,Forest,NULL
1185,Forest,Forest,Water,NULL,Water,NULL,Wetland,NULL
1186,Forest,Forest,Water,NULL,Water,NULL,Water,NULL
1187,Forest,Forest,Water,NULL,Water,Grassland,Wetland,NULL
1188,Forest,Forest,Water,NULL,Water,Wetland,Wetland,NULL
1189,Forest,Forest,Water,NULL,Water,Wetland,Water,NULL
1190,Forest,Forest,Water,NULL,Water,Bareland,Water,NULL
1191,Forest,Forest,Water,NULL,Water,Water,Wetland,NULL
1192,Forest,Forest,Water,NULL,Water,Water,Water,NULL
1193,Forest,Forest,Water,NULL,Water,Forest,Wetland,NULL
1194,Forest,Forest,Water,NULL,Water,Forest,Water,NULL
1195,Forest,Forest,Forest,NULL,Non_Wetland,NULL,NULL,NULL
1196,Forest,Forest,Forest,NULL,Non_Wetland,NULL,Grassland,NULL
1197,Forest,Forest,Forest,NULL,Non_Wetland,NULL,Wetland,NULL
1198,Forest,Forest,Forest,NULL,Non_Wetland,NULL,Bareland,NULL
1199,Forest,Forest,Forest,NULL,Non_Wetland,NULL,Water,NULL
1200,Forest,Forest,Forest,NULL,Non_Wetland,NULL,Forest,NULL
1201,Forest,Forest,Forest,NULL,Non_Wetland,Grassland,NULL,NULL
1202,Forest,Forest,Forest,NULL,Non_Wetland,Grassland,Grassland,NULL
1203,Forest,Forest,Forest,NULL,Non_Wetland,Grassland,Wetland,NULL
1204,Forest,Forest,Forest,NULL,Non_Wetland,Grassland,Bareland,NULL
1205,Forest,Forest,Forest,NULL,Non_Wetland,Grassland,Water,NULL
1206,Forest,Forest,Forest,NULL,Non_Wetland,Grassland,Forest,NULL
1207,Forest,Forest,Forest,NULL,Non_Wetland,Wetland,NULL,NULL
1208,Forest,Forest,Forest,NULL,Non_Wetland,Wetland,Grassland,NULL
1209,Forest,Forest,Forest,NULL,Non_Wetland,Wetland,Wetland,NULL
1210,Forest,Forest,Forest,NULL,Non_Wetland,Wetland,Bareland,NULL
1211,Forest,Forest,Forest,NULL,Non_Wetland,Wetland,Built-up,NULL
1212,Forest,Forest,Forest,NULL,Non_Wetland,Wetland,Water,NULL
1213,Forest,Forest,Forest,NULL,Non_Wetland,Wetland,Forest,NULL
1214,Forest,Forest,Forest,NULL,Non_Wetland,Bareland,Grassland,NULL
1215,Forest,Forest,Forest,NULL,Non_Wetland,Bareland,Wetland,NULL
1216,Forest,Forest,Forest,NULL,Non_Wetland,Bareland,Bareland,NULL
1217,Forest,Forest,Forest,NULL,Non_Wetland,Bareland,Water,NULL
1218,Forest,Forest,Forest,NULL,Non_Wetland,Bareland,Forest,NULL
1219,Forest,Forest,Forest,NULL,Non_Wetland,Water,Wetland,NULL
1220,Forest,Forest,Forest,NULL,Non_Wetland,Water,Water,NULL
1221,Forest,Forest,Forest,NULL,Non_Wetland,Forest,NULL,NULL
1222,Forest,Forest,Forest,NULL,Non_Wetland,Forest,Grassland,NULL
1223,Forest,Forest,Forest,NULL,Non_Wetland,Forest,Wetland,NULL
1224,Forest,Forest,Forest,NULL,Non_Wetland,Forest,Water,NULL
1225,Forest,Forest,Forest,NULL,Non_Wetland,Forest,Forest,NULL
